
 /----------------------------------------------------------------------------\
 |  yosys -- Yosys Open SYnthesis Suite                                       |
 |  Copyright (C) 2012 - 2025  Claire Xenia Wolf <claire@yosyshq.com>         |
 |  Distributed under an ISC-like license, type "license" to see terms        |
 \----------------------------------------------------------------------------/
 Yosys 0.60+59 (git sha1 31f355c59, clang++ 18.1.8 -fPIC -O3)

-- Executing script file `-' --
[TCL: yosys -import] Command name collision: found pre-existing command `cd' -> skip.
[TCL: yosys -import] Command name collision: found pre-existing command `eval' -> skip.
[TCL: yosys -import] Command name collision: found pre-existing command `exec' -> skip.
[TCL: yosys -import] Command name collision: found pre-existing command `read' -> skip.
[TCL: yosys -import] Command name collision: found pre-existing command `trace' -> skip.

1. Executing Verilog-2005 frontend: /home/d5/course/ysyx-prestudy/e_phase/sCpu/vsrc/pc.v
Parsing SystemVerilog input from `/home/d5/course/ysyx-prestudy/e_phase/sCpu/vsrc/pc.v' to AST representation.
verilog frontend filename /home/d5/course/ysyx-prestudy/e_phase/sCpu/vsrc/pc.v
Generating RTLIL representation for module `\pc'.
Successfully finished Verilog frontend.

2. Executing Verilog-2005 frontend: /home/d5/course/ysyx-prestudy/e_phase/sCpu/vsrc/top.v
Parsing SystemVerilog input from `/home/d5/course/ysyx-prestudy/e_phase/sCpu/vsrc/top.v' to AST representation.
verilog frontend filename /home/d5/course/ysyx-prestudy/e_phase/sCpu/vsrc/top.v
Generating RTLIL representation for module `\top'.
Successfully finished Verilog frontend.

3. Executing Verilog-2005 frontend: /home/d5/course/ysyx-prestudy/e_phase/sCpu/vsrc/byte2bcd.v
Parsing SystemVerilog input from `/home/d5/course/ysyx-prestudy/e_phase/sCpu/vsrc/byte2bcd.v' to AST representation.
verilog frontend filename /home/d5/course/ysyx-prestudy/e_phase/sCpu/vsrc/byte2bcd.v
Generating RTLIL representation for module `\byte2bcd'.
Successfully finished Verilog frontend.

4. Executing Verilog-2005 frontend: /home/d5/course/ysyx-prestudy/e_phase/sCpu/vsrc/bcd7seg.v
Parsing SystemVerilog input from `/home/d5/course/ysyx-prestudy/e_phase/sCpu/vsrc/bcd7seg.v' to AST representation.
verilog frontend filename /home/d5/course/ysyx-prestudy/e_phase/sCpu/vsrc/bcd7seg.v
Generating RTLIL representation for module `\bcd7seg'.
Successfully finished Verilog frontend.

5. Executing Verilog-2005 frontend: /home/d5/course/ysyx-prestudy/e_phase/sCpu/vsrc/rom.v
Parsing SystemVerilog input from `/home/d5/course/ysyx-prestudy/e_phase/sCpu/vsrc/rom.v' to AST representation.
verilog frontend filename /home/d5/course/ysyx-prestudy/e_phase/sCpu/vsrc/rom.v
Generating RTLIL representation for module `\rom'.
Successfully finished Verilog frontend.

6. Executing Verilog-2005 frontend: /home/d5/course/ysyx-prestudy/e_phase/sCpu/vsrc/gpr.v
Parsing SystemVerilog input from `/home/d5/course/ysyx-prestudy/e_phase/sCpu/vsrc/gpr.v' to AST representation.
verilog frontend filename /home/d5/course/ysyx-prestudy/e_phase/sCpu/vsrc/gpr.v
Generating RTLIL representation for module `\gpr'.
Successfully finished Verilog frontend.

7. Executing SYNTH pass.

7.1. Executing HIERARCHY pass (managing design hierarchy).

7.1.1. Analyzing design hierarchy..
Top module:  \top
Used module:     \bcd7seg
Used module:     \byte2bcd
Used module:     \gpr
Used module:     \rom
Used module:     \pc

7.1.2. Analyzing design hierarchy..
Top module:  \top
Used module:     \bcd7seg
Used module:     \byte2bcd
Used module:     \gpr
Used module:     \rom
Used module:     \pc
Removed 0 unused modules.
Module gpr directly or indirectly displays text -> setting "keep" attribute.
Module top directly or indirectly displays text -> setting "keep" attribute.
Mapping positional arguments of cell top.bcd7seg1 (bcd7seg).
Mapping positional arguments of cell top.bcd7seg0 (bcd7seg).
Mapping positional arguments of cell top.byte2bcd0 (byte2bcd).
Mapping positional arguments of cell top.grp0 (gpr).
Mapping positional arguments of cell top.rom0 (rom).
Mapping positional arguments of cell top.pc0 (pc).

7.2. Executing PROC pass (convert processes to netlists).

7.2.1. Executing PROC_CLEAN pass (remove empty switches from decision trees).
Removing empty process `rom.$proc$/home/d5/course/ysyx-prestudy/e_phase/sCpu/vsrc/rom.v:7$19'.
Cleaned up 0 empty switches.

7.2.2. Executing PROC_RMDEAD pass (remove dead branches from decision trees).
Marked 2 switch rules as full_case in process $proc$/home/d5/course/ysyx-prestudy/e_phase/sCpu/vsrc/gpr.v:18$25 in module gpr.
Removed 1 dead cases from process $proc$/home/d5/course/ysyx-prestudy/e_phase/sCpu/vsrc/bcd7seg.v:6$16 in module bcd7seg.
Marked 1 switch rules as full_case in process $proc$/home/d5/course/ysyx-prestudy/e_phase/sCpu/vsrc/bcd7seg.v:6$16 in module bcd7seg.
Marked 1 switch rules as full_case in process $proc$/home/d5/course/ysyx-prestudy/e_phase/sCpu/vsrc/pc.v:14$3 in module pc.
Removed a total of 1 dead cases.

7.2.3. Executing PROC_PRUNE pass (remove redundant assignments in processes).
Removed 5 redundant assignments.
Promoted 12 assignments to connections.

7.2.4. Executing PROC_INIT pass (extract init attributes).

7.2.5. Executing PROC_ARST pass (detect async resets in processes).

7.2.6. Executing PROC_ROM pass (convert switches to ROMs).
rejecting switch: rhs not const
rejecting switch: has nested switches
rejecting switch: rhs not const
rejecting switch: rhs not const
Converted 1 switch.

7.2.7. Executing PROC_MUX pass (convert decision trees to multiplexers).
Creating decoders for process `\gpr.$proc$/home/d5/course/ysyx-prestudy/e_phase/sCpu/vsrc/gpr.v:18$25'.
     1/10: $2$memwr$\gprs$/home/d5/course/ysyx-prestudy/e_phase/sCpu/vsrc/gpr.v:31$24_EN[7:0]$51
     2/10: $2$memwr$\gprs$/home/d5/course/ysyx-prestudy/e_phase/sCpu/vsrc/gpr.v:31$24_DATA[7:0]$50
     3/10: $2$memwr$\gprs$/home/d5/course/ysyx-prestudy/e_phase/sCpu/vsrc/gpr.v:31$24_ADDR[1:0]$49
     4/10: $1$memwr$\gprs$/home/d5/course/ysyx-prestudy/e_phase/sCpu/vsrc/gpr.v:27$23_EN[7:0]$45
     5/10: $1$memwr$\gprs$/home/d5/course/ysyx-prestudy/e_phase/sCpu/vsrc/gpr.v:26$22_EN[7:0]$44
     6/10: $1$memwr$\gprs$/home/d5/course/ysyx-prestudy/e_phase/sCpu/vsrc/gpr.v:25$21_EN[7:0]$43
     7/10: $1$memwr$\gprs$/home/d5/course/ysyx-prestudy/e_phase/sCpu/vsrc/gpr.v:24$20_EN[7:0]$42
     8/10: $1$memwr$\gprs$/home/d5/course/ysyx-prestudy/e_phase/sCpu/vsrc/gpr.v:31$24_EN[7:0]$48
     9/10: $1$memwr$\gprs$/home/d5/course/ysyx-prestudy/e_phase/sCpu/vsrc/gpr.v:31$24_DATA[7:0]$47
    10/10: $1$memwr$\gprs$/home/d5/course/ysyx-prestudy/e_phase/sCpu/vsrc/gpr.v:31$24_ADDR[1:0]$46
Creating decoders for process `\bcd7seg.$proc$/home/d5/course/ysyx-prestudy/e_phase/sCpu/vsrc/bcd7seg.v:6$16'.
     1/1: $1\h[6:0]
Creating decoders for process `\top.$proc$/home/d5/course/ysyx-prestudy/e_phase/sCpu/vsrc/top.v:55$15'.
     1/1: $0\out_data[7:0]
Creating decoders for process `\pc.$proc$/home/d5/course/ysyx-prestudy/e_phase/sCpu/vsrc/pc.v:14$3'.
     1/1: $0\pc_reg[3:0]

7.2.8. Executing PROC_DLATCH pass (convert process syncs to latches).
No latch inferred for signal `\bcd7seg.\h' from process `\bcd7seg.$proc$/home/d5/course/ysyx-prestudy/e_phase/sCpu/vsrc/bcd7seg.v:6$16'.

7.2.9. Executing PROC_DFF pass (convert process syncs to FFs).
Creating register for signal `\gpr.$memwr$\gprs$/home/d5/course/ysyx-prestudy/e_phase/sCpu/vsrc/gpr.v:24$20_EN' using process `\gpr.$proc$/home/d5/course/ysyx-prestudy/e_phase/sCpu/vsrc/gpr.v:18$25'.
  created $dff cell `$procdff$103' with positive edge clock.
Creating register for signal `\gpr.$memwr$\gprs$/home/d5/course/ysyx-prestudy/e_phase/sCpu/vsrc/gpr.v:25$21_EN' using process `\gpr.$proc$/home/d5/course/ysyx-prestudy/e_phase/sCpu/vsrc/gpr.v:18$25'.
  created $dff cell `$procdff$104' with positive edge clock.
Creating register for signal `\gpr.$memwr$\gprs$/home/d5/course/ysyx-prestudy/e_phase/sCpu/vsrc/gpr.v:26$22_EN' using process `\gpr.$proc$/home/d5/course/ysyx-prestudy/e_phase/sCpu/vsrc/gpr.v:18$25'.
  created $dff cell `$procdff$105' with positive edge clock.
Creating register for signal `\gpr.$memwr$\gprs$/home/d5/course/ysyx-prestudy/e_phase/sCpu/vsrc/gpr.v:27$23_EN' using process `\gpr.$proc$/home/d5/course/ysyx-prestudy/e_phase/sCpu/vsrc/gpr.v:18$25'.
  created $dff cell `$procdff$106' with positive edge clock.
Creating register for signal `\gpr.$memwr$\gprs$/home/d5/course/ysyx-prestudy/e_phase/sCpu/vsrc/gpr.v:31$24_ADDR' using process `\gpr.$proc$/home/d5/course/ysyx-prestudy/e_phase/sCpu/vsrc/gpr.v:18$25'.
  created $dff cell `$procdff$107' with positive edge clock.
Creating register for signal `\gpr.$memwr$\gprs$/home/d5/course/ysyx-prestudy/e_phase/sCpu/vsrc/gpr.v:31$24_DATA' using process `\gpr.$proc$/home/d5/course/ysyx-prestudy/e_phase/sCpu/vsrc/gpr.v:18$25'.
  created $dff cell `$procdff$108' with positive edge clock.
Creating register for signal `\gpr.$memwr$\gprs$/home/d5/course/ysyx-prestudy/e_phase/sCpu/vsrc/gpr.v:31$24_EN' using process `\gpr.$proc$/home/d5/course/ysyx-prestudy/e_phase/sCpu/vsrc/gpr.v:18$25'.
  created $dff cell `$procdff$109' with positive edge clock.
Creating register for signal `\top.\out_data' using process `\top.$proc$/home/d5/course/ysyx-prestudy/e_phase/sCpu/vsrc/top.v:55$15'.
  created $dff cell `$procdff$110' with positive edge clock.
Creating register for signal `\pc.\pc_reg' using process `\pc.$proc$/home/d5/course/ysyx-prestudy/e_phase/sCpu/vsrc/pc.v:14$3'.
  created $dff cell `$procdff$111' with positive edge clock.

7.2.10. Executing PROC_MEMWR pass (convert process memory writes to cells).

7.2.11. Executing PROC_CLEAN pass (remove empty switches from decision trees).
Found and cleaned up 2 empty switches in `\gpr.$proc$/home/d5/course/ysyx-prestudy/e_phase/sCpu/vsrc/gpr.v:18$25'.
Removing empty process `gpr.$proc$/home/d5/course/ysyx-prestudy/e_phase/sCpu/vsrc/gpr.v:18$25'.
Found and cleaned up 1 empty switch in `\bcd7seg.$proc$/home/d5/course/ysyx-prestudy/e_phase/sCpu/vsrc/bcd7seg.v:6$16'.
Removing empty process `bcd7seg.$proc$/home/d5/course/ysyx-prestudy/e_phase/sCpu/vsrc/bcd7seg.v:6$16'.
Found and cleaned up 1 empty switch in `\top.$proc$/home/d5/course/ysyx-prestudy/e_phase/sCpu/vsrc/top.v:55$15'.
Removing empty process `top.$proc$/home/d5/course/ysyx-prestudy/e_phase/sCpu/vsrc/top.v:55$15'.
Found and cleaned up 1 empty switch in `\pc.$proc$/home/d5/course/ysyx-prestudy/e_phase/sCpu/vsrc/pc.v:14$3'.
Removing empty process `pc.$proc$/home/d5/course/ysyx-prestudy/e_phase/sCpu/vsrc/pc.v:14$3'.
Cleaned up 5 empty switches.

7.2.12. Executing OPT_EXPR pass (perform const folding).
Optimizing module gpr.
Optimizing away select inverter for $mux cell `$procmux$62' in module `gpr'.
Optimizing away select inverter for $mux cell `$procmux$68' in module `gpr'.
Optimizing away select inverter for $mux cell `$procmux$74' in module `gpr'.
Optimizing away select inverter for $mux cell `$procmux$77' in module `gpr'.
Optimizing away select inverter for $mux cell `$procmux$80' in module `gpr'.
Optimizing away select inverter for $mux cell `$procmux$83' in module `gpr'.
Optimizing away select inverter for $mux cell `$procmux$86' in module `gpr'.
Optimizing away select inverter for $mux cell `$procmux$89' in module `gpr'.
Optimizing away select inverter for $mux cell `$procmux$92' in module `gpr'.
Optimizing away select inverter for $mux cell `$procmux$95' in module `gpr'.
Optimizing module rom.
Optimizing module bcd7seg.
Optimizing module byte2bcd.
Optimizing module top.
Replacing $eq cell `$eq$/home/d5/course/ysyx-prestudy/e_phase/sCpu/vsrc/top.v:32$6' in module `top' with $logic_not.
Optimizing module pc.
Optimizing away select inverter for $mux cell `$procmux$101' in module `pc'.

7.3. Executing FLATTEN pass (flatten design).
Flattening top.pc0 (pc).
Flattening top.rom0 (rom).
Flattening top.grp0 (gpr).
Flattening top.byte2bcd0 (byte2bcd).
Flattening top.bcd7seg0 (bcd7seg).
Flattening top.bcd7seg1 (bcd7seg).
Deleting now unused module gpr.
Deleting now unused module rom.
Deleting now unused module bcd7seg.
Deleting now unused module byte2bcd.
Deleting now unused module pc.

7.4. Executing OPT_EXPR pass (perform const folding).
Optimizing module top.

7.5. Executing OPT_CLEAN pass (remove unused cells and wires).
Finding unused cells or wires in module \top..
  removing unused `$not' cell `$flatten\pc0.$not$/home/d5/course/ysyx-prestudy/e_phase/sCpu/vsrc/pc.v:15$4'.
  removing unused `$dff' cell `$flatten\grp0.$procdff$109'.
  removing unused `$dff' cell `$flatten\grp0.$procdff$108'.
  removing unused `$dff' cell `$flatten\grp0.$procdff$107'.
  removing unused `$dff' cell `$flatten\grp0.$procdff$106'.
  removing unused `$dff' cell `$flatten\grp0.$procdff$105'.
  removing unused `$dff' cell `$flatten\grp0.$procdff$104'.
  removing unused `$dff' cell `$flatten\grp0.$procdff$103'.
  removing unused `$not' cell `$flatten\grp0.$not$/home/d5/course/ysyx-prestudy/e_phase/sCpu/vsrc/gpr.v:23$41'.
  removing unused non-port wire $eq$/home/d5/course/ysyx-prestudy/e_phase/sCpu/vsrc/top.v:31$5_Y.
  removing unused non-port wire $eq$/home/d5/course/ysyx-prestudy/e_phase/sCpu/vsrc/top.v:32$6_Y.
  removing unused non-port wire $eq$/home/d5/course/ysyx-prestudy/e_phase/sCpu/vsrc/top.v:33$7_Y.
  removing unused non-port wire $eq$/home/d5/course/ysyx-prestudy/e_phase/sCpu/vsrc/top.v:34$8_Y.
  removing unused non-port wire $ternary$/home/d5/course/ysyx-prestudy/e_phase/sCpu/vsrc/top.v:37$9_Y.
  removing unused non-port wire $logic_or$/home/d5/course/ysyx-prestudy/e_phase/sCpu/vsrc/top.v:40$10_Y.
  removing unused non-port wire $ternary$/home/d5/course/ysyx-prestudy/e_phase/sCpu/vsrc/top.v:42$12_Y.
  removing unused non-port wire $logic_and$/home/d5/course/ysyx-prestudy/e_phase/sCpu/vsrc/top.v:44$14_Y.
  removing unused non-port wire $procmux$99_CMP.
  removing unused non-port wire $procmux$98_Y.
  removing unused non-port wire $flatten\pc0.$procmux$101_Y.
  removing unused non-port wire $flatten\pc0.$procmux$102_CMP.
  removing unused non-port wire $flatten\pc0.$not$/home/d5/course/ysyx-prestudy/e_phase/sCpu/vsrc/pc.v:15$4_Y.
  removing unused non-port wire $flatten\pc0.$ternary$/home/d5/course/ysyx-prestudy/e_phase/sCpu/vsrc/pc.v:13$2_Y.
  removing unused non-port wire $flatten\rom0.$memrd$\rom$/home/d5/course/ysyx-prestudy/e_phase/sCpu/vsrc/rom.v:11$17_DATA.
  removing unused non-port wire $flatten\grp0.$procmux$95_Y.
  removing unused non-port wire $flatten\grp0.$procmux$96_CMP.
  removing unused non-port wire $flatten\grp0.$procmux$92_Y.
  removing unused non-port wire $flatten\grp0.$procmux$93_CMP.
  removing unused non-port wire $flatten\grp0.$procmux$89_Y.
  removing unused non-port wire $flatten\grp0.$procmux$90_CMP.
  removing unused non-port wire $flatten\grp0.$procmux$86_Y.
  removing unused non-port wire $flatten\grp0.$procmux$87_CMP.
  removing unused non-port wire $flatten\grp0.$procmux$83_Y.
  removing unused non-port wire $flatten\grp0.$procmux$84_CMP.
  removing unused non-port wire $flatten\grp0.$procmux$80_Y.
  removing unused non-port wire $flatten\grp0.$procmux$81_CMP.
  removing unused non-port wire $flatten\grp0.$procmux$77_Y.
  removing unused non-port wire $flatten\grp0.$procmux$78_CMP.
  removing unused non-port wire $flatten\grp0.$procmux$74_Y.
  removing unused non-port wire $flatten\grp0.$procmux$75_CMP.
  removing unused non-port wire $flatten\grp0.$procmux$72_CMP.
  removing unused non-port wire $flatten\grp0.$procmux$68_Y.
  removing unused non-port wire $flatten\grp0.$procmux$69_CMP.
  removing unused non-port wire $flatten\grp0.$procmux$66_CMP.
  removing unused non-port wire $flatten\grp0.$procmux$62_Y.
  removing unused non-port wire $flatten\grp0.$procmux$63_CMP.
  removing unused non-port wire $flatten\grp0.$procmux$60_CMP.
  removing unused non-port wire $flatten\grp0.$memrd$\gprs$/home/d5/course/ysyx-prestudy/e_phase/sCpu/vsrc/gpr.v:38$53_DATA.
  removing unused non-port wire $flatten\grp0.$memrd$\gprs$/home/d5/course/ysyx-prestudy/e_phase/sCpu/vsrc/gpr.v:37$52_DATA.
  removing unused non-port wire $flatten\grp0.$1$memwr$\gprs$/home/d5/course/ysyx-prestudy/e_phase/sCpu/vsrc/gpr.v:31$24_EN[7:0]$48.
  removing unused non-port wire $flatten\grp0.$1$memwr$\gprs$/home/d5/course/ysyx-prestudy/e_phase/sCpu/vsrc/gpr.v:31$24_DATA[7:0]$47.
  removing unused non-port wire $flatten\grp0.$1$memwr$\gprs$/home/d5/course/ysyx-prestudy/e_phase/sCpu/vsrc/gpr.v:31$24_ADDR[1:0]$46.
  removing unused non-port wire $flatten\grp0.$1$memwr$\gprs$/home/d5/course/ysyx-prestudy/e_phase/sCpu/vsrc/gpr.v:27$23_EN[7:0]$45.
  removing unused non-port wire $flatten\grp0.$1$memwr$\gprs$/home/d5/course/ysyx-prestudy/e_phase/sCpu/vsrc/gpr.v:26$22_EN[7:0]$44.
  removing unused non-port wire $flatten\grp0.$1$memwr$\gprs$/home/d5/course/ysyx-prestudy/e_phase/sCpu/vsrc/gpr.v:25$21_EN[7:0]$43.
  removing unused non-port wire $flatten\grp0.$1$memwr$\gprs$/home/d5/course/ysyx-prestudy/e_phase/sCpu/vsrc/gpr.v:24$20_EN[7:0]$42.
  removing unused non-port wire $flatten\grp0.$not$/home/d5/course/ysyx-prestudy/e_phase/sCpu/vsrc/gpr.v:23$41_Y.
  removing unused non-port wire $flatten\grp0.$display$0x5555941c2120:22$39_EN.
  removing unused non-port wire $flatten\grp0.$display$0x5555941c2120:21$37_EN.
  removing unused non-port wire $flatten\grp0.$display$0x5555941c2120:20$35_EN.
  removing unused non-port wire $flatten\grp0.$display$0x5555941c2120:19$33_EN.
  removing unused non-port wire $flatten\grp0.$memwr$\gprs$/home/d5/course/ysyx-prestudy/e_phase/sCpu/vsrc/gpr.v:31$24_EN.
  removing unused non-port wire $flatten\grp0.$memwr$\gprs$/home/d5/course/ysyx-prestudy/e_phase/sCpu/vsrc/gpr.v:31$24_DATA.
  removing unused non-port wire $flatten\grp0.$memwr$\gprs$/home/d5/course/ysyx-prestudy/e_phase/sCpu/vsrc/gpr.v:31$24_ADDR.
  removing unused non-port wire $flatten\grp0.$memwr$\gprs$/home/d5/course/ysyx-prestudy/e_phase/sCpu/vsrc/gpr.v:27$23_EN.
  removing unused non-port wire $flatten\grp0.$memwr$\gprs$/home/d5/course/ysyx-prestudy/e_phase/sCpu/vsrc/gpr.v:26$22_EN.
  removing unused non-port wire $flatten\grp0.$memwr$\gprs$/home/d5/course/ysyx-prestudy/e_phase/sCpu/vsrc/gpr.v:25$21_EN.
  removing unused non-port wire $flatten\grp0.$memwr$\gprs$/home/d5/course/ysyx-prestudy/e_phase/sCpu/vsrc/gpr.v:24$20_EN.
  removing unused non-port wire $flatten\bcd7seg0.$auto$proc_rom.cc:154:do_switch$54.
  removing unused non-port wire $flatten\bcd7seg0.$1\h[6:0].
  removing unused non-port wire $flatten\bcd7seg0.$0\h[6:0].
  removing unused non-port wire $flatten\bcd7seg1.$auto$proc_rom.cc:154:do_switch$54.
  removing unused non-port wire $flatten\bcd7seg1.$1\h[6:0].
  removing unused non-port wire $flatten\bcd7seg1.$0\h[6:0].
Removed 9 unused cells and 65 unused wires.

7.6. Executing CHECK pass (checking for obvious problems).
Checking module top...
Found and reported 0 problems.

7.7. Executing OPT pass (performing simple optimizations).

7.7.1. Executing OPT_EXPR pass (perform const folding).
Optimizing module top.

7.7.2. Executing OPT_MERGE pass (detect identical cells).
Finding identical cells in module `\top'.
Removed a total of 0 cells.

7.7.3. Executing OPT_MUXTREE pass (detect dead branches in mux trees).
Running muxtree optimizer on module \top..
  Creating internal representation of mux trees.
  Evaluating internal representation of mux trees.
    Root of a mux tree: $flatten\grp0.$procmux$77 (pure)
		eval $flatten\grp0.$procmux$77 (replace 1 enable 1)
    Root of a mux tree: $flatten\grp0.$procmux$80 (pure)
		eval $flatten\grp0.$procmux$80 (replace 1 enable 1)
    Root of a mux tree: $flatten\grp0.$procmux$83 (pure)
		eval $flatten\grp0.$procmux$83 (replace 1 enable 1)
    Root of a mux tree: $flatten\grp0.$procmux$86 (pure)
		eval $flatten\grp0.$procmux$86 (replace 1 enable 1)
    Root of a mux tree: $flatten\grp0.$procmux$89 (pure)
		eval $flatten\grp0.$procmux$89 (replace 1 enable 1)
		eval $flatten\grp0.$procmux$62 (replace 1 enable 1)
		eval $flatten\grp0.$procmux$59 (replace 1 enable 1)
    Root of a mux tree: $flatten\grp0.$procmux$92 (pure)
		eval $flatten\grp0.$procmux$92 (replace 1 enable 1)
		eval $flatten\grp0.$procmux$68 (replace 1 enable 1)
		eval $flatten\grp0.$procmux$65 (replace 1 enable 1)
		eval $ternary$/home/d5/course/ysyx-prestudy/e_phase/sCpu/vsrc/top.v:42$12 (replace 1 enable 1)
    Root of a mux tree: $flatten\grp0.$procmux$95 (pure)
		eval $flatten\grp0.$procmux$95 (replace 1 enable 1)
		eval $flatten\grp0.$procmux$74 (replace 1 enable 1)
		eval $flatten\grp0.$procmux$71 (replace 1 enable 1)
    Root of a mux tree: $flatten\pc0.$procmux$101 (pure)
		eval $flatten\pc0.$procmux$101 (replace 1 enable 1)
		eval $flatten\pc0.$ternary$/home/d5/course/ysyx-prestudy/e_phase/sCpu/vsrc/pc.v:13$2 (replace 1 enable 1)
    Root of a mux tree: $procmux$98 (pure)
		eval $procmux$98 (replace 1 enable 1)
    Root of a mux tree: $ternary$/home/d5/course/ysyx-prestudy/e_phase/sCpu/vsrc/top.v:37$9 (pure)
		eval $ternary$/home/d5/course/ysyx-prestudy/e_phase/sCpu/vsrc/top.v:37$9 (replace 1 enable 1)
  Analyzing evaluation results.
    dead port 2/2 on $mux $flatten\grp0.$procmux$62.
    dead port 2/2 on $mux $flatten\grp0.$procmux$68.
    dead port 2/2 on $mux $flatten\grp0.$procmux$74.
Removed 3 multiplexer ports.

7.7.4. Executing OPT_REDUCE pass (consolidate $*mux and $reduce_* inputs).
  Optimizing cells in module \top.
    Consolidated identical input bits for $mux cell $flatten\grp0.$procmux$59:
      Old ports: A=8'00000000, B=8'11111111, Y=$flatten\grp0.$procmux$59_Y
      New ports: A=1'0, B=1'1, Y=$flatten\grp0.$procmux$59_Y [0]
      New connections: $flatten\grp0.$procmux$59_Y [7:1] = { $flatten\grp0.$procmux$59_Y [0] $flatten\grp0.$procmux$59_Y [0] $flatten\grp0.$procmux$59_Y [0] $flatten\grp0.$procmux$59_Y [0] $flatten\grp0.$procmux$59_Y [0] $flatten\grp0.$procmux$59_Y [0] $flatten\grp0.$procmux$59_Y [0] }
    Consolidated identical input bits for $mux cell $flatten\grp0.$procmux$77:
      Old ports: A=8'11111111, B=8'00000000, Y=$flatten\grp0.$0$memwr$\gprs$/home/d5/course/ysyx-prestudy/e_phase/sCpu/vsrc/gpr.v:27$23_EN[7:0]$29
      New ports: A=1'1, B=1'0, Y=$flatten\grp0.$0$memwr$\gprs$/home/d5/course/ysyx-prestudy/e_phase/sCpu/vsrc/gpr.v:27$23_EN[7:0]$29 [0]
      New connections: $flatten\grp0.$0$memwr$\gprs$/home/d5/course/ysyx-prestudy/e_phase/sCpu/vsrc/gpr.v:27$23_EN[7:0]$29 [7:1] = { $flatten\grp0.$0$memwr$\gprs$/home/d5/course/ysyx-prestudy/e_phase/sCpu/vsrc/gpr.v:27$23_EN[7:0]$29 [0] $flatten\grp0.$0$memwr$\gprs$/home/d5/course/ysyx-prestudy/e_phase/sCpu/vsrc/gpr.v:27$23_EN[7:0]$29 [0] $flatten\grp0.$0$memwr$\gprs$/home/d5/course/ysyx-prestudy/e_phase/sCpu/vsrc/gpr.v:27$23_EN[7:0]$29 [0] $flatten\grp0.$0$memwr$\gprs$/home/d5/course/ysyx-prestudy/e_phase/sCpu/vsrc/gpr.v:27$23_EN[7:0]$29 [0] $flatten\grp0.$0$memwr$\gprs$/home/d5/course/ysyx-prestudy/e_phase/sCpu/vsrc/gpr.v:27$23_EN[7:0]$29 [0] $flatten\grp0.$0$memwr$\gprs$/home/d5/course/ysyx-prestudy/e_phase/sCpu/vsrc/gpr.v:27$23_EN[7:0]$29 [0] $flatten\grp0.$0$memwr$\gprs$/home/d5/course/ysyx-prestudy/e_phase/sCpu/vsrc/gpr.v:27$23_EN[7:0]$29 [0] }
    Consolidated identical input bits for $mux cell $flatten\grp0.$procmux$80:
      Old ports: A=8'11111111, B=8'00000000, Y=$flatten\grp0.$0$memwr$\gprs$/home/d5/course/ysyx-prestudy/e_phase/sCpu/vsrc/gpr.v:26$22_EN[7:0]$28
      New ports: A=1'1, B=1'0, Y=$flatten\grp0.$0$memwr$\gprs$/home/d5/course/ysyx-prestudy/e_phase/sCpu/vsrc/gpr.v:26$22_EN[7:0]$28 [0]
      New connections: $flatten\grp0.$0$memwr$\gprs$/home/d5/course/ysyx-prestudy/e_phase/sCpu/vsrc/gpr.v:26$22_EN[7:0]$28 [7:1] = { $flatten\grp0.$0$memwr$\gprs$/home/d5/course/ysyx-prestudy/e_phase/sCpu/vsrc/gpr.v:26$22_EN[7:0]$28 [0] $flatten\grp0.$0$memwr$\gprs$/home/d5/course/ysyx-prestudy/e_phase/sCpu/vsrc/gpr.v:26$22_EN[7:0]$28 [0] $flatten\grp0.$0$memwr$\gprs$/home/d5/course/ysyx-prestudy/e_phase/sCpu/vsrc/gpr.v:26$22_EN[7:0]$28 [0] $flatten\grp0.$0$memwr$\gprs$/home/d5/course/ysyx-prestudy/e_phase/sCpu/vsrc/gpr.v:26$22_EN[7:0]$28 [0] $flatten\grp0.$0$memwr$\gprs$/home/d5/course/ysyx-prestudy/e_phase/sCpu/vsrc/gpr.v:26$22_EN[7:0]$28 [0] $flatten\grp0.$0$memwr$\gprs$/home/d5/course/ysyx-prestudy/e_phase/sCpu/vsrc/gpr.v:26$22_EN[7:0]$28 [0] $flatten\grp0.$0$memwr$\gprs$/home/d5/course/ysyx-prestudy/e_phase/sCpu/vsrc/gpr.v:26$22_EN[7:0]$28 [0] }
    Consolidated identical input bits for $mux cell $flatten\grp0.$procmux$83:
      Old ports: A=8'11111111, B=8'00000000, Y=$flatten\grp0.$0$memwr$\gprs$/home/d5/course/ysyx-prestudy/e_phase/sCpu/vsrc/gpr.v:25$21_EN[7:0]$27
      New ports: A=1'1, B=1'0, Y=$flatten\grp0.$0$memwr$\gprs$/home/d5/course/ysyx-prestudy/e_phase/sCpu/vsrc/gpr.v:25$21_EN[7:0]$27 [0]
      New connections: $flatten\grp0.$0$memwr$\gprs$/home/d5/course/ysyx-prestudy/e_phase/sCpu/vsrc/gpr.v:25$21_EN[7:0]$27 [7:1] = { $flatten\grp0.$0$memwr$\gprs$/home/d5/course/ysyx-prestudy/e_phase/sCpu/vsrc/gpr.v:25$21_EN[7:0]$27 [0] $flatten\grp0.$0$memwr$\gprs$/home/d5/course/ysyx-prestudy/e_phase/sCpu/vsrc/gpr.v:25$21_EN[7:0]$27 [0] $flatten\grp0.$0$memwr$\gprs$/home/d5/course/ysyx-prestudy/e_phase/sCpu/vsrc/gpr.v:25$21_EN[7:0]$27 [0] $flatten\grp0.$0$memwr$\gprs$/home/d5/course/ysyx-prestudy/e_phase/sCpu/vsrc/gpr.v:25$21_EN[7:0]$27 [0] $flatten\grp0.$0$memwr$\gprs$/home/d5/course/ysyx-prestudy/e_phase/sCpu/vsrc/gpr.v:25$21_EN[7:0]$27 [0] $flatten\grp0.$0$memwr$\gprs$/home/d5/course/ysyx-prestudy/e_phase/sCpu/vsrc/gpr.v:25$21_EN[7:0]$27 [0] $flatten\grp0.$0$memwr$\gprs$/home/d5/course/ysyx-prestudy/e_phase/sCpu/vsrc/gpr.v:25$21_EN[7:0]$27 [0] }
    Consolidated identical input bits for $mux cell $flatten\grp0.$procmux$86:
      Old ports: A=8'11111111, B=8'00000000, Y=$flatten\grp0.$0$memwr$\gprs$/home/d5/course/ysyx-prestudy/e_phase/sCpu/vsrc/gpr.v:24$20_EN[7:0]$26
      New ports: A=1'1, B=1'0, Y=$flatten\grp0.$0$memwr$\gprs$/home/d5/course/ysyx-prestudy/e_phase/sCpu/vsrc/gpr.v:24$20_EN[7:0]$26 [0]
      New connections: $flatten\grp0.$0$memwr$\gprs$/home/d5/course/ysyx-prestudy/e_phase/sCpu/vsrc/gpr.v:24$20_EN[7:0]$26 [7:1] = { $flatten\grp0.$0$memwr$\gprs$/home/d5/course/ysyx-prestudy/e_phase/sCpu/vsrc/gpr.v:24$20_EN[7:0]$26 [0] $flatten\grp0.$0$memwr$\gprs$/home/d5/course/ysyx-prestudy/e_phase/sCpu/vsrc/gpr.v:24$20_EN[7:0]$26 [0] $flatten\grp0.$0$memwr$\gprs$/home/d5/course/ysyx-prestudy/e_phase/sCpu/vsrc/gpr.v:24$20_EN[7:0]$26 [0] $flatten\grp0.$0$memwr$\gprs$/home/d5/course/ysyx-prestudy/e_phase/sCpu/vsrc/gpr.v:24$20_EN[7:0]$26 [0] $flatten\grp0.$0$memwr$\gprs$/home/d5/course/ysyx-prestudy/e_phase/sCpu/vsrc/gpr.v:24$20_EN[7:0]$26 [0] $flatten\grp0.$0$memwr$\gprs$/home/d5/course/ysyx-prestudy/e_phase/sCpu/vsrc/gpr.v:24$20_EN[7:0]$26 [0] $flatten\grp0.$0$memwr$\gprs$/home/d5/course/ysyx-prestudy/e_phase/sCpu/vsrc/gpr.v:24$20_EN[7:0]$26 [0] }
  Optimizing cells in module \top.
    Consolidated identical input bits for $mux cell $flatten\grp0.$procmux$89:
      Old ports: A=8'00000000, B=$flatten\grp0.$2$memwr$\gprs$/home/d5/course/ysyx-prestudy/e_phase/sCpu/vsrc/gpr.v:31$24_EN[7:0]$51, Y=$flatten\grp0.$0$memwr$\gprs$/home/d5/course/ysyx-prestudy/e_phase/sCpu/vsrc/gpr.v:31$24_EN[7:0]$32
      New ports: A=1'0, B=$flatten\grp0.$procmux$59_Y [0], Y=$flatten\grp0.$0$memwr$\gprs$/home/d5/course/ysyx-prestudy/e_phase/sCpu/vsrc/gpr.v:31$24_EN[7:0]$32 [0]
      New connections: $flatten\grp0.$0$memwr$\gprs$/home/d5/course/ysyx-prestudy/e_phase/sCpu/vsrc/gpr.v:31$24_EN[7:0]$32 [7:1] = { $flatten\grp0.$0$memwr$\gprs$/home/d5/course/ysyx-prestudy/e_phase/sCpu/vsrc/gpr.v:31$24_EN[7:0]$32 [0] $flatten\grp0.$0$memwr$\gprs$/home/d5/course/ysyx-prestudy/e_phase/sCpu/vsrc/gpr.v:31$24_EN[7:0]$32 [0] $flatten\grp0.$0$memwr$\gprs$/home/d5/course/ysyx-prestudy/e_phase/sCpu/vsrc/gpr.v:31$24_EN[7:0]$32 [0] $flatten\grp0.$0$memwr$\gprs$/home/d5/course/ysyx-prestudy/e_phase/sCpu/vsrc/gpr.v:31$24_EN[7:0]$32 [0] $flatten\grp0.$0$memwr$\gprs$/home/d5/course/ysyx-prestudy/e_phase/sCpu/vsrc/gpr.v:31$24_EN[7:0]$32 [0] $flatten\grp0.$0$memwr$\gprs$/home/d5/course/ysyx-prestudy/e_phase/sCpu/vsrc/gpr.v:31$24_EN[7:0]$32 [0] $flatten\grp0.$0$memwr$\gprs$/home/d5/course/ysyx-prestudy/e_phase/sCpu/vsrc/gpr.v:31$24_EN[7:0]$32 [0] }
  Optimizing cells in module \top.
Performed a total of 6 changes.

7.7.5. Executing OPT_MERGE pass (detect identical cells).
Finding identical cells in module `\top'.
  Cell `$flatten\grp0.$procmux$80' is identical to cell `$flatten\grp0.$procmux$77'.
    Redirecting output \Y: $flatten\grp0.$0$memwr$\gprs$/home/d5/course/ysyx-prestudy/e_phase/sCpu/vsrc/gpr.v:26$22_EN[7:0]$28 [0] = $flatten\grp0.$0$memwr$\gprs$/home/d5/course/ysyx-prestudy/e_phase/sCpu/vsrc/gpr.v:27$23_EN[7:0]$29 [0]
    Removing $mux cell `$flatten\grp0.$procmux$80' from module `\top'.
  Cell `$flatten\grp0.$procmux$83' is identical to cell `$flatten\grp0.$procmux$77'.
    Redirecting output \Y: $flatten\grp0.$0$memwr$\gprs$/home/d5/course/ysyx-prestudy/e_phase/sCpu/vsrc/gpr.v:25$21_EN[7:0]$27 [0] = $flatten\grp0.$0$memwr$\gprs$/home/d5/course/ysyx-prestudy/e_phase/sCpu/vsrc/gpr.v:27$23_EN[7:0]$29 [0]
    Removing $mux cell `$flatten\grp0.$procmux$83' from module `\top'.
  Cell `$flatten\grp0.$procmux$86' is identical to cell `$flatten\grp0.$procmux$77'.
    Redirecting output \Y: $flatten\grp0.$0$memwr$\gprs$/home/d5/course/ysyx-prestudy/e_phase/sCpu/vsrc/gpr.v:24$20_EN[7:0]$26 [0] = $flatten\grp0.$0$memwr$\gprs$/home/d5/course/ysyx-prestudy/e_phase/sCpu/vsrc/gpr.v:27$23_EN[7:0]$29 [0]
    Removing $mux cell `$flatten\grp0.$procmux$86' from module `\top'.
Removed a total of 3 cells.

7.7.6. Executing OPT_DFF pass (perform DFF optimizations).

7.7.7. Executing OPT_CLEAN pass (remove unused cells and wires).
Finding unused cells or wires in module \top..
  removing unused non-port wire $flatten\grp0.$procmux$71_Y.
  removing unused non-port wire $flatten\grp0.$procmux$65_Y.
  removing unused non-port wire $flatten\grp0.$procmux$59_Y.
  removing unused non-port wire $flatten\grp0.$0$memwr$\gprs$/home/d5/course/ysyx-prestudy/e_phase/sCpu/vsrc/gpr.v:27$23_EN[7:0]$29.
  removing unused non-port wire $flatten\grp0.$0$memwr$\gprs$/home/d5/course/ysyx-prestudy/e_phase/sCpu/vsrc/gpr.v:26$22_EN[7:0]$28.
  removing unused non-port wire $flatten\grp0.$0$memwr$\gprs$/home/d5/course/ysyx-prestudy/e_phase/sCpu/vsrc/gpr.v:25$21_EN[7:0]$27.
Removed 0 unused cells and 6 unused wires.

7.7.8. Executing OPT_EXPR pass (perform const folding).
Optimizing module top.

7.7.9. Rerunning OPT passes. (Maybe there is more to do..)

7.7.10. Executing OPT_MUXTREE pass (detect dead branches in mux trees).
Running muxtree optimizer on module \top..
  Creating internal representation of mux trees.
  Evaluating internal representation of mux trees.
    Root of a mux tree: $flatten\grp0.$procmux$77 (pure)
		eval $flatten\grp0.$procmux$77 (replace 1 enable 1)
    Root of a mux tree: $flatten\grp0.$procmux$89 (pure)
		eval $flatten\grp0.$procmux$89 (replace 1 enable 1)
		eval $flatten\grp0.$procmux$59 (replace 1 enable 1)
    Root of a mux tree: $flatten\grp0.$procmux$92 (pure)
		eval $flatten\grp0.$procmux$92 (replace 1 enable 1)
		eval $flatten\grp0.$procmux$65 (replace 1 enable 1)
		eval $ternary$/home/d5/course/ysyx-prestudy/e_phase/sCpu/vsrc/top.v:42$12 (replace 1 enable 1)
    Root of a mux tree: $flatten\grp0.$procmux$95 (pure)
		eval $flatten\grp0.$procmux$95 (replace 1 enable 1)
		eval $flatten\grp0.$procmux$71 (replace 1 enable 1)
    Root of a mux tree: $flatten\pc0.$procmux$101 (pure)
		eval $flatten\pc0.$procmux$101 (replace 1 enable 1)
		eval $flatten\pc0.$ternary$/home/d5/course/ysyx-prestudy/e_phase/sCpu/vsrc/pc.v:13$2 (replace 1 enable 1)
    Root of a mux tree: $procmux$98 (pure)
		eval $procmux$98 (replace 1 enable 1)
    Root of a mux tree: $ternary$/home/d5/course/ysyx-prestudy/e_phase/sCpu/vsrc/top.v:37$9 (pure)
		eval $ternary$/home/d5/course/ysyx-prestudy/e_phase/sCpu/vsrc/top.v:37$9 (replace 1 enable 1)
  Analyzing evaluation results.
Removed 0 multiplexer ports.

7.7.11. Executing OPT_REDUCE pass (consolidate $*mux and $reduce_* inputs).
  Optimizing cells in module \top.
Performed a total of 0 changes.

7.7.12. Executing OPT_MERGE pass (detect identical cells).
Finding identical cells in module `\top'.
Removed a total of 0 cells.

7.7.13. Executing OPT_DFF pass (perform DFF optimizations).

7.7.14. Executing OPT_CLEAN pass (remove unused cells and wires).
Finding unused cells or wires in module \top..

7.7.15. Executing OPT_EXPR pass (perform const folding).
Optimizing module top.

7.7.16. Finished fast OPT passes. (There is nothing left to do.)

7.8. Executing FSM pass (extract and optimize FSM).

7.8.1. Executing FSM_DETECT pass (finding FSMs in design).

7.8.2. Executing FSM_EXTRACT pass (extracting FSM from design).

7.8.3. Executing FSM_OPT pass (simple optimizations of FSMs).

7.8.4. Executing OPT_CLEAN pass (remove unused cells and wires).
Finding unused cells or wires in module \top..

7.8.5. Executing FSM_OPT pass (simple optimizations of FSMs).

7.8.6. Executing FSM_RECODE pass (re-assigning FSM state encoding).

7.8.7. Executing FSM_INFO pass (dumping all available information on FSM cells).

7.8.8. Executing FSM_MAP pass (mapping FSMs to basic logic).

7.9. Executing OPT pass (performing simple optimizations).

7.9.1. Executing OPT_EXPR pass (perform const folding).
Optimizing module top.

7.9.2. Executing OPT_MERGE pass (detect identical cells).
Finding identical cells in module `\top'.
Removed a total of 0 cells.

7.9.3. Executing OPT_MUXTREE pass (detect dead branches in mux trees).
Running muxtree optimizer on module \top..
  Creating internal representation of mux trees.
  Evaluating internal representation of mux trees.
    Root of a mux tree: $flatten\grp0.$procmux$77 (pure)
		eval $flatten\grp0.$procmux$77 (replace 1 enable 1)
    Root of a mux tree: $flatten\grp0.$procmux$89 (pure)
		eval $flatten\grp0.$procmux$89 (replace 1 enable 1)
		eval $flatten\grp0.$procmux$59 (replace 1 enable 1)
    Root of a mux tree: $flatten\grp0.$procmux$92 (pure)
		eval $flatten\grp0.$procmux$92 (replace 1 enable 1)
		eval $flatten\grp0.$procmux$65 (replace 1 enable 1)
		eval $ternary$/home/d5/course/ysyx-prestudy/e_phase/sCpu/vsrc/top.v:42$12 (replace 1 enable 1)
    Root of a mux tree: $flatten\grp0.$procmux$95 (pure)
		eval $flatten\grp0.$procmux$95 (replace 1 enable 1)
		eval $flatten\grp0.$procmux$71 (replace 1 enable 1)
    Root of a mux tree: $flatten\pc0.$procmux$101 (pure)
		eval $flatten\pc0.$procmux$101 (replace 1 enable 1)
		eval $flatten\pc0.$ternary$/home/d5/course/ysyx-prestudy/e_phase/sCpu/vsrc/pc.v:13$2 (replace 1 enable 1)
    Root of a mux tree: $procmux$98 (pure)
		eval $procmux$98 (replace 1 enable 1)
    Root of a mux tree: $ternary$/home/d5/course/ysyx-prestudy/e_phase/sCpu/vsrc/top.v:37$9 (pure)
		eval $ternary$/home/d5/course/ysyx-prestudy/e_phase/sCpu/vsrc/top.v:37$9 (replace 1 enable 1)
  Analyzing evaluation results.
Removed 0 multiplexer ports.

7.9.4. Executing OPT_REDUCE pass (consolidate $*mux and $reduce_* inputs).
  Optimizing cells in module \top.
Performed a total of 0 changes.

7.9.5. Executing OPT_MERGE pass (detect identical cells).
Finding identical cells in module `\top'.
Removed a total of 0 cells.

7.9.6. Executing OPT_DFF pass (perform DFF optimizations).
Adding EN signal on $procdff$110 ($dff) from module top (D = \rdata1, Q = \out_data).
Adding SRST signal on $flatten\pc0.$procdff$111 ($dff) from module top (D = \pc0.next_pc, Q = \pc0.pc_reg, rval = 4'0000).

7.9.7. Executing OPT_CLEAN pass (remove unused cells and wires).
Finding unused cells or wires in module \top..
  removing unused `$mux' cell `$procmux$98'.
  removing unused `$mux' cell `$flatten\pc0.$procmux$101'.
  removing unused non-port wire $flatten\pc0.$0\pc_reg[3:0].
  removing unused non-port wire $0\out_data[7:0].
Removed 2 unused cells and 2 unused wires.

7.9.8. Executing OPT_EXPR pass (perform const folding).
Optimizing module top.

7.9.9. Rerunning OPT passes. (Maybe there is more to do..)

7.9.10. Executing OPT_MUXTREE pass (detect dead branches in mux trees).
Running muxtree optimizer on module \top..
  Creating internal representation of mux trees.
  Evaluating internal representation of mux trees.
    Root of a mux tree: $flatten\grp0.$procmux$77 (pure)
		eval $flatten\grp0.$procmux$77 (replace 1 enable 1)
    Root of a mux tree: $flatten\grp0.$procmux$89 (pure)
		eval $flatten\grp0.$procmux$89 (replace 1 enable 1)
		eval $flatten\grp0.$procmux$59 (replace 1 enable 1)
    Root of a mux tree: $flatten\grp0.$procmux$92 (pure)
		eval $flatten\grp0.$procmux$92 (replace 1 enable 1)
		eval $flatten\grp0.$procmux$65 (replace 1 enable 1)
		eval $ternary$/home/d5/course/ysyx-prestudy/e_phase/sCpu/vsrc/top.v:42$12 (replace 1 enable 1)
    Root of a mux tree: $flatten\grp0.$procmux$95 (pure)
		eval $flatten\grp0.$procmux$95 (replace 1 enable 1)
		eval $flatten\grp0.$procmux$71 (replace 1 enable 1)
    Root of a mux tree: $flatten\pc0.$ternary$/home/d5/course/ysyx-prestudy/e_phase/sCpu/vsrc/pc.v:13$2 (pure)
		eval $flatten\pc0.$ternary$/home/d5/course/ysyx-prestudy/e_phase/sCpu/vsrc/pc.v:13$2 (replace 1 enable 1)
    Root of a mux tree: $ternary$/home/d5/course/ysyx-prestudy/e_phase/sCpu/vsrc/top.v:37$9 (pure)
		eval $ternary$/home/d5/course/ysyx-prestudy/e_phase/sCpu/vsrc/top.v:37$9 (replace 1 enable 1)
  Analyzing evaluation results.
Removed 0 multiplexer ports.

7.9.11. Executing OPT_REDUCE pass (consolidate $*mux and $reduce_* inputs).
  Optimizing cells in module \top.
Performed a total of 0 changes.

7.9.12. Executing OPT_MERGE pass (detect identical cells).
Finding identical cells in module `\top'.
Removed a total of 0 cells.

7.9.13. Executing OPT_DFF pass (perform DFF optimizations).

7.9.14. Executing OPT_CLEAN pass (remove unused cells and wires).
Finding unused cells or wires in module \top..

7.9.15. Executing OPT_EXPR pass (perform const folding).
Optimizing module top.

7.9.16. Finished fast OPT passes. (There is nothing left to do.)

7.10. Executing WREDUCE pass (reducing word size of cells).
Removed top 28 address bits (of 32) from memory init port top.$flatten\bcd7seg0.$auto$mem.cc:351:emit$57 ($flatten\bcd7seg0.$auto$proc_rom.cc:155:do_switch$55).
Removed top 28 address bits (of 32) from memory init port top.$flatten\bcd7seg1.$auto$mem.cc:351:emit$57 ($flatten\bcd7seg1.$auto$proc_rom.cc:155:do_switch$55).
Removed top 30 address bits (of 32) from memory init port top.$flatten\grp0.$auto$proc_memwr.cc:45:proc_memwr$112 (grp0.gprs).
Removed top 30 address bits (of 32) from memory init port top.$flatten\grp0.$auto$proc_memwr.cc:45:proc_memwr$113 (grp0.gprs).
Removed top 30 address bits (of 32) from memory init port top.$flatten\grp0.$auto$proc_memwr.cc:45:proc_memwr$114 (grp0.gprs).
Removed top 30 address bits (of 32) from memory init port top.$flatten\grp0.$auto$proc_memwr.cc:45:proc_memwr$115 (grp0.gprs).
Removed top 30 address bits (of 32) from memory read port top.$flatten\grp0.$memrd$\gprs$/home/d5/course/ysyx-prestudy/e_phase/sCpu/vsrc/gpr.v:19$34 (grp0.gprs).
Removed top 30 address bits (of 32) from memory read port top.$flatten\grp0.$memrd$\gprs$/home/d5/course/ysyx-prestudy/e_phase/sCpu/vsrc/gpr.v:20$36 (grp0.gprs).
Removed top 30 address bits (of 32) from memory read port top.$flatten\grp0.$memrd$\gprs$/home/d5/course/ysyx-prestudy/e_phase/sCpu/vsrc/gpr.v:21$38 (grp0.gprs).
Removed top 30 address bits (of 32) from memory read port top.$flatten\grp0.$memrd$\gprs$/home/d5/course/ysyx-prestudy/e_phase/sCpu/vsrc/gpr.v:22$40 (grp0.gprs).
Removed top 28 address bits (of 32) from memory init port top.$flatten\rom0.$meminit$\rom$/home/d5/course/ysyx-prestudy/e_phase/sCpu/vsrc/rom.v:8$18 (rom0.rom).
Removed top 1 bits (of 2) from port B of cell top.$eq$/home/d5/course/ysyx-prestudy/e_phase/sCpu/vsrc/top.v:34$8 ($eq).
Removed top 3 bits (of 4) from port B of cell top.$flatten\pc0.$add$/home/d5/course/ysyx-prestudy/e_phase/sCpu/vsrc/pc.v:13$1 ($add).

7.11. Executing PEEPOPT pass (run peephole optimizers).

7.12. Executing OPT_CLEAN pass (remove unused cells and wires).
Finding unused cells or wires in module \top..

7.13. Executing ALUMACC pass (create $alu and $macc cells).
Extracting $alu and $macc cells in module top:
  creating $macc model for $add$/home/d5/course/ysyx-prestudy/e_phase/sCpu/vsrc/top.v:42$11 ($add).
  creating $macc model for $flatten\pc0.$add$/home/d5/course/ysyx-prestudy/e_phase/sCpu/vsrc/pc.v:13$1 ($add).
  creating $alu model for $macc $flatten\pc0.$add$/home/d5/course/ysyx-prestudy/e_phase/sCpu/vsrc/pc.v:13$1.
  creating $alu model for $macc $add$/home/d5/course/ysyx-prestudy/e_phase/sCpu/vsrc/top.v:42$11.
  creating $alu cell for $add$/home/d5/course/ysyx-prestudy/e_phase/sCpu/vsrc/top.v:42$11: $auto$alumacc.cc:512:replace_alu$125
  creating $alu cell for $flatten\pc0.$add$/home/d5/course/ysyx-prestudy/e_phase/sCpu/vsrc/pc.v:13$1: $auto$alumacc.cc:512:replace_alu$128
  created 2 $alu and 0 $macc cells.

7.14. Executing SHARE pass (SAT-based resource sharing).

7.15. Executing OPT pass (performing simple optimizations).

7.15.1. Executing OPT_EXPR pass (perform const folding).
Optimizing module top.

7.15.2. Executing OPT_MERGE pass (detect identical cells).
Finding identical cells in module `\top'.
Removed a total of 0 cells.

7.15.3. Executing OPT_MUXTREE pass (detect dead branches in mux trees).
Running muxtree optimizer on module \top..
  Creating internal representation of mux trees.
  Evaluating internal representation of mux trees.
    Root of a mux tree: $flatten\grp0.$procmux$77 (pure)
		eval $flatten\grp0.$procmux$77 (replace 1 enable 1)
    Root of a mux tree: $flatten\grp0.$procmux$89 (pure)
		eval $flatten\grp0.$procmux$89 (replace 1 enable 1)
		eval $flatten\grp0.$procmux$59 (replace 1 enable 1)
    Root of a mux tree: $flatten\grp0.$procmux$92 (pure)
		eval $flatten\grp0.$procmux$92 (replace 1 enable 1)
		eval $flatten\grp0.$procmux$65 (replace 1 enable 1)
		eval $ternary$/home/d5/course/ysyx-prestudy/e_phase/sCpu/vsrc/top.v:42$12 (replace 1 enable 1)
    Root of a mux tree: $flatten\grp0.$procmux$95 (pure)
		eval $flatten\grp0.$procmux$95 (replace 1 enable 1)
		eval $flatten\grp0.$procmux$71 (replace 1 enable 1)
    Root of a mux tree: $flatten\pc0.$ternary$/home/d5/course/ysyx-prestudy/e_phase/sCpu/vsrc/pc.v:13$2 (pure)
		eval $flatten\pc0.$ternary$/home/d5/course/ysyx-prestudy/e_phase/sCpu/vsrc/pc.v:13$2 (replace 1 enable 1)
    Root of a mux tree: $ternary$/home/d5/course/ysyx-prestudy/e_phase/sCpu/vsrc/top.v:37$9 (pure)
		eval $ternary$/home/d5/course/ysyx-prestudy/e_phase/sCpu/vsrc/top.v:37$9 (replace 1 enable 1)
  Analyzing evaluation results.
Removed 0 multiplexer ports.

7.15.4. Executing OPT_REDUCE pass (consolidate $*mux and $reduce_* inputs).
  Optimizing cells in module \top.
Performed a total of 0 changes.

7.15.5. Executing OPT_MERGE pass (detect identical cells).
Finding identical cells in module `\top'.
Removed a total of 0 cells.

7.15.6. Executing OPT_DFF pass (perform DFF optimizations).

7.15.7. Executing OPT_CLEAN pass (remove unused cells and wires).
Finding unused cells or wires in module \top..

7.15.8. Executing OPT_EXPR pass (perform const folding).
Optimizing module top.

7.15.9. Finished fast OPT passes. (There is nothing left to do.)

7.16. Executing MEMORY pass.

7.16.1. Executing OPT_MEM pass (optimize memories).
Performed a total of 0 transformations.

7.16.2. Executing OPT_MEM_PRIORITY pass (removing unnecessary memory write priority relations).
Performed a total of 6 transformations.

7.16.3. Executing OPT_MEM_FEEDBACK pass (finding memory read-to-write feedback paths).
  Analyzing top.grp0.gprs write port 0.
  Analyzing top.grp0.gprs write port 1.
  Analyzing top.grp0.gprs write port 2.
  Analyzing top.grp0.gprs write port 3.
  Analyzing top.grp0.gprs write port 4.

7.16.4. Executing MEMORY_BMUX2ROM pass (converting muxes to ROMs).

7.16.5. Executing MEMORY_DFF pass (merging $dff cells to $memrd).
Checking read port `$flatten\bcd7seg0.$auto$proc_rom.cc:155:do_switch$55'[0] in module `\top': no output FF found.
Checking read port `$flatten\bcd7seg1.$auto$proc_rom.cc:155:do_switch$55'[0] in module `\top': no output FF found.
Checking read port `\grp0.gprs'[0] in module `\top': no output FF found.
Checking read port `\grp0.gprs'[1] in module `\top': no output FF found.
Checking read port `\grp0.gprs'[2] in module `\top': no output FF found.
Checking read port `\grp0.gprs'[3] in module `\top': no output FF found.
Checking read port `\grp0.gprs'[4] in module `\top': no output FF found.
Checking read port `\grp0.gprs'[5] in module `\top': no output FF found.
Checking read port `\rom0.rom'[0] in module `\top': no output FF found.
Checking read port address `$flatten\bcd7seg0.$auto$proc_rom.cc:155:do_switch$55'[0] in module `\top': merged address FF to cell.
Checking read port address `$flatten\bcd7seg1.$auto$proc_rom.cc:155:do_switch$55'[0] in module `\top': merged address FF to cell.
Checking read port address `\grp0.gprs'[0] in module `\top': no address FF found.
Checking read port address `\grp0.gprs'[1] in module `\top': no address FF found.
Checking read port address `\grp0.gprs'[2] in module `\top': no address FF found.
Checking read port address `\grp0.gprs'[3] in module `\top': no address FF found.
Checking read port address `\grp0.gprs'[4] in module `\top': no address FF found.
Checking read port address `\grp0.gprs'[5] in module `\top': no address FF found.
Checking read port address `\rom0.rom'[0] in module `\top': merged address FF to cell.

7.16.6. Executing OPT_CLEAN pass (remove unused cells and wires).
Finding unused cells or wires in module \top..

7.16.7. Executing MEMORY_SHARE pass (consolidating $memrd/$memwr cells).
Consolidating read ports of memory top.grp0.gprs by address:
  Merging ports 2, 3 (address 2'11).
  Merging ports 2, 4 (address 2'10).
Consolidating read ports of memory top.grp0.gprs by address:
Consolidating write ports of memory top.grp0.gprs by address:
  Merging ports 0, 1 (address 2'00).
  Merging ports 0, 2 (address 2'00).
Consolidating write ports of memory top.grp0.gprs by address:
Consolidating write ports of memory top.grp0.gprs using sat-based resource sharing:
  Checking group clocked with posedge \clk, width 8: ports 1, 2.
  Common input cone for all EN signals: 6 cells.
  Size of unconstrained SAT problem: 43 variables, 104 clauses
  Merging port 2 into port 1.

7.16.8. Executing OPT_MEM_WIDEN pass (optimize memories where all ports are wide).
Performed a total of 0 transformations.

7.16.9. Executing OPT_CLEAN pass (remove unused cells and wires).
Finding unused cells or wires in module \top..
  removing unused non-port wire $flatten\grp0.$memrd$\gprs$/home/d5/course/ysyx-prestudy/e_phase/sCpu/vsrc/gpr.v:22$40_DATA.
  removing unused non-port wire $flatten\grp0.$memrd$\gprs$/home/d5/course/ysyx-prestudy/e_phase/sCpu/vsrc/gpr.v:21$38_DATA.
  removing unused non-port wire $flatten\grp0.$memrd$\gprs$/home/d5/course/ysyx-prestudy/e_phase/sCpu/vsrc/gpr.v:20$36_DATA.
Removed 0 unused cells and 3 unused wires.

7.16.10. Executing MEMORY_COLLECT pass (generating $mem cells).

7.17. Executing OPT_CLEAN pass (remove unused cells and wires).
Finding unused cells or wires in module \top..

8. Executing SHARE pass (SAT-based resource sharing).
Found 5 cells in module top that may be considered for resource sharing.
  Analyzing resource sharing options for $logic_or$/home/d5/course/ysyx-prestudy/e_phase/sCpu/vsrc/top.v:40$10 ($logic_or):
    Found 2 activation_patterns using ctrl signal { \rst $auto$rtlil.cc:3326:ReduceOr$158 }.
    No candidates found.
  Analyzing resource sharing options for $eq$/home/d5/course/ysyx-prestudy/e_phase/sCpu/vsrc/top.v:33$7 ($eq):
    Found 2 activation_patterns using ctrl signal { \rst $auto$rtlil.cc:3326:ReduceOr$158 }.
    No candidates found.
  Analyzing resource sharing options for $eq$/home/d5/course/ysyx-prestudy/e_phase/sCpu/vsrc/top.v:32$6 ($logic_not):
    Found 3 activation_patterns using ctrl signal { \grp0.we \rst $auto$rtlil.cc:3326:ReduceOr$158 }.
    No candidates found.
  Analyzing resource sharing options for $auto$alumacc.cc:512:replace_alu$128 ($alu):
    Found 1 activation_patterns using ctrl signal \pc0.load.
    Found 1 candidates: $auto$alumacc.cc:512:replace_alu$125
    Analyzing resource sharing with $auto$alumacc.cc:512:replace_alu$125 ($alu):
      Found 1 activation_patterns using ctrl signal { \grp0.we \inst_add \rst $auto$rtlil.cc:3326:ReduceOr$158 }.
      Activation pattern for cell $auto$alumacc.cc:512:replace_alu$128: \pc0.load = 1'0
      Activation pattern for cell $auto$alumacc.cc:512:replace_alu$125: { \grp0.we \inst_add \rst $auto$rtlil.cc:3326:ReduceOr$158 } = 4'1111
      Size of SAT problem: 9 cells, 115 variables, 277 clauses
      According to the SAT solver this pair of cells can not be shared.
      Model from SAT solver: { \grp0.we \pc0.load \inst_add \rst $auto$rtlil.cc:3326:ReduceOr$158 } = 5'10111
  Analyzing resource sharing options for $auto$alumacc.cc:512:replace_alu$125 ($alu):
    Found 1 activation_patterns using ctrl signal { \grp0.we \inst_add \rst $auto$rtlil.cc:3326:ReduceOr$158 }.
    No candidates found.

9. Executing ONEHOT pass.

10. Executing MUXPACK pass ($mux cell cascades to $pmux).
Considering $ternary$/home/d5/course/ysyx-prestudy/e_phase/sCpu/vsrc/top.v:42$12 ($mux)
Considering $ternary$/home/d5/course/ysyx-prestudy/e_phase/sCpu/vsrc/top.v:37$9 ($mux)
Considering $flatten\pc0.$ternary$/home/d5/course/ysyx-prestudy/e_phase/sCpu/vsrc/pc.v:13$2 ($mux)
Considering $flatten\grp0.$procmux$95 ($mux)
Considering $flatten\grp0.$procmux$92 ($mux)
Considering $flatten\grp0.$procmux$89 ($mux)
Considering $flatten\grp0.$procmux$71 ($mux)
Considering $flatten\grp0.$procmux$65 ($mux)
Considering $flatten\grp0.$procmux$59 ($mux)
Considering $auto$memory_share.cc:454:consolidate_wr_using_sat$164 ($mux)
Considering $auto$memory_share.cc:437:consolidate_wr_using_sat$161 ($mux)
Considering $auto$memory_share.cc:434:consolidate_wr_using_sat$159 ($mux)
Considering $auto$ff.cc:614:unmap_srst$153 ($mux)
Considering $auto$ff.cc:592:unmap_ce$144 ($mux)
Considering $auto$ff.cc:592:unmap_ce$141 ($mux)
Converted 0 (p)mux cells into 0 pmux cells.

11. Executing OPT_DEMORGAN pass (push inverters through $reduce_* cells).
Inspecting $reduce_or cell $auto$memory_share.cc:427:consolidate_wr_using_sat$157 (8 inputs)
  0 / 8 inputs are inverted, not pushing

12. Executing OPT_FFINV pass (push inverters through FFs).
Discovering LUTs.
Pushed 0 inverters.

13. Executing SYNTH pass.

13.1. Executing OPT pass (performing simple optimizations).

13.1.1. Executing OPT_EXPR pass (perform const folding).
Optimizing module top.
Replacing $mux cell `$flatten\grp0.$procmux$59' (mux_bool) in module `\top' with constant driver `$flatten\grp0.$2$memwr$\gprs$/home/d5/course/ysyx-prestudy/e_phase/sCpu/vsrc/gpr.v:31$24_EN[7:0]$51 [7] = \grp0.we'.
Replacing $reduce_or cell `$auto$memory_share.cc:427:consolidate_wr_using_sat$157' (and_or_buffer) in module `\top' with constant driver `$auto$rtlil.cc:3326:ReduceOr$158 = $flatten\grp0.$0$memwr$\gprs$/home/d5/course/ysyx-prestudy/e_phase/sCpu/vsrc/gpr.v:31$24_EN[7:0]$32 [7]'.
Replacing $mux cell `$flatten\grp0.$procmux$77' in module `top' with inverter.
Replacing $mux cell `$flatten\grp0.$procmux$65' (mux_empty) in module `\top' with constant driver `$flatten\grp0.$2$memwr$\gprs$/home/d5/course/ysyx-prestudy/e_phase/sCpu/vsrc/gpr.v:31$24_DATA[7:0]$50 = \grp0.wdata'.
Replacing $mux cell `$flatten\grp0.$procmux$92' (mux_empty) in module `\top' with constant driver `$flatten\grp0.$0$memwr$\gprs$/home/d5/course/ysyx-prestudy/e_phase/sCpu/vsrc/gpr.v:31$24_DATA[7:0]$31 = $flatten\grp0.$2$memwr$\gprs$/home/d5/course/ysyx-prestudy/e_phase/sCpu/vsrc/gpr.v:31$24_DATA[7:0]$50'.
Replacing $mux cell `$flatten\grp0.$procmux$71' (mux_empty) in module `\top' with constant driver `$flatten\grp0.$2$memwr$\gprs$/home/d5/course/ysyx-prestudy/e_phase/sCpu/vsrc/gpr.v:31$24_ADDR[1:0]$49 = \inst [5:4]'.
Replacing $mux cell `$flatten\grp0.$procmux$95' (mux_empty) in module `\top' with constant driver `$flatten\grp0.$0$memwr$\gprs$/home/d5/course/ysyx-prestudy/e_phase/sCpu/vsrc/gpr.v:31$24_ADDR[1:0]$30 = $flatten\grp0.$2$memwr$\gprs$/home/d5/course/ysyx-prestudy/e_phase/sCpu/vsrc/gpr.v:31$24_ADDR[1:0]$49'.
Replacing $mux cell `$flatten\grp0.$procmux$89' in module `top' with and-gate.

13.1.2. Executing OPT_MERGE pass (detect identical cells).
Finding identical cells in module `\top'.
Removed a total of 0 cells.

13.1.3. Executing OPT_DFF pass (perform DFF optimizations).

13.1.4. Executing OPT_CLEAN pass (remove unused cells and wires).
Finding unused cells or wires in module \top..
  removing unused non-port wire $flatten\grp0.$2$memwr$\gprs$/home/d5/course/ysyx-prestudy/e_phase/sCpu/vsrc/gpr.v:31$24_EN[7:0]$51.
  removing unused non-port wire $flatten\grp0.$2$memwr$\gprs$/home/d5/course/ysyx-prestudy/e_phase/sCpu/vsrc/gpr.v:31$24_DATA[7:0]$50.
  removing unused non-port wire $flatten\grp0.$2$memwr$\gprs$/home/d5/course/ysyx-prestudy/e_phase/sCpu/vsrc/gpr.v:31$24_ADDR[1:0]$49.
  removing unused non-port wire $flatten\grp0.$0$memwr$\gprs$/home/d5/course/ysyx-prestudy/e_phase/sCpu/vsrc/gpr.v:31$24_EN[7:0]$32.
  removing unused non-port wire $flatten\grp0.$0$memwr$\gprs$/home/d5/course/ysyx-prestudy/e_phase/sCpu/vsrc/gpr.v:31$24_DATA[7:0]$31.
  removing unused non-port wire $flatten\grp0.$0$memwr$\gprs$/home/d5/course/ysyx-prestudy/e_phase/sCpu/vsrc/gpr.v:31$24_ADDR[1:0]$30.
Removed 0 unused cells and 6 unused wires.

13.1.5. Finished fast OPT passes.

13.2. Executing MEMORY_MAP pass (converting memories to logic and flip-flops).
Mapping memory $flatten\bcd7seg0.$auto$proc_rom.cc:155:do_switch$55 in module \top:
  created 16 $dff cells and 0 static cells of width 7.
Extracted data FF from read port 0 of top.$flatten\bcd7seg0.$auto$proc_rom.cc:155:do_switch$55: $$flatten\bcd7seg0.$auto$proc_rom.cc:155:do_switch$55$rdreg[0]
  read interface: 1 $dff and 15 $mux cells.
  write interface: 0 write mux blocks.
Mapping memory $flatten\bcd7seg1.$auto$proc_rom.cc:155:do_switch$55 in module \top:
  created 16 $dff cells and 0 static cells of width 7.
Extracted data FF from read port 0 of top.$flatten\bcd7seg1.$auto$proc_rom.cc:155:do_switch$55: $$flatten\bcd7seg1.$auto$proc_rom.cc:155:do_switch$55$rdreg[0]
  read interface: 1 $dff and 15 $mux cells.
  write interface: 0 write mux blocks.
Mapping memory \grp0.gprs in module \top:
  created 4 $dff cells and 0 static cells of width 8.
  read interface: 0 $dff and 9 $mux cells.
  write interface: 8 write mux blocks.
Mapping memory \rom0.rom in module \top:
  created 16 $dff cells and 0 static cells of width 8.
Extracted data FF from read port 0 of top.rom0.rom: $\rom0.rom$rdreg[0]
  read interface: 1 $dff and 15 $mux cells.
  write interface: 0 write mux blocks.

13.3. Executing OPT pass (performing simple optimizations).

13.3.1. Executing OPT_EXPR pass (perform const folding).
Optimizing module top.
Replacing $eq cell `$auto$memory_map.cc:92:addr_decode$322' (1) in module `\top' with constant driver `$auto$rtlil.cc:3376:Eq$323 = $auto$rtlil.cc:3457:Mux$160 [1]'.
Replacing $eq cell `$auto$memory_map.cc:92:addr_decode$310' (1) in module `\top' with constant driver `$auto$rtlil.cc:3376:Eq$311 = $auto$rtlil.cc:3457:Mux$160 [0]'.
Replacing $eq cell `$auto$memory_map.cc:92:addr_decode$296' in module `top' with inverter.
Replacing $eq cell `$auto$memory_map.cc:92:addr_decode$298' in module `top' with inverter.
Replacing $eq cell `$auto$memory_map.cc:92:addr_decode$290' (empty) in module `\top' with constant driver `$auto$rtlil.cc:3376:Eq$291 = 1'1'.
Replacing $mux cell `$memory\grp0.gprs$rdmux[3][1][0]$284' (0) in module `\top' with constant driver `$memory\grp0.gprs$rdmux[3][0][0]$a$282 = $memory\grp0.gprs$rdmux[3][1][0]$a$285'.
Replacing $mux cell `$memory\grp0.gprs$rdmux[3][1][1]$287' (0) in module `\top' with constant driver `$memory\grp0.gprs$rdmux[3][0][0]$b$283 = $memory\grp0.gprs$rdmux[3][1][1]$a$288'.
Replacing $mux cell `$memory\grp0.gprs$rdmux[3][0][0]$281' (0) in module `\top' with constant driver `$flatten\grp0.$memrd$\gprs$/home/d5/course/ysyx-prestudy/e_phase/sCpu/vsrc/gpr.v:19$34_DATA = $memory\grp0.gprs$rdmux[3][0][0]$a$282'.
Replacing $and cell `$memory\grp0.gprs$wren[0][0][0]$292' (and_or_buffer) in module `\top' with constant driver `$memory\grp0.gprs$wren[0][0][0]$y$293 = $flatten\grp0.$0$memwr$\gprs$/home/d5/course/ysyx-prestudy/e_phase/sCpu/vsrc/gpr.v:24$20_EN[7:0]$26 [7]'.
Optimizing away select inverter for $mux cell `$memory\grp0.gprs$wrmux[0][0][0]$294' in module `top'.
Replacing $and cell `$memory\grp0.gprs$wren[1][0][0]$306' (and_or_buffer) in module `\top' with constant driver `$memory\grp0.gprs$wren[1][0][0]$y$307 = $flatten\grp0.$0$memwr$\gprs$/home/d5/course/ysyx-prestudy/e_phase/sCpu/vsrc/gpr.v:24$20_EN[7:0]$26 [7]'.
Optimizing away select inverter for $mux cell `$memory\grp0.gprs$wrmux[1][0][0]$308' in module `top'.
Replacing $and cell `$memory\grp0.gprs$wren[2][0][0]$318' (and_or_buffer) in module `\top' with constant driver `$memory\grp0.gprs$wren[2][0][0]$y$319 = $flatten\grp0.$0$memwr$\gprs$/home/d5/course/ysyx-prestudy/e_phase/sCpu/vsrc/gpr.v:24$20_EN[7:0]$26 [7]'.
Optimizing away select inverter for $mux cell `$memory\grp0.gprs$wrmux[2][0][0]$320' in module `top'.
Replacing $and cell `$memory\grp0.gprs$wren[3][0][0]$330' (const_and) in module `\top' with constant driver `$memory\grp0.gprs$wren[3][0][0]$y$331 = 1'0'.
Replacing $mux cell `$memory\grp0.gprs$wrmux[3][0][0]$332' (mux_empty) in module `\top' with constant driver `$memory\grp0.gprs$wrmux[3][0][0]$y$333 = \grp0.gprs[3]'.
Replacing $mux cell `$memory\rom0.rom$rdmux[0][3][5]$376' (?) in module `\top' with constant driver `$memory\rom0.rom$rdmux[0][2][2]$b$357 = $memory\rom0.rom$rdmux[0][3][5]$a$377'.
Replacing $mux cell `$memory\rom0.rom$rdmux[0][3][6]$379' (?) in module `\top' with constant driver `$memory\rom0.rom$rdmux[0][2][3]$a$359 = $memory\rom0.rom$rdmux[0][3][6]$a$380'.
Replacing $mux cell `$memory\rom0.rom$rdmux[0][3][7]$382' (?) in module `\top' with constant driver `$memory\rom0.rom$rdmux[0][2][3]$b$360 = $memory\rom0.rom$rdmux[0][3][7]$a$383'.
Replacing $mux cell `$memory\rom0.rom$rdmux[0][2][3]$358' (?) in module `\top' with constant driver `$memory\rom0.rom$rdmux[0][1][1]$b$348 = $memory\rom0.rom$rdmux[0][2][3]$a$359'.

13.3.2. Executing OPT_MERGE pass (detect identical cells).
Finding identical cells in module `\top'.
Removed a total of 0 cells.

13.3.3. Executing OPT_MUXTREE pass (detect dead branches in mux trees).
Running muxtree optimizer on module \top..
  Creating internal representation of mux trees.
  Evaluating internal representation of mux trees.
    Root of a mux tree: $memory\grp0.gprs$wrmux[2][1][0]$328 (pure)
		eval $memory\grp0.gprs$wrmux[2][1][0]$328 (replace 1 enable 1)
		eval $auto$memory_share.cc:437:consolidate_wr_using_sat$161 (replace 0 enable 1)
		eval $ternary$/home/d5/course/ysyx-prestudy/e_phase/sCpu/vsrc/top.v:42$12 (replace 0 enable 1)
		eval $memory\grp0.gprs$wrmux[2][0][0]$320 (replace 1 enable 1)
    Root of a mux tree: $memory\grp0.gprs$wrmux[1][1][0]$316 (pure)
		eval $memory\grp0.gprs$wrmux[1][1][0]$316 (replace 1 enable 1)
		eval $auto$memory_share.cc:437:consolidate_wr_using_sat$161 (replace 0 enable 1)
		eval $ternary$/home/d5/course/ysyx-prestudy/e_phase/sCpu/vsrc/top.v:42$12 (replace 0 enable 1)
		eval $memory\grp0.gprs$wrmux[1][0][0]$308 (replace 1 enable 1)
    Root of a mux tree: $memory\grp0.gprs$wrmux[0][1][0]$304 (pure)
		eval $memory\grp0.gprs$wrmux[0][1][0]$304 (replace 1 enable 1)
		eval $auto$memory_share.cc:437:consolidate_wr_using_sat$161 (replace 0 enable 1)
		eval $ternary$/home/d5/course/ysyx-prestudy/e_phase/sCpu/vsrc/top.v:42$12 (replace 0 enable 1)
		eval $memory\grp0.gprs$wrmux[0][0][0]$294 (replace 1 enable 1)
    Root of a mux tree: $memory\grp0.gprs$rdmux[1][0][0]$272 (pure)
		eval $memory\grp0.gprs$rdmux[1][0][0]$272 (replace 1 enable 1)
		eval $memory\grp0.gprs$rdmux[1][1][1]$278 (replace 1 enable 1)
		eval $memory\grp0.gprs$rdmux[1][1][0]$275 (replace 1 enable 1)
    Root of a mux tree: $memory\grp0.gprs$rdmux[0][0][0]$263 (pure)
		eval $memory\grp0.gprs$rdmux[0][0][0]$263 (replace 1 enable 1)
		eval $memory\grp0.gprs$rdmux[0][1][1]$269 (replace 1 enable 1)
		eval $memory\grp0.gprs$rdmux[0][1][0]$266 (replace 1 enable 1)
    Root of a mux tree: $memory$flatten\bcd7seg1.$auto$proc_rom.cc:155:do_switch$55$rdmux[0][0][0]$210 (pure)
		eval $memory$flatten\bcd7seg1.$auto$proc_rom.cc:155:do_switch$55$rdmux[0][0][0]$210 (replace 1 enable 1)
		eval $memory$flatten\bcd7seg1.$auto$proc_rom.cc:155:do_switch$55$rdmux[0][1][1]$216 (replace 1 enable 1)
		eval $memory$flatten\bcd7seg1.$auto$proc_rom.cc:155:do_switch$55$rdmux[0][2][3]$228 (replace 1 enable 1)
		eval $memory$flatten\bcd7seg1.$auto$proc_rom.cc:155:do_switch$55$rdmux[0][3][7]$252 (replace 1 enable 1)
		eval $memory$flatten\bcd7seg1.$auto$proc_rom.cc:155:do_switch$55$rdmux[0][3][6]$249 (replace 1 enable 1)
		eval $memory$flatten\bcd7seg1.$auto$proc_rom.cc:155:do_switch$55$rdmux[0][2][2]$225 (replace 1 enable 1)
		eval $memory$flatten\bcd7seg1.$auto$proc_rom.cc:155:do_switch$55$rdmux[0][3][5]$246 (replace 1 enable 1)
		eval $memory$flatten\bcd7seg1.$auto$proc_rom.cc:155:do_switch$55$rdmux[0][3][4]$243 (replace 1 enable 1)
		eval $memory$flatten\bcd7seg1.$auto$proc_rom.cc:155:do_switch$55$rdmux[0][1][0]$213 (replace 1 enable 1)
		eval $memory$flatten\bcd7seg1.$auto$proc_rom.cc:155:do_switch$55$rdmux[0][2][1]$222 (replace 1 enable 1)
		eval $memory$flatten\bcd7seg1.$auto$proc_rom.cc:155:do_switch$55$rdmux[0][3][3]$240 (replace 1 enable 1)
		eval $memory$flatten\bcd7seg1.$auto$proc_rom.cc:155:do_switch$55$rdmux[0][3][2]$237 (replace 1 enable 1)
		eval $memory$flatten\bcd7seg1.$auto$proc_rom.cc:155:do_switch$55$rdmux[0][2][0]$219 (replace 1 enable 1)
		eval $memory$flatten\bcd7seg1.$auto$proc_rom.cc:155:do_switch$55$rdmux[0][3][1]$234 (replace 1 enable 1)
		eval $memory$flatten\bcd7seg1.$auto$proc_rom.cc:155:do_switch$55$rdmux[0][3][0]$231 (replace 1 enable 1)
    Root of a mux tree: $memory$flatten\bcd7seg0.$auto$proc_rom.cc:155:do_switch$55$rdmux[0][0][0]$165 (pure)
		eval $memory$flatten\bcd7seg0.$auto$proc_rom.cc:155:do_switch$55$rdmux[0][0][0]$165 (replace 1 enable 1)
		eval $memory$flatten\bcd7seg0.$auto$proc_rom.cc:155:do_switch$55$rdmux[0][1][1]$171 (replace 1 enable 1)
		eval $memory$flatten\bcd7seg0.$auto$proc_rom.cc:155:do_switch$55$rdmux[0][2][3]$183 (replace 1 enable 1)
		eval $memory$flatten\bcd7seg0.$auto$proc_rom.cc:155:do_switch$55$rdmux[0][3][7]$207 (replace 1 enable 1)
		eval $memory$flatten\bcd7seg0.$auto$proc_rom.cc:155:do_switch$55$rdmux[0][3][6]$204 (replace 1 enable 1)
		eval $memory$flatten\bcd7seg0.$auto$proc_rom.cc:155:do_switch$55$rdmux[0][2][2]$180 (replace 1 enable 1)
		eval $memory$flatten\bcd7seg0.$auto$proc_rom.cc:155:do_switch$55$rdmux[0][3][5]$201 (replace 1 enable 1)
		eval $memory$flatten\bcd7seg0.$auto$proc_rom.cc:155:do_switch$55$rdmux[0][3][4]$198 (replace 1 enable 1)
		eval $memory$flatten\bcd7seg0.$auto$proc_rom.cc:155:do_switch$55$rdmux[0][1][0]$168 (replace 1 enable 1)
		eval $memory$flatten\bcd7seg0.$auto$proc_rom.cc:155:do_switch$55$rdmux[0][2][1]$177 (replace 1 enable 1)
		eval $memory$flatten\bcd7seg0.$auto$proc_rom.cc:155:do_switch$55$rdmux[0][3][3]$195 (replace 1 enable 1)
		eval $memory$flatten\bcd7seg0.$auto$proc_rom.cc:155:do_switch$55$rdmux[0][3][2]$192 (replace 1 enable 1)
		eval $memory$flatten\bcd7seg0.$auto$proc_rom.cc:155:do_switch$55$rdmux[0][2][0]$174 (replace 1 enable 1)
		eval $memory$flatten\bcd7seg0.$auto$proc_rom.cc:155:do_switch$55$rdmux[0][3][1]$189 (replace 1 enable 1)
		eval $memory$flatten\bcd7seg0.$auto$proc_rom.cc:155:do_switch$55$rdmux[0][3][0]$186 (replace 1 enable 1)
    Root of a mux tree: $auto$ff.cc:592:unmap_ce$141 (pure)
		eval $auto$ff.cc:592:unmap_ce$141 (replace 1 enable 1)
    Root of a mux tree: $auto$ff.cc:592:unmap_ce$144 (pure)
		eval $auto$ff.cc:592:unmap_ce$144 (replace 1 enable 1)
    Root of a mux tree: $auto$ff.cc:614:unmap_srst$153 (pure)
		eval $auto$ff.cc:614:unmap_srst$153 (replace 1 enable 1)
    Root of a mux tree: $auto$memory_share.cc:434:consolidate_wr_using_sat$159 (pure)
		eval $auto$memory_share.cc:434:consolidate_wr_using_sat$159 (replace 1 enable 1)
    Root of a mux tree: $auto$memory_share.cc:437:consolidate_wr_using_sat$161
		eval $auto$memory_share.cc:437:consolidate_wr_using_sat$161 (replace 1 enable 0)
		eval $ternary$/home/d5/course/ysyx-prestudy/e_phase/sCpu/vsrc/top.v:42$12 (replace 1 enable 0)
    Root of a mux tree: $auto$memory_share.cc:454:consolidate_wr_using_sat$164 (pure)
		eval $auto$memory_share.cc:454:consolidate_wr_using_sat$164 (replace 1 enable 1)
      Replacing known input bits on port B of cell $auto$memory_share.cc:454:consolidate_wr_using_sat$164: $auto$rtlil.cc:3326:ReduceOr$158 -> 1'1
    Root of a mux tree: $flatten\pc0.$ternary$/home/d5/course/ysyx-prestudy/e_phase/sCpu/vsrc/pc.v:13$2 (pure)
		eval $flatten\pc0.$ternary$/home/d5/course/ysyx-prestudy/e_phase/sCpu/vsrc/pc.v:13$2 (replace 1 enable 1)
    Root of a mux tree: $ternary$/home/d5/course/ysyx-prestudy/e_phase/sCpu/vsrc/top.v:37$9 (pure)
		eval $ternary$/home/d5/course/ysyx-prestudy/e_phase/sCpu/vsrc/top.v:37$9 (replace 1 enable 1)
    Root of a mux tree: $memory\grp0.gprs$wrmux[3][1][0]$338 (pure)
		eval $memory\grp0.gprs$wrmux[3][1][0]$338 (replace 1 enable 1)
		eval $auto$memory_share.cc:437:consolidate_wr_using_sat$161 (replace 0 enable 1)
		eval $ternary$/home/d5/course/ysyx-prestudy/e_phase/sCpu/vsrc/top.v:42$12 (replace 0 enable 1)
    Root of a mux tree: $memory\rom0.rom$rdmux[0][0][0]$340 (pure)
		eval $memory\rom0.rom$rdmux[0][0][0]$340 (replace 1 enable 1)
		eval $memory\rom0.rom$rdmux[0][1][1]$346 (replace 1 enable 1)
		eval $memory\rom0.rom$rdmux[0][2][2]$355 (replace 1 enable 1)
		eval $memory\rom0.rom$rdmux[0][3][4]$373 (replace 1 enable 1)
		eval $memory\rom0.rom$rdmux[0][1][0]$343 (replace 1 enable 1)
		eval $memory\rom0.rom$rdmux[0][2][1]$352 (replace 1 enable 1)
		eval $memory\rom0.rom$rdmux[0][3][3]$370 (replace 1 enable 1)
		eval $memory\rom0.rom$rdmux[0][3][2]$367 (replace 1 enable 1)
		eval $memory\rom0.rom$rdmux[0][2][0]$349 (replace 1 enable 1)
		eval $memory\rom0.rom$rdmux[0][3][1]$364 (replace 1 enable 1)
		eval $memory\rom0.rom$rdmux[0][3][0]$361 (replace 1 enable 1)
  Analyzing evaluation results.
Removed 0 multiplexer ports.

13.3.4. Executing OPT_REDUCE pass (consolidate $*mux and $reduce_* inputs).
  Optimizing cells in module \top.
    Consolidated identical input bits for $mux cell $memory\rom0.rom$rdmux[0][3][0]$361:
      Old ports: A=8'10001010, B=8'10010000, Y=$memory\rom0.rom$rdmux[0][2][0]$a$350
      New ports: A=2'01, B=2'10, Y={ $memory\rom0.rom$rdmux[0][2][0]$a$350 [4] $memory\rom0.rom$rdmux[0][2][0]$a$350 [1] }
      New connections: { $memory\rom0.rom$rdmux[0][2][0]$a$350 [7:5] $memory\rom0.rom$rdmux[0][2][0]$a$350 [3:2] $memory\rom0.rom$rdmux[0][2][0]$a$350 [0] } = { 3'100 $memory\rom0.rom$rdmux[0][2][0]$a$350 [1] 2'00 }
    Consolidated identical input bits for $mux cell $memory\rom0.rom$rdmux[0][3][4]$373:
      Old ports: A=8'11011111, B=8'x, Y=$memory\rom0.rom$rdmux[0][2][2]$a$356
      New ports: A=2'01, B=2'x, Y={ $memory\rom0.rom$rdmux[0][2][2]$a$356 [5] $memory\rom0.rom$rdmux[0][2][2]$a$356 [0] }
      New connections: { $memory\rom0.rom$rdmux[0][2][2]$a$356 [7:6] $memory\rom0.rom$rdmux[0][2][2]$a$356 [4:1] } = { $memory\rom0.rom$rdmux[0][2][2]$a$356 [0] $memory\rom0.rom$rdmux[0][2][2]$a$356 [0] $memory\rom0.rom$rdmux[0][2][2]$a$356 [0] $memory\rom0.rom$rdmux[0][2][2]$a$356 [0] $memory\rom0.rom$rdmux[0][2][2]$a$356 [0] $memory\rom0.rom$rdmux[0][2][2]$a$356 [0] }
    Consolidated identical input bits for $mux cell $memory\rom0.rom$rdmux[0][3][2]$367:
      Old ports: A=8'00010111, B=8'00101001, Y=$memory\rom0.rom$rdmux[0][2][1]$a$353
      New ports: A=2'01, B=2'10, Y={ $memory\rom0.rom$rdmux[0][2][1]$a$353 [3] $memory\rom0.rom$rdmux[0][2][1]$a$353 [1] }
      New connections: { $memory\rom0.rom$rdmux[0][2][1]$a$353 [7:4] $memory\rom0.rom$rdmux[0][2][1]$a$353 [2] $memory\rom0.rom$rdmux[0][2][1]$a$353 [0] } = { 2'00 $memory\rom0.rom$rdmux[0][2][1]$a$353 [3] $memory\rom0.rom$rdmux[0][2][1]$a$353 [1] $memory\rom0.rom$rdmux[0][2][1]$a$353 [1] 1'1 }
    Consolidated identical input bits for $mux cell $memory\rom0.rom$rdmux[0][3][3]$370:
      Old ports: A=8'11010001, B=8'01001000, Y=$memory\rom0.rom$rdmux[0][2][1]$b$354
      New ports: A=2'01, B=2'10, Y={ $memory\rom0.rom$rdmux[0][2][1]$b$354 [3] $memory\rom0.rom$rdmux[0][2][1]$b$354 [0] }
      New connections: { $memory\rom0.rom$rdmux[0][2][1]$b$354 [7:4] $memory\rom0.rom$rdmux[0][2][1]$b$354 [2:1] } = { $memory\rom0.rom$rdmux[0][2][1]$b$354 [0] 2'10 $memory\rom0.rom$rdmux[0][2][1]$b$354 [0] 2'00 }
    Consolidated identical input bits for $mux cell $memory\rom0.rom$rdmux[0][3][1]$364:
      Old ports: A=8'10100000, B=8'10110001, Y=$memory\rom0.rom$rdmux[0][2][0]$b$351
      New ports: A=1'0, B=1'1, Y=$memory\rom0.rom$rdmux[0][2][0]$b$351 [0]
      New connections: $memory\rom0.rom$rdmux[0][2][0]$b$351 [7:1] = { 3'101 $memory\rom0.rom$rdmux[0][2][0]$b$351 [0] 3'000 }
    Consolidated identical input bits for $mux cell $memory$flatten\bcd7seg1.$auto$proc_rom.cc:155:do_switch$55$rdmux[0][3][6]$249:
      Old ports: A=7'0110001, B=7'1000010, Y=$memory$flatten\bcd7seg1.$auto$proc_rom.cc:155:do_switch$55$rdmux[0][2][3]$a$229
      New ports: A=2'01, B=2'10, Y=$memory$flatten\bcd7seg1.$auto$proc_rom.cc:155:do_switch$55$rdmux[0][2][3]$a$229 [1:0]
      New connections: $memory$flatten\bcd7seg1.$auto$proc_rom.cc:155:do_switch$55$rdmux[0][2][3]$a$229 [6:2] = { $memory$flatten\bcd7seg1.$auto$proc_rom.cc:155:do_switch$55$rdmux[0][2][3]$a$229 [1:0] $memory$flatten\bcd7seg1.$auto$proc_rom.cc:155:do_switch$55$rdmux[0][2][3]$a$229 [0] 2'00 }
    Consolidated identical input bits for $mux cell $memory$flatten\bcd7seg1.$auto$proc_rom.cc:155:do_switch$55$rdmux[0][3][5]$246:
      Old ports: A=7'0001000, B=7'1100000, Y=$memory$flatten\bcd7seg1.$auto$proc_rom.cc:155:do_switch$55$rdmux[0][2][2]$b$227
      New ports: A=2'01, B=2'10, Y={ $memory$flatten\bcd7seg1.$auto$proc_rom.cc:155:do_switch$55$rdmux[0][2][2]$b$227 [5] $memory$flatten\bcd7seg1.$auto$proc_rom.cc:155:do_switch$55$rdmux[0][2][2]$b$227 [3] }
      New connections: { $memory$flatten\bcd7seg1.$auto$proc_rom.cc:155:do_switch$55$rdmux[0][2][2]$b$227 [6] $memory$flatten\bcd7seg1.$auto$proc_rom.cc:155:do_switch$55$rdmux[0][2][2]$b$227 [4] $memory$flatten\bcd7seg1.$auto$proc_rom.cc:155:do_switch$55$rdmux[0][2][2]$b$227 [2:0] } = { $memory$flatten\bcd7seg1.$auto$proc_rom.cc:155:do_switch$55$rdmux[0][2][2]$b$227 [5] 4'0000 }
    Consolidated identical input bits for $mux cell $memory$flatten\bcd7seg1.$auto$proc_rom.cc:155:do_switch$55$rdmux[0][3][4]$243:
      Old ports: A=7'0000000, B=7'0000100, Y=$memory$flatten\bcd7seg1.$auto$proc_rom.cc:155:do_switch$55$rdmux[0][2][2]$a$226
      New ports: A=1'0, B=1'1, Y=$memory$flatten\bcd7seg1.$auto$proc_rom.cc:155:do_switch$55$rdmux[0][2][2]$a$226 [2]
      New connections: { $memory$flatten\bcd7seg1.$auto$proc_rom.cc:155:do_switch$55$rdmux[0][2][2]$a$226 [6:3] $memory$flatten\bcd7seg1.$auto$proc_rom.cc:155:do_switch$55$rdmux[0][2][2]$a$226 [1:0] } = 6'000000
    Consolidated identical input bits for $mux cell $memory$flatten\bcd7seg1.$auto$proc_rom.cc:155:do_switch$55$rdmux[0][3][3]$240:
      Old ports: A=7'0100000, B=7'0001111, Y=$memory$flatten\bcd7seg1.$auto$proc_rom.cc:155:do_switch$55$rdmux[0][2][1]$b$224
      New ports: A=2'10, B=2'01, Y={ $memory$flatten\bcd7seg1.$auto$proc_rom.cc:155:do_switch$55$rdmux[0][2][1]$b$224 [5] $memory$flatten\bcd7seg1.$auto$proc_rom.cc:155:do_switch$55$rdmux[0][2][1]$b$224 [0] }
      New connections: { $memory$flatten\bcd7seg1.$auto$proc_rom.cc:155:do_switch$55$rdmux[0][2][1]$b$224 [6] $memory$flatten\bcd7seg1.$auto$proc_rom.cc:155:do_switch$55$rdmux[0][2][1]$b$224 [4:1] } = { 2'00 $memory$flatten\bcd7seg1.$auto$proc_rom.cc:155:do_switch$55$rdmux[0][2][1]$b$224 [0] $memory$flatten\bcd7seg1.$auto$proc_rom.cc:155:do_switch$55$rdmux[0][2][1]$b$224 [0] $memory$flatten\bcd7seg1.$auto$proc_rom.cc:155:do_switch$55$rdmux[0][2][1]$b$224 [0] }
    Consolidated identical input bits for $mux cell $memory$flatten\bcd7seg1.$auto$proc_rom.cc:155:do_switch$55$rdmux[0][3][2]$237:
      Old ports: A=7'1001100, B=7'0100100, Y=$memory$flatten\bcd7seg1.$auto$proc_rom.cc:155:do_switch$55$rdmux[0][2][1]$a$223
      New ports: A=2'01, B=2'10, Y={ $memory$flatten\bcd7seg1.$auto$proc_rom.cc:155:do_switch$55$rdmux[0][2][1]$a$223 [5] $memory$flatten\bcd7seg1.$auto$proc_rom.cc:155:do_switch$55$rdmux[0][2][1]$a$223 [3] }
      New connections: { $memory$flatten\bcd7seg1.$auto$proc_rom.cc:155:do_switch$55$rdmux[0][2][1]$a$223 [6] $memory$flatten\bcd7seg1.$auto$proc_rom.cc:155:do_switch$55$rdmux[0][2][1]$a$223 [4] $memory$flatten\bcd7seg1.$auto$proc_rom.cc:155:do_switch$55$rdmux[0][2][1]$a$223 [2:0] } = { $memory$flatten\bcd7seg1.$auto$proc_rom.cc:155:do_switch$55$rdmux[0][2][1]$a$223 [3] 4'0100 }
    Consolidated identical input bits for $mux cell $memory$flatten\bcd7seg1.$auto$proc_rom.cc:155:do_switch$55$rdmux[0][3][1]$234:
      Old ports: A=7'0010010, B=7'0000110, Y=$memory$flatten\bcd7seg1.$auto$proc_rom.cc:155:do_switch$55$rdmux[0][2][0]$b$221
      New ports: A=2'10, B=2'01, Y={ $memory$flatten\bcd7seg1.$auto$proc_rom.cc:155:do_switch$55$rdmux[0][2][0]$b$221 [4] $memory$flatten\bcd7seg1.$auto$proc_rom.cc:155:do_switch$55$rdmux[0][2][0]$b$221 [2] }
      New connections: { $memory$flatten\bcd7seg1.$auto$proc_rom.cc:155:do_switch$55$rdmux[0][2][0]$b$221 [6:5] $memory$flatten\bcd7seg1.$auto$proc_rom.cc:155:do_switch$55$rdmux[0][2][0]$b$221 [3] $memory$flatten\bcd7seg1.$auto$proc_rom.cc:155:do_switch$55$rdmux[0][2][0]$b$221 [1:0] } = 5'00010
    Consolidated identical input bits for $mux cell $memory$flatten\bcd7seg1.$auto$proc_rom.cc:155:do_switch$55$rdmux[0][3][0]$231:
      Old ports: A=7'0000001, B=7'1001111, Y=$memory$flatten\bcd7seg1.$auto$proc_rom.cc:155:do_switch$55$rdmux[0][2][0]$a$220
      New ports: A=1'0, B=1'1, Y=$memory$flatten\bcd7seg1.$auto$proc_rom.cc:155:do_switch$55$rdmux[0][2][0]$a$220 [1]
      New connections: { $memory$flatten\bcd7seg1.$auto$proc_rom.cc:155:do_switch$55$rdmux[0][2][0]$a$220 [6:2] $memory$flatten\bcd7seg1.$auto$proc_rom.cc:155:do_switch$55$rdmux[0][2][0]$a$220 [0] } = { $memory$flatten\bcd7seg1.$auto$proc_rom.cc:155:do_switch$55$rdmux[0][2][0]$a$220 [1] 2'00 $memory$flatten\bcd7seg1.$auto$proc_rom.cc:155:do_switch$55$rdmux[0][2][0]$a$220 [1] $memory$flatten\bcd7seg1.$auto$proc_rom.cc:155:do_switch$55$rdmux[0][2][0]$a$220 [1] 1'1 }
    Consolidated identical input bits for $mux cell $memory$flatten\bcd7seg0.$auto$proc_rom.cc:155:do_switch$55$rdmux[0][3][6]$204:
      Old ports: A=7'0110001, B=7'1000010, Y=$memory$flatten\bcd7seg0.$auto$proc_rom.cc:155:do_switch$55$rdmux[0][2][3]$a$184
      New ports: A=2'01, B=2'10, Y=$memory$flatten\bcd7seg0.$auto$proc_rom.cc:155:do_switch$55$rdmux[0][2][3]$a$184 [1:0]
      New connections: $memory$flatten\bcd7seg0.$auto$proc_rom.cc:155:do_switch$55$rdmux[0][2][3]$a$184 [6:2] = { $memory$flatten\bcd7seg0.$auto$proc_rom.cc:155:do_switch$55$rdmux[0][2][3]$a$184 [1:0] $memory$flatten\bcd7seg0.$auto$proc_rom.cc:155:do_switch$55$rdmux[0][2][3]$a$184 [0] 2'00 }
    Consolidated identical input bits for $mux cell $memory$flatten\bcd7seg0.$auto$proc_rom.cc:155:do_switch$55$rdmux[0][3][5]$201:
      Old ports: A=7'0001000, B=7'1100000, Y=$memory$flatten\bcd7seg0.$auto$proc_rom.cc:155:do_switch$55$rdmux[0][2][2]$b$182
      New ports: A=2'01, B=2'10, Y={ $memory$flatten\bcd7seg0.$auto$proc_rom.cc:155:do_switch$55$rdmux[0][2][2]$b$182 [5] $memory$flatten\bcd7seg0.$auto$proc_rom.cc:155:do_switch$55$rdmux[0][2][2]$b$182 [3] }
      New connections: { $memory$flatten\bcd7seg0.$auto$proc_rom.cc:155:do_switch$55$rdmux[0][2][2]$b$182 [6] $memory$flatten\bcd7seg0.$auto$proc_rom.cc:155:do_switch$55$rdmux[0][2][2]$b$182 [4] $memory$flatten\bcd7seg0.$auto$proc_rom.cc:155:do_switch$55$rdmux[0][2][2]$b$182 [2:0] } = { $memory$flatten\bcd7seg0.$auto$proc_rom.cc:155:do_switch$55$rdmux[0][2][2]$b$182 [5] 4'0000 }
    Consolidated identical input bits for $mux cell $memory$flatten\bcd7seg0.$auto$proc_rom.cc:155:do_switch$55$rdmux[0][3][4]$198:
      Old ports: A=7'0000000, B=7'0000100, Y=$memory$flatten\bcd7seg0.$auto$proc_rom.cc:155:do_switch$55$rdmux[0][2][2]$a$181
      New ports: A=1'0, B=1'1, Y=$memory$flatten\bcd7seg0.$auto$proc_rom.cc:155:do_switch$55$rdmux[0][2][2]$a$181 [2]
      New connections: { $memory$flatten\bcd7seg0.$auto$proc_rom.cc:155:do_switch$55$rdmux[0][2][2]$a$181 [6:3] $memory$flatten\bcd7seg0.$auto$proc_rom.cc:155:do_switch$55$rdmux[0][2][2]$a$181 [1:0] } = 6'000000
    Consolidated identical input bits for $mux cell $memory$flatten\bcd7seg0.$auto$proc_rom.cc:155:do_switch$55$rdmux[0][3][3]$195:
      Old ports: A=7'0100000, B=7'0001111, Y=$memory$flatten\bcd7seg0.$auto$proc_rom.cc:155:do_switch$55$rdmux[0][2][1]$b$179
      New ports: A=2'10, B=2'01, Y={ $memory$flatten\bcd7seg0.$auto$proc_rom.cc:155:do_switch$55$rdmux[0][2][1]$b$179 [5] $memory$flatten\bcd7seg0.$auto$proc_rom.cc:155:do_switch$55$rdmux[0][2][1]$b$179 [0] }
      New connections: { $memory$flatten\bcd7seg0.$auto$proc_rom.cc:155:do_switch$55$rdmux[0][2][1]$b$179 [6] $memory$flatten\bcd7seg0.$auto$proc_rom.cc:155:do_switch$55$rdmux[0][2][1]$b$179 [4:1] } = { 2'00 $memory$flatten\bcd7seg0.$auto$proc_rom.cc:155:do_switch$55$rdmux[0][2][1]$b$179 [0] $memory$flatten\bcd7seg0.$auto$proc_rom.cc:155:do_switch$55$rdmux[0][2][1]$b$179 [0] $memory$flatten\bcd7seg0.$auto$proc_rom.cc:155:do_switch$55$rdmux[0][2][1]$b$179 [0] }
    Consolidated identical input bits for $mux cell $memory$flatten\bcd7seg0.$auto$proc_rom.cc:155:do_switch$55$rdmux[0][3][2]$192:
      Old ports: A=7'1001100, B=7'0100100, Y=$memory$flatten\bcd7seg0.$auto$proc_rom.cc:155:do_switch$55$rdmux[0][2][1]$a$178
      New ports: A=2'01, B=2'10, Y={ $memory$flatten\bcd7seg0.$auto$proc_rom.cc:155:do_switch$55$rdmux[0][2][1]$a$178 [5] $memory$flatten\bcd7seg0.$auto$proc_rom.cc:155:do_switch$55$rdmux[0][2][1]$a$178 [3] }
      New connections: { $memory$flatten\bcd7seg0.$auto$proc_rom.cc:155:do_switch$55$rdmux[0][2][1]$a$178 [6] $memory$flatten\bcd7seg0.$auto$proc_rom.cc:155:do_switch$55$rdmux[0][2][1]$a$178 [4] $memory$flatten\bcd7seg0.$auto$proc_rom.cc:155:do_switch$55$rdmux[0][2][1]$a$178 [2:0] } = { $memory$flatten\bcd7seg0.$auto$proc_rom.cc:155:do_switch$55$rdmux[0][2][1]$a$178 [3] 4'0100 }
    Consolidated identical input bits for $mux cell $memory$flatten\bcd7seg0.$auto$proc_rom.cc:155:do_switch$55$rdmux[0][3][1]$189:
      Old ports: A=7'0010010, B=7'0000110, Y=$memory$flatten\bcd7seg0.$auto$proc_rom.cc:155:do_switch$55$rdmux[0][2][0]$b$176
      New ports: A=2'10, B=2'01, Y={ $memory$flatten\bcd7seg0.$auto$proc_rom.cc:155:do_switch$55$rdmux[0][2][0]$b$176 [4] $memory$flatten\bcd7seg0.$auto$proc_rom.cc:155:do_switch$55$rdmux[0][2][0]$b$176 [2] }
      New connections: { $memory$flatten\bcd7seg0.$auto$proc_rom.cc:155:do_switch$55$rdmux[0][2][0]$b$176 [6:5] $memory$flatten\bcd7seg0.$auto$proc_rom.cc:155:do_switch$55$rdmux[0][2][0]$b$176 [3] $memory$flatten\bcd7seg0.$auto$proc_rom.cc:155:do_switch$55$rdmux[0][2][0]$b$176 [1:0] } = 5'00010
    Consolidated identical input bits for $mux cell $memory$flatten\bcd7seg0.$auto$proc_rom.cc:155:do_switch$55$rdmux[0][3][0]$186:
      Old ports: A=7'0000001, B=7'1001111, Y=$memory$flatten\bcd7seg0.$auto$proc_rom.cc:155:do_switch$55$rdmux[0][2][0]$a$175
      New ports: A=1'0, B=1'1, Y=$memory$flatten\bcd7seg0.$auto$proc_rom.cc:155:do_switch$55$rdmux[0][2][0]$a$175 [1]
      New connections: { $memory$flatten\bcd7seg0.$auto$proc_rom.cc:155:do_switch$55$rdmux[0][2][0]$a$175 [6:2] $memory$flatten\bcd7seg0.$auto$proc_rom.cc:155:do_switch$55$rdmux[0][2][0]$a$175 [0] } = { $memory$flatten\bcd7seg0.$auto$proc_rom.cc:155:do_switch$55$rdmux[0][2][0]$a$175 [1] 2'00 $memory$flatten\bcd7seg0.$auto$proc_rom.cc:155:do_switch$55$rdmux[0][2][0]$a$175 [1] $memory$flatten\bcd7seg0.$auto$proc_rom.cc:155:do_switch$55$rdmux[0][2][0]$a$175 [1] 1'1 }
    Consolidated identical input bits for $mux cell $memory$flatten\bcd7seg0.$auto$proc_rom.cc:155:do_switch$55$rdmux[0][3][7]$207:
      Old ports: A=7'0110000, B=7'0111000, Y=$memory$flatten\bcd7seg0.$auto$proc_rom.cc:155:do_switch$55$rdmux[0][2][3]$b$185
      New ports: A=1'0, B=1'1, Y=$memory$flatten\bcd7seg0.$auto$proc_rom.cc:155:do_switch$55$rdmux[0][2][3]$b$185 [3]
      New connections: { $memory$flatten\bcd7seg0.$auto$proc_rom.cc:155:do_switch$55$rdmux[0][2][3]$b$185 [6:4] $memory$flatten\bcd7seg0.$auto$proc_rom.cc:155:do_switch$55$rdmux[0][2][3]$b$185 [2:0] } = 6'011000
    Consolidated identical input bits for $mux cell $memory$flatten\bcd7seg1.$auto$proc_rom.cc:155:do_switch$55$rdmux[0][3][7]$252:
      Old ports: A=7'0110000, B=7'0111000, Y=$memory$flatten\bcd7seg1.$auto$proc_rom.cc:155:do_switch$55$rdmux[0][2][3]$b$230
      New ports: A=1'0, B=1'1, Y=$memory$flatten\bcd7seg1.$auto$proc_rom.cc:155:do_switch$55$rdmux[0][2][3]$b$230 [3]
      New connections: { $memory$flatten\bcd7seg1.$auto$proc_rom.cc:155:do_switch$55$rdmux[0][2][3]$b$230 [6:4] $memory$flatten\bcd7seg1.$auto$proc_rom.cc:155:do_switch$55$rdmux[0][2][3]$b$230 [2:0] } = 6'011000
  Optimizing cells in module \top.
    Consolidated identical input bits for $mux cell $memory\rom0.rom$rdmux[0][2][0]$349:
      Old ports: A=$memory\rom0.rom$rdmux[0][2][0]$a$350, B=$memory\rom0.rom$rdmux[0][2][0]$b$351, Y=$memory\rom0.rom$rdmux[0][1][0]$a$344
      New ports: A={ 1'0 $memory\rom0.rom$rdmux[0][2][0]$a$350 [4] $memory\rom0.rom$rdmux[0][2][0]$a$350 [1] 1'0 }, B={ 1'1 $memory\rom0.rom$rdmux[0][2][0]$b$351 [0] 1'0 $memory\rom0.rom$rdmux[0][2][0]$b$351 [0] }, Y={ $memory\rom0.rom$rdmux[0][1][0]$a$344 [5:4] $memory\rom0.rom$rdmux[0][1][0]$a$344 [1:0] }
      New connections: { $memory\rom0.rom$rdmux[0][1][0]$a$344 [7:6] $memory\rom0.rom$rdmux[0][1][0]$a$344 [3:2] } = { 2'10 $memory\rom0.rom$rdmux[0][1][0]$a$344 [1] 1'0 }
    Consolidated identical input bits for $mux cell $memory\rom0.rom$rdmux[0][2][1]$352:
      Old ports: A=$memory\rom0.rom$rdmux[0][2][1]$a$353, B=$memory\rom0.rom$rdmux[0][2][1]$b$354, Y=$memory\rom0.rom$rdmux[0][1][0]$b$345
      New ports: A={ 2'00 $memory\rom0.rom$rdmux[0][2][1]$a$353 [3] $memory\rom0.rom$rdmux[0][2][1]$a$353 [1] $memory\rom0.rom$rdmux[0][2][1]$a$353 [3] $memory\rom0.rom$rdmux[0][2][1]$a$353 [1] 1'1 }, B={ $memory\rom0.rom$rdmux[0][2][1]$b$354 [0] 2'10 $memory\rom0.rom$rdmux[0][2][1]$b$354 [0] $memory\rom0.rom$rdmux[0][2][1]$b$354 [3] 1'0 $memory\rom0.rom$rdmux[0][2][1]$b$354 [0] }, Y={ $memory\rom0.rom$rdmux[0][1][0]$b$345 [7:3] $memory\rom0.rom$rdmux[0][1][0]$b$345 [1:0] }
      New connections: $memory\rom0.rom$rdmux[0][1][0]$b$345 [2] = $memory\rom0.rom$rdmux[0][1][0]$b$345 [1]
    Consolidated identical input bits for $mux cell $memory\rom0.rom$rdmux[0][2][2]$355:
      Old ports: A=$memory\rom0.rom$rdmux[0][2][2]$a$356, B=8'x, Y=$memory\rom0.rom$rdmux[0][1][1]$a$347
      New ports: A={ $memory\rom0.rom$rdmux[0][2][2]$a$356 [5] $memory\rom0.rom$rdmux[0][2][2]$a$356 [0] }, B=2'x, Y={ $memory\rom0.rom$rdmux[0][1][1]$a$347 [5] $memory\rom0.rom$rdmux[0][1][1]$a$347 [0] }
      New connections: { $memory\rom0.rom$rdmux[0][1][1]$a$347 [7:6] $memory\rom0.rom$rdmux[0][1][1]$a$347 [4:1] } = { $memory\rom0.rom$rdmux[0][1][1]$a$347 [0] $memory\rom0.rom$rdmux[0][1][1]$a$347 [0] $memory\rom0.rom$rdmux[0][1][1]$a$347 [0] $memory\rom0.rom$rdmux[0][1][1]$a$347 [0] $memory\rom0.rom$rdmux[0][1][1]$a$347 [0] $memory\rom0.rom$rdmux[0][1][1]$a$347 [0] }
    Consolidated identical input bits for $mux cell $memory$flatten\bcd7seg1.$auto$proc_rom.cc:155:do_switch$55$rdmux[0][2][3]$228:
      Old ports: A=$memory$flatten\bcd7seg1.$auto$proc_rom.cc:155:do_switch$55$rdmux[0][2][3]$a$229, B=$memory$flatten\bcd7seg1.$auto$proc_rom.cc:155:do_switch$55$rdmux[0][2][3]$b$230, Y=$memory$flatten\bcd7seg1.$auto$proc_rom.cc:155:do_switch$55$rdmux[0][1][1]$b$218
      New ports: A={ $memory$flatten\bcd7seg1.$auto$proc_rom.cc:155:do_switch$55$rdmux[0][2][3]$a$229 [0] 1'0 $memory$flatten\bcd7seg1.$auto$proc_rom.cc:155:do_switch$55$rdmux[0][2][3]$a$229 [1:0] }, B={ 1'1 $memory$flatten\bcd7seg1.$auto$proc_rom.cc:155:do_switch$55$rdmux[0][2][3]$b$230 [3] 2'00 }, Y={ $memory$flatten\bcd7seg1.$auto$proc_rom.cc:155:do_switch$55$rdmux[0][1][1]$b$218 [4:3] $memory$flatten\bcd7seg1.$auto$proc_rom.cc:155:do_switch$55$rdmux[0][1][1]$b$218 [1:0] }
      New connections: { $memory$flatten\bcd7seg1.$auto$proc_rom.cc:155:do_switch$55$rdmux[0][1][1]$b$218 [6:5] $memory$flatten\bcd7seg1.$auto$proc_rom.cc:155:do_switch$55$rdmux[0][1][1]$b$218 [2] } = { $memory$flatten\bcd7seg1.$auto$proc_rom.cc:155:do_switch$55$rdmux[0][1][1]$b$218 [1] $memory$flatten\bcd7seg1.$auto$proc_rom.cc:155:do_switch$55$rdmux[0][1][1]$b$218 [4] 1'0 }
    Consolidated identical input bits for $mux cell $memory$flatten\bcd7seg1.$auto$proc_rom.cc:155:do_switch$55$rdmux[0][2][2]$225:
      Old ports: A=$memory$flatten\bcd7seg1.$auto$proc_rom.cc:155:do_switch$55$rdmux[0][2][2]$a$226, B=$memory$flatten\bcd7seg1.$auto$proc_rom.cc:155:do_switch$55$rdmux[0][2][2]$b$227, Y=$memory$flatten\bcd7seg1.$auto$proc_rom.cc:155:do_switch$55$rdmux[0][1][1]$a$217
      New ports: A={ 2'00 $memory$flatten\bcd7seg1.$auto$proc_rom.cc:155:do_switch$55$rdmux[0][2][2]$a$226 [2] }, B={ $memory$flatten\bcd7seg1.$auto$proc_rom.cc:155:do_switch$55$rdmux[0][2][2]$b$227 [5] $memory$flatten\bcd7seg1.$auto$proc_rom.cc:155:do_switch$55$rdmux[0][2][2]$b$227 [3] 1'0 }, Y={ $memory$flatten\bcd7seg1.$auto$proc_rom.cc:155:do_switch$55$rdmux[0][1][1]$a$217 [5] $memory$flatten\bcd7seg1.$auto$proc_rom.cc:155:do_switch$55$rdmux[0][1][1]$a$217 [3:2] }
      New connections: { $memory$flatten\bcd7seg1.$auto$proc_rom.cc:155:do_switch$55$rdmux[0][1][1]$a$217 [6] $memory$flatten\bcd7seg1.$auto$proc_rom.cc:155:do_switch$55$rdmux[0][1][1]$a$217 [4] $memory$flatten\bcd7seg1.$auto$proc_rom.cc:155:do_switch$55$rdmux[0][1][1]$a$217 [1:0] } = { $memory$flatten\bcd7seg1.$auto$proc_rom.cc:155:do_switch$55$rdmux[0][1][1]$a$217 [5] 3'000 }
    Consolidated identical input bits for $mux cell $memory$flatten\bcd7seg1.$auto$proc_rom.cc:155:do_switch$55$rdmux[0][2][1]$222:
      Old ports: A=$memory$flatten\bcd7seg1.$auto$proc_rom.cc:155:do_switch$55$rdmux[0][2][1]$a$223, B=$memory$flatten\bcd7seg1.$auto$proc_rom.cc:155:do_switch$55$rdmux[0][2][1]$b$224, Y=$memory$flatten\bcd7seg1.$auto$proc_rom.cc:155:do_switch$55$rdmux[0][1][0]$b$215
      New ports: A={ $memory$flatten\bcd7seg1.$auto$proc_rom.cc:155:do_switch$55$rdmux[0][2][1]$a$223 [3] $memory$flatten\bcd7seg1.$auto$proc_rom.cc:155:do_switch$55$rdmux[0][2][1]$a$223 [5] $memory$flatten\bcd7seg1.$auto$proc_rom.cc:155:do_switch$55$rdmux[0][2][1]$a$223 [3] 2'10 }, B={ 1'0 $memory$flatten\bcd7seg1.$auto$proc_rom.cc:155:do_switch$55$rdmux[0][2][1]$b$224 [5] $memory$flatten\bcd7seg1.$auto$proc_rom.cc:155:do_switch$55$rdmux[0][2][1]$b$224 [0] $memory$flatten\bcd7seg1.$auto$proc_rom.cc:155:do_switch$55$rdmux[0][2][1]$b$224 [0] $memory$flatten\bcd7seg1.$auto$proc_rom.cc:155:do_switch$55$rdmux[0][2][1]$b$224 [0] }, Y={ $memory$flatten\bcd7seg1.$auto$proc_rom.cc:155:do_switch$55$rdmux[0][1][0]$b$215 [6:5] $memory$flatten\bcd7seg1.$auto$proc_rom.cc:155:do_switch$55$rdmux[0][1][0]$b$215 [3:2] $memory$flatten\bcd7seg1.$auto$proc_rom.cc:155:do_switch$55$rdmux[0][1][0]$b$215 [0] }
      New connections: { $memory$flatten\bcd7seg1.$auto$proc_rom.cc:155:do_switch$55$rdmux[0][1][0]$b$215 [4] $memory$flatten\bcd7seg1.$auto$proc_rom.cc:155:do_switch$55$rdmux[0][1][0]$b$215 [1] } = { 1'0 $memory$flatten\bcd7seg1.$auto$proc_rom.cc:155:do_switch$55$rdmux[0][1][0]$b$215 [0] }
    Consolidated identical input bits for $mux cell $memory$flatten\bcd7seg1.$auto$proc_rom.cc:155:do_switch$55$rdmux[0][2][0]$219:
      Old ports: A=$memory$flatten\bcd7seg1.$auto$proc_rom.cc:155:do_switch$55$rdmux[0][2][0]$a$220, B=$memory$flatten\bcd7seg1.$auto$proc_rom.cc:155:do_switch$55$rdmux[0][2][0]$b$221, Y=$memory$flatten\bcd7seg1.$auto$proc_rom.cc:155:do_switch$55$rdmux[0][1][0]$a$214
      New ports: A={ 1'0 $memory$flatten\bcd7seg1.$auto$proc_rom.cc:155:do_switch$55$rdmux[0][2][0]$a$220 [1] $memory$flatten\bcd7seg1.$auto$proc_rom.cc:155:do_switch$55$rdmux[0][2][0]$a$220 [1] $memory$flatten\bcd7seg1.$auto$proc_rom.cc:155:do_switch$55$rdmux[0][2][0]$a$220 [1] 1'1 }, B={ $memory$flatten\bcd7seg1.$auto$proc_rom.cc:155:do_switch$55$rdmux[0][2][0]$b$221 [4] 1'0 $memory$flatten\bcd7seg1.$auto$proc_rom.cc:155:do_switch$55$rdmux[0][2][0]$b$221 [2] 2'10 }, Y=$memory$flatten\bcd7seg1.$auto$proc_rom.cc:155:do_switch$55$rdmux[0][1][0]$a$214 [4:0]
      New connections: $memory$flatten\bcd7seg1.$auto$proc_rom.cc:155:do_switch$55$rdmux[0][1][0]$a$214 [6:5] = { $memory$flatten\bcd7seg1.$auto$proc_rom.cc:155:do_switch$55$rdmux[0][1][0]$a$214 [3] 1'0 }
    Consolidated identical input bits for $mux cell $memory$flatten\bcd7seg0.$auto$proc_rom.cc:155:do_switch$55$rdmux[0][2][3]$183:
      Old ports: A=$memory$flatten\bcd7seg0.$auto$proc_rom.cc:155:do_switch$55$rdmux[0][2][3]$a$184, B=$memory$flatten\bcd7seg0.$auto$proc_rom.cc:155:do_switch$55$rdmux[0][2][3]$b$185, Y=$memory$flatten\bcd7seg0.$auto$proc_rom.cc:155:do_switch$55$rdmux[0][1][1]$b$173
      New ports: A={ $memory$flatten\bcd7seg0.$auto$proc_rom.cc:155:do_switch$55$rdmux[0][2][3]$a$184 [0] 1'0 $memory$flatten\bcd7seg0.$auto$proc_rom.cc:155:do_switch$55$rdmux[0][2][3]$a$184 [1:0] }, B={ 1'1 $memory$flatten\bcd7seg0.$auto$proc_rom.cc:155:do_switch$55$rdmux[0][2][3]$b$185 [3] 2'00 }, Y={ $memory$flatten\bcd7seg0.$auto$proc_rom.cc:155:do_switch$55$rdmux[0][1][1]$b$173 [4:3] $memory$flatten\bcd7seg0.$auto$proc_rom.cc:155:do_switch$55$rdmux[0][1][1]$b$173 [1:0] }
      New connections: { $memory$flatten\bcd7seg0.$auto$proc_rom.cc:155:do_switch$55$rdmux[0][1][1]$b$173 [6:5] $memory$flatten\bcd7seg0.$auto$proc_rom.cc:155:do_switch$55$rdmux[0][1][1]$b$173 [2] } = { $memory$flatten\bcd7seg0.$auto$proc_rom.cc:155:do_switch$55$rdmux[0][1][1]$b$173 [1] $memory$flatten\bcd7seg0.$auto$proc_rom.cc:155:do_switch$55$rdmux[0][1][1]$b$173 [4] 1'0 }
    Consolidated identical input bits for $mux cell $memory$flatten\bcd7seg0.$auto$proc_rom.cc:155:do_switch$55$rdmux[0][2][2]$180:
      Old ports: A=$memory$flatten\bcd7seg0.$auto$proc_rom.cc:155:do_switch$55$rdmux[0][2][2]$a$181, B=$memory$flatten\bcd7seg0.$auto$proc_rom.cc:155:do_switch$55$rdmux[0][2][2]$b$182, Y=$memory$flatten\bcd7seg0.$auto$proc_rom.cc:155:do_switch$55$rdmux[0][1][1]$a$172
      New ports: A={ 2'00 $memory$flatten\bcd7seg0.$auto$proc_rom.cc:155:do_switch$55$rdmux[0][2][2]$a$181 [2] }, B={ $memory$flatten\bcd7seg0.$auto$proc_rom.cc:155:do_switch$55$rdmux[0][2][2]$b$182 [5] $memory$flatten\bcd7seg0.$auto$proc_rom.cc:155:do_switch$55$rdmux[0][2][2]$b$182 [3] 1'0 }, Y={ $memory$flatten\bcd7seg0.$auto$proc_rom.cc:155:do_switch$55$rdmux[0][1][1]$a$172 [5] $memory$flatten\bcd7seg0.$auto$proc_rom.cc:155:do_switch$55$rdmux[0][1][1]$a$172 [3:2] }
      New connections: { $memory$flatten\bcd7seg0.$auto$proc_rom.cc:155:do_switch$55$rdmux[0][1][1]$a$172 [6] $memory$flatten\bcd7seg0.$auto$proc_rom.cc:155:do_switch$55$rdmux[0][1][1]$a$172 [4] $memory$flatten\bcd7seg0.$auto$proc_rom.cc:155:do_switch$55$rdmux[0][1][1]$a$172 [1:0] } = { $memory$flatten\bcd7seg0.$auto$proc_rom.cc:155:do_switch$55$rdmux[0][1][1]$a$172 [5] 3'000 }
    Consolidated identical input bits for $mux cell $memory$flatten\bcd7seg0.$auto$proc_rom.cc:155:do_switch$55$rdmux[0][2][1]$177:
      Old ports: A=$memory$flatten\bcd7seg0.$auto$proc_rom.cc:155:do_switch$55$rdmux[0][2][1]$a$178, B=$memory$flatten\bcd7seg0.$auto$proc_rom.cc:155:do_switch$55$rdmux[0][2][1]$b$179, Y=$memory$flatten\bcd7seg0.$auto$proc_rom.cc:155:do_switch$55$rdmux[0][1][0]$b$170
      New ports: A={ $memory$flatten\bcd7seg0.$auto$proc_rom.cc:155:do_switch$55$rdmux[0][2][1]$a$178 [3] $memory$flatten\bcd7seg0.$auto$proc_rom.cc:155:do_switch$55$rdmux[0][2][1]$a$178 [5] $memory$flatten\bcd7seg0.$auto$proc_rom.cc:155:do_switch$55$rdmux[0][2][1]$a$178 [3] 2'10 }, B={ 1'0 $memory$flatten\bcd7seg0.$auto$proc_rom.cc:155:do_switch$55$rdmux[0][2][1]$b$179 [5] $memory$flatten\bcd7seg0.$auto$proc_rom.cc:155:do_switch$55$rdmux[0][2][1]$b$179 [0] $memory$flatten\bcd7seg0.$auto$proc_rom.cc:155:do_switch$55$rdmux[0][2][1]$b$179 [0] $memory$flatten\bcd7seg0.$auto$proc_rom.cc:155:do_switch$55$rdmux[0][2][1]$b$179 [0] }, Y={ $memory$flatten\bcd7seg0.$auto$proc_rom.cc:155:do_switch$55$rdmux[0][1][0]$b$170 [6:5] $memory$flatten\bcd7seg0.$auto$proc_rom.cc:155:do_switch$55$rdmux[0][1][0]$b$170 [3:2] $memory$flatten\bcd7seg0.$auto$proc_rom.cc:155:do_switch$55$rdmux[0][1][0]$b$170 [0] }
      New connections: { $memory$flatten\bcd7seg0.$auto$proc_rom.cc:155:do_switch$55$rdmux[0][1][0]$b$170 [4] $memory$flatten\bcd7seg0.$auto$proc_rom.cc:155:do_switch$55$rdmux[0][1][0]$b$170 [1] } = { 1'0 $memory$flatten\bcd7seg0.$auto$proc_rom.cc:155:do_switch$55$rdmux[0][1][0]$b$170 [0] }
    Consolidated identical input bits for $mux cell $memory$flatten\bcd7seg0.$auto$proc_rom.cc:155:do_switch$55$rdmux[0][2][0]$174:
      Old ports: A=$memory$flatten\bcd7seg0.$auto$proc_rom.cc:155:do_switch$55$rdmux[0][2][0]$a$175, B=$memory$flatten\bcd7seg0.$auto$proc_rom.cc:155:do_switch$55$rdmux[0][2][0]$b$176, Y=$memory$flatten\bcd7seg0.$auto$proc_rom.cc:155:do_switch$55$rdmux[0][1][0]$a$169
      New ports: A={ 1'0 $memory$flatten\bcd7seg0.$auto$proc_rom.cc:155:do_switch$55$rdmux[0][2][0]$a$175 [1] $memory$flatten\bcd7seg0.$auto$proc_rom.cc:155:do_switch$55$rdmux[0][2][0]$a$175 [1] $memory$flatten\bcd7seg0.$auto$proc_rom.cc:155:do_switch$55$rdmux[0][2][0]$a$175 [1] 1'1 }, B={ $memory$flatten\bcd7seg0.$auto$proc_rom.cc:155:do_switch$55$rdmux[0][2][0]$b$176 [4] 1'0 $memory$flatten\bcd7seg0.$auto$proc_rom.cc:155:do_switch$55$rdmux[0][2][0]$b$176 [2] 2'10 }, Y=$memory$flatten\bcd7seg0.$auto$proc_rom.cc:155:do_switch$55$rdmux[0][1][0]$a$169 [4:0]
      New connections: $memory$flatten\bcd7seg0.$auto$proc_rom.cc:155:do_switch$55$rdmux[0][1][0]$a$169 [6:5] = { $memory$flatten\bcd7seg0.$auto$proc_rom.cc:155:do_switch$55$rdmux[0][1][0]$a$169 [3] 1'0 }
  Optimizing cells in module \top.
    Consolidated identical input bits for $mux cell $memory\rom0.rom$rdmux[0][1][1]$346:
      Old ports: A=$memory\rom0.rom$rdmux[0][1][1]$a$347, B=8'x, Y=$memory\rom0.rom$rdmux[0][0][0]$b$342
      New ports: A={ $memory\rom0.rom$rdmux[0][1][1]$a$347 [5] $memory\rom0.rom$rdmux[0][1][1]$a$347 [0] }, B=2'x, Y={ $memory\rom0.rom$rdmux[0][0][0]$b$342 [5] $memory\rom0.rom$rdmux[0][0][0]$b$342 [0] }
      New connections: { $memory\rom0.rom$rdmux[0][0][0]$b$342 [7:6] $memory\rom0.rom$rdmux[0][0][0]$b$342 [4:1] } = { $memory\rom0.rom$rdmux[0][0][0]$b$342 [0] $memory\rom0.rom$rdmux[0][0][0]$b$342 [0] $memory\rom0.rom$rdmux[0][0][0]$b$342 [0] $memory\rom0.rom$rdmux[0][0][0]$b$342 [0] $memory\rom0.rom$rdmux[0][0][0]$b$342 [0] $memory\rom0.rom$rdmux[0][0][0]$b$342 [0] }
  Optimizing cells in module \top.
Performed a total of 33 changes.

13.3.5. Executing OPT_MERGE pass (detect identical cells).
Finding identical cells in module `\top'.
  Cell `$memory\rom0.rom$rdmux[0][3][2]$367' is identical to cell `$memory\rom0.rom$rdmux[0][3][0]$361'.
    Redirecting output \Y: { $memory\rom0.rom$rdmux[0][2][1]$a$353 [3] $memory\rom0.rom$rdmux[0][2][1]$a$353 [1] } = { $memory\rom0.rom$rdmux[0][2][0]$a$350 [4] $memory\rom0.rom$rdmux[0][2][0]$a$350 [1] }
    Removing $mux cell `$memory\rom0.rom$rdmux[0][3][2]$367' from module `\top'.
  Cell `$memory\rom0.rom$rdmux[0][3][3]$370' is identical to cell `$memory\rom0.rom$rdmux[0][3][0]$361'.
    Redirecting output \Y: { $memory\rom0.rom$rdmux[0][2][1]$b$354 [3] $memory\rom0.rom$rdmux[0][2][1]$b$354 [0] } = { $memory\rom0.rom$rdmux[0][2][0]$a$350 [4] $memory\rom0.rom$rdmux[0][2][0]$a$350 [1] }
    Removing $mux cell `$memory\rom0.rom$rdmux[0][3][3]$370' from module `\top'.
  Cell `$memory$flatten\bcd7seg1.$auto$proc_rom.cc:155:do_switch$55$rdmux[0][3][5]$246' is identical to cell `$memory$flatten\bcd7seg1.$auto$proc_rom.cc:155:do_switch$55$rdmux[0][3][6]$249'.
    Redirecting output \Y: { $memory$flatten\bcd7seg1.$auto$proc_rom.cc:155:do_switch$55$rdmux[0][2][2]$b$227 [5] $memory$flatten\bcd7seg1.$auto$proc_rom.cc:155:do_switch$55$rdmux[0][2][2]$b$227 [3] } = $memory$flatten\bcd7seg1.$auto$proc_rom.cc:155:do_switch$55$rdmux[0][2][3]$a$229 [1:0]
    Removing $mux cell `$memory$flatten\bcd7seg1.$auto$proc_rom.cc:155:do_switch$55$rdmux[0][3][5]$246' from module `\top'.
  Cell `$memory$flatten\bcd7seg1.$auto$proc_rom.cc:155:do_switch$55$rdmux[0][3][2]$237' is identical to cell `$memory$flatten\bcd7seg1.$auto$proc_rom.cc:155:do_switch$55$rdmux[0][3][6]$249'.
    Redirecting output \Y: { $memory$flatten\bcd7seg1.$auto$proc_rom.cc:155:do_switch$55$rdmux[0][2][1]$a$223 [5] $memory$flatten\bcd7seg1.$auto$proc_rom.cc:155:do_switch$55$rdmux[0][2][1]$a$223 [3] } = $memory$flatten\bcd7seg1.$auto$proc_rom.cc:155:do_switch$55$rdmux[0][2][3]$a$229 [1:0]
    Removing $mux cell `$memory$flatten\bcd7seg1.$auto$proc_rom.cc:155:do_switch$55$rdmux[0][3][2]$237' from module `\top'.
  Cell `$memory$flatten\bcd7seg1.$auto$proc_rom.cc:155:do_switch$55$rdmux[0][3][1]$234' is identical to cell `$memory$flatten\bcd7seg1.$auto$proc_rom.cc:155:do_switch$55$rdmux[0][3][3]$240'.
    Redirecting output \Y: { $memory$flatten\bcd7seg1.$auto$proc_rom.cc:155:do_switch$55$rdmux[0][2][0]$b$221 [4] $memory$flatten\bcd7seg1.$auto$proc_rom.cc:155:do_switch$55$rdmux[0][2][0]$b$221 [2] } = { $memory$flatten\bcd7seg1.$auto$proc_rom.cc:155:do_switch$55$rdmux[0][2][1]$b$224 [5] $memory$flatten\bcd7seg1.$auto$proc_rom.cc:155:do_switch$55$rdmux[0][2][1]$b$224 [0] }
    Removing $mux cell `$memory$flatten\bcd7seg1.$auto$proc_rom.cc:155:do_switch$55$rdmux[0][3][1]$234' from module `\top'.
  Cell `$memory$flatten\bcd7seg1.$auto$proc_rom.cc:155:do_switch$55$rdmux[0][3][0]$231' is identical to cell `$memory$flatten\bcd7seg1.$auto$proc_rom.cc:155:do_switch$55$rdmux[0][3][4]$243'.
    Redirecting output \Y: $memory$flatten\bcd7seg1.$auto$proc_rom.cc:155:do_switch$55$rdmux[0][2][0]$a$220 [1] = $memory$flatten\bcd7seg1.$auto$proc_rom.cc:155:do_switch$55$rdmux[0][2][2]$a$226 [2]
    Removing $mux cell `$memory$flatten\bcd7seg1.$auto$proc_rom.cc:155:do_switch$55$rdmux[0][3][0]$231' from module `\top'.
  Cell `$memory$flatten\bcd7seg0.$auto$proc_rom.cc:155:do_switch$55$rdmux[0][3][5]$201' is identical to cell `$memory$flatten\bcd7seg0.$auto$proc_rom.cc:155:do_switch$55$rdmux[0][3][6]$204'.
    Redirecting output \Y: { $memory$flatten\bcd7seg0.$auto$proc_rom.cc:155:do_switch$55$rdmux[0][2][2]$b$182 [5] $memory$flatten\bcd7seg0.$auto$proc_rom.cc:155:do_switch$55$rdmux[0][2][2]$b$182 [3] } = $memory$flatten\bcd7seg0.$auto$proc_rom.cc:155:do_switch$55$rdmux[0][2][3]$a$184 [1:0]
    Removing $mux cell `$memory$flatten\bcd7seg0.$auto$proc_rom.cc:155:do_switch$55$rdmux[0][3][5]$201' from module `\top'.
  Cell `$memory$flatten\bcd7seg0.$auto$proc_rom.cc:155:do_switch$55$rdmux[0][3][2]$192' is identical to cell `$memory$flatten\bcd7seg0.$auto$proc_rom.cc:155:do_switch$55$rdmux[0][3][6]$204'.
    Redirecting output \Y: { $memory$flatten\bcd7seg0.$auto$proc_rom.cc:155:do_switch$55$rdmux[0][2][1]$a$178 [5] $memory$flatten\bcd7seg0.$auto$proc_rom.cc:155:do_switch$55$rdmux[0][2][1]$a$178 [3] } = $memory$flatten\bcd7seg0.$auto$proc_rom.cc:155:do_switch$55$rdmux[0][2][3]$a$184 [1:0]
    Removing $mux cell `$memory$flatten\bcd7seg0.$auto$proc_rom.cc:155:do_switch$55$rdmux[0][3][2]$192' from module `\top'.
  Cell `$memory$flatten\bcd7seg0.$auto$proc_rom.cc:155:do_switch$55$rdmux[0][3][1]$189' is identical to cell `$memory$flatten\bcd7seg0.$auto$proc_rom.cc:155:do_switch$55$rdmux[0][3][3]$195'.
    Redirecting output \Y: { $memory$flatten\bcd7seg0.$auto$proc_rom.cc:155:do_switch$55$rdmux[0][2][0]$b$176 [4] $memory$flatten\bcd7seg0.$auto$proc_rom.cc:155:do_switch$55$rdmux[0][2][0]$b$176 [2] } = { $memory$flatten\bcd7seg0.$auto$proc_rom.cc:155:do_switch$55$rdmux[0][2][1]$b$179 [5] $memory$flatten\bcd7seg0.$auto$proc_rom.cc:155:do_switch$55$rdmux[0][2][1]$b$179 [0] }
    Removing $mux cell `$memory$flatten\bcd7seg0.$auto$proc_rom.cc:155:do_switch$55$rdmux[0][3][1]$189' from module `\top'.
  Cell `$memory$flatten\bcd7seg0.$auto$proc_rom.cc:155:do_switch$55$rdmux[0][3][0]$186' is identical to cell `$memory$flatten\bcd7seg0.$auto$proc_rom.cc:155:do_switch$55$rdmux[0][3][4]$198'.
    Redirecting output \Y: $memory$flatten\bcd7seg0.$auto$proc_rom.cc:155:do_switch$55$rdmux[0][2][0]$a$175 [1] = $memory$flatten\bcd7seg0.$auto$proc_rom.cc:155:do_switch$55$rdmux[0][2][2]$a$181 [2]
    Removing $mux cell `$memory$flatten\bcd7seg0.$auto$proc_rom.cc:155:do_switch$55$rdmux[0][3][0]$186' from module `\top'.
  Cell `$memory$flatten\bcd7seg0.$auto$proc_rom.cc:155:do_switch$55$rdmux[0][3][7]$207' is identical to cell `$memory$flatten\bcd7seg0.$auto$proc_rom.cc:155:do_switch$55$rdmux[0][3][4]$198'.
    Redirecting output \Y: $memory$flatten\bcd7seg0.$auto$proc_rom.cc:155:do_switch$55$rdmux[0][2][3]$b$185 [3] = $memory$flatten\bcd7seg0.$auto$proc_rom.cc:155:do_switch$55$rdmux[0][2][2]$a$181 [2]
    Removing $mux cell `$memory$flatten\bcd7seg0.$auto$proc_rom.cc:155:do_switch$55$rdmux[0][3][7]$207' from module `\top'.
  Cell `$memory$flatten\bcd7seg1.$auto$proc_rom.cc:155:do_switch$55$rdmux[0][3][7]$252' is identical to cell `$memory$flatten\bcd7seg1.$auto$proc_rom.cc:155:do_switch$55$rdmux[0][3][4]$243'.
    Redirecting output \Y: $memory$flatten\bcd7seg1.$auto$proc_rom.cc:155:do_switch$55$rdmux[0][2][3]$b$230 [3] = $memory$flatten\bcd7seg1.$auto$proc_rom.cc:155:do_switch$55$rdmux[0][2][2]$a$226 [2]
    Removing $mux cell `$memory$flatten\bcd7seg1.$auto$proc_rom.cc:155:do_switch$55$rdmux[0][3][7]$252' from module `\top'.
Removed a total of 12 cells.

13.3.6. Executing OPT_SHARE pass.

13.3.7. Executing OPT_DFF pass (perform DFF optimizations).

13.3.8. Executing OPT_CLEAN pass (remove unused cells and wires).
Finding unused cells or wires in module \top..
  removing unused non-port wire $flatten\grp0.$memrd$\gprs$/home/d5/course/ysyx-prestudy/e_phase/sCpu/vsrc/gpr.v:19$34_DATA.
  removing unused non-port wire $auto$rtlil.cc:3457:Mux$160.
  removing unused non-port wire $auto$memory_share.cc:167:consolidate_rd_by_addr$156.
  removing unused non-port wire $auto$memory_share.cc:167:consolidate_rd_by_addr$155.
  removing unused non-port wire $memory$flatten\bcd7seg0.$auto$proc_rom.cc:155:do_switch$55$rdmux[0][2][1]$b$179.
  removing unused non-port wire $memory$flatten\bcd7seg0.$auto$proc_rom.cc:155:do_switch$55$rdmux[0][2][2]$a$181.
  removing unused non-port wire $memory$flatten\bcd7seg0.$auto$proc_rom.cc:155:do_switch$55$rdmux[0][2][2]$b$182.
  removing unused non-port wire $memory$flatten\bcd7seg0.$auto$proc_rom.cc:155:do_switch$55$rdmux[0][2][3]$a$184.
  removing unused non-port wire $memory$flatten\bcd7seg0.$auto$proc_rom.cc:155:do_switch$55$rdmux[0][2][3]$b$185.
  removing unused non-port wire $memory$flatten\bcd7seg0.$auto$proc_rom.cc:155:do_switch$55$rdmux[0][3][0]$a$187.
  removing unused non-port wire $memory$flatten\bcd7seg0.$auto$proc_rom.cc:155:do_switch$55$rdmux[0][3][0]$b$188.
  removing unused non-port wire $memory$flatten\bcd7seg0.$auto$proc_rom.cc:155:do_switch$55$rdmux[0][3][1]$a$190.
  removing unused non-port wire $memory$flatten\bcd7seg0.$auto$proc_rom.cc:155:do_switch$55$rdmux[0][3][1]$b$191.
  removing unused non-port wire $memory$flatten\bcd7seg0.$auto$proc_rom.cc:155:do_switch$55$rdmux[0][3][2]$a$193.
  removing unused non-port wire $memory$flatten\bcd7seg0.$auto$proc_rom.cc:155:do_switch$55$rdmux[0][3][2]$b$194.
  removing unused non-port wire $memory$flatten\bcd7seg0.$auto$proc_rom.cc:155:do_switch$55$rdmux[0][3][3]$a$196.
  removing unused non-port wire $memory$flatten\bcd7seg0.$auto$proc_rom.cc:155:do_switch$55$rdmux[0][3][3]$b$197.
  removing unused non-port wire $memory$flatten\bcd7seg0.$auto$proc_rom.cc:155:do_switch$55$rdmux[0][3][4]$a$199.
  removing unused non-port wire $memory$flatten\bcd7seg0.$auto$proc_rom.cc:155:do_switch$55$rdmux[0][3][4]$b$200.
  removing unused non-port wire $memory$flatten\bcd7seg0.$auto$proc_rom.cc:155:do_switch$55$rdmux[0][3][5]$a$202.
  removing unused non-port wire $memory$flatten\bcd7seg0.$auto$proc_rom.cc:155:do_switch$55$rdmux[0][3][5]$b$203.
  removing unused non-port wire $memory$flatten\bcd7seg0.$auto$proc_rom.cc:155:do_switch$55$rdmux[0][3][6]$a$205.
  removing unused non-port wire $memory$flatten\bcd7seg0.$auto$proc_rom.cc:155:do_switch$55$rdmux[0][3][6]$b$206.
  removing unused non-port wire $memory$flatten\bcd7seg0.$auto$proc_rom.cc:155:do_switch$55$rdmux[0][3][7]$a$208.
  removing unused non-port wire $memory$flatten\bcd7seg0.$auto$proc_rom.cc:155:do_switch$55$rdmux[0][3][7]$b$209.
  removing unused non-port wire $memory$flatten\bcd7seg1.$auto$proc_rom.cc:155:do_switch$55$rdmux[0][2][1]$b$224.
  removing unused non-port wire $memory$flatten\bcd7seg1.$auto$proc_rom.cc:155:do_switch$55$rdmux[0][2][2]$a$226.
  removing unused non-port wire $memory$flatten\bcd7seg1.$auto$proc_rom.cc:155:do_switch$55$rdmux[0][2][2]$b$227.
  removing unused non-port wire $memory$flatten\bcd7seg1.$auto$proc_rom.cc:155:do_switch$55$rdmux[0][2][3]$a$229.
  removing unused non-port wire $memory$flatten\bcd7seg1.$auto$proc_rom.cc:155:do_switch$55$rdmux[0][2][3]$b$230.
  removing unused non-port wire $memory$flatten\bcd7seg1.$auto$proc_rom.cc:155:do_switch$55$rdmux[0][3][0]$a$232.
  removing unused non-port wire $memory$flatten\bcd7seg1.$auto$proc_rom.cc:155:do_switch$55$rdmux[0][3][0]$b$233.
  removing unused non-port wire $memory$flatten\bcd7seg1.$auto$proc_rom.cc:155:do_switch$55$rdmux[0][3][1]$a$235.
  removing unused non-port wire $memory$flatten\bcd7seg1.$auto$proc_rom.cc:155:do_switch$55$rdmux[0][3][1]$b$236.
  removing unused non-port wire $memory$flatten\bcd7seg1.$auto$proc_rom.cc:155:do_switch$55$rdmux[0][3][2]$a$238.
  removing unused non-port wire $memory$flatten\bcd7seg1.$auto$proc_rom.cc:155:do_switch$55$rdmux[0][3][2]$b$239.
  removing unused non-port wire $memory$flatten\bcd7seg1.$auto$proc_rom.cc:155:do_switch$55$rdmux[0][3][3]$a$241.
  removing unused non-port wire $memory$flatten\bcd7seg1.$auto$proc_rom.cc:155:do_switch$55$rdmux[0][3][3]$b$242.
  removing unused non-port wire $memory$flatten\bcd7seg1.$auto$proc_rom.cc:155:do_switch$55$rdmux[0][3][4]$a$244.
  removing unused non-port wire $memory$flatten\bcd7seg1.$auto$proc_rom.cc:155:do_switch$55$rdmux[0][3][4]$b$245.
  removing unused non-port wire $memory$flatten\bcd7seg1.$auto$proc_rom.cc:155:do_switch$55$rdmux[0][3][5]$a$247.
  removing unused non-port wire $memory$flatten\bcd7seg1.$auto$proc_rom.cc:155:do_switch$55$rdmux[0][3][5]$b$248.
  removing unused non-port wire $memory$flatten\bcd7seg1.$auto$proc_rom.cc:155:do_switch$55$rdmux[0][3][6]$a$250.
  removing unused non-port wire $memory$flatten\bcd7seg1.$auto$proc_rom.cc:155:do_switch$55$rdmux[0][3][6]$b$251.
  removing unused non-port wire $memory$flatten\bcd7seg1.$auto$proc_rom.cc:155:do_switch$55$rdmux[0][3][7]$a$253.
  removing unused non-port wire $memory$flatten\bcd7seg1.$auto$proc_rom.cc:155:do_switch$55$rdmux[0][3][7]$b$254.
  removing unused non-port wire $memory\grp0.gprs[0]$d$256.
  removing unused non-port wire $memory\grp0.gprs[1]$d$258.
  removing unused non-port wire $memory\grp0.gprs[2]$d$260.
  removing unused non-port wire $memory\grp0.gprs[3]$d$262.
  removing unused non-port wire $memory\grp0.gprs$rdmux[0][1][0]$a$267.
  removing unused non-port wire $memory\grp0.gprs$rdmux[0][1][0]$b$268.
  removing unused non-port wire $memory\grp0.gprs$rdmux[0][1][1]$a$270.
  removing unused non-port wire $memory\grp0.gprs$rdmux[0][1][1]$b$271.
  removing unused non-port wire $memory\grp0.gprs$rdmux[1][1][0]$a$276.
  removing unused non-port wire $memory\grp0.gprs$rdmux[1][1][0]$b$277.
  removing unused non-port wire $memory\grp0.gprs$rdmux[1][1][1]$a$279.
  removing unused non-port wire $memory\grp0.gprs$rdmux[1][1][1]$b$280.
  removing unused non-port wire $memory\grp0.gprs$rdmux[3][0][0]$a$282.
  removing unused non-port wire $memory\grp0.gprs$rdmux[3][0][0]$b$283.
  removing unused non-port wire $memory\grp0.gprs$rdmux[3][1][0]$a$285.
  removing unused non-port wire $memory\grp0.gprs$rdmux[3][1][0]$b$286.
  removing unused non-port wire $memory\grp0.gprs$rdmux[3][1][1]$a$288.
  removing unused non-port wire $memory\grp0.gprs$rdmux[3][1][1]$b$289.
  removing unused non-port wire $auto$rtlil.cc:3376:Eq$291.
  removing unused non-port wire $memory\grp0.gprs$wren[0][0][0]$y$293.
  removing unused non-port wire $memory\grp0.gprs$wren[1][0][0]$y$307.
  removing unused non-port wire $memory\grp0.gprs$wren[2][0][0]$y$319.
  removing unused non-port wire $memory\grp0.gprs$wren[3][0][0]$y$331.
  removing unused non-port wire $memory\grp0.gprs$wrmux[3][0][0]$y$333.
  removing unused non-port wire $memory\rom0.rom$rdmux[0][1][1]$b$348.
  removing unused non-port wire $memory\rom0.rom$rdmux[0][2][1]$a$353.
  removing unused non-port wire $memory\rom0.rom$rdmux[0][2][1]$b$354.
  removing unused non-port wire $memory\rom0.rom$rdmux[0][2][2]$b$357.
  removing unused non-port wire $memory\rom0.rom$rdmux[0][2][3]$a$359.
  removing unused non-port wire $memory\rom0.rom$rdmux[0][2][3]$b$360.
  removing unused non-port wire $memory\rom0.rom$rdmux[0][3][0]$a$362.
  removing unused non-port wire $memory\rom0.rom$rdmux[0][3][0]$b$363.
  removing unused non-port wire $memory\rom0.rom$rdmux[0][3][1]$a$365.
  removing unused non-port wire $memory\rom0.rom$rdmux[0][3][1]$b$366.
  removing unused non-port wire $memory\rom0.rom$rdmux[0][3][2]$a$368.
  removing unused non-port wire $memory\rom0.rom$rdmux[0][3][2]$b$369.
  removing unused non-port wire $memory\rom0.rom$rdmux[0][3][3]$a$371.
  removing unused non-port wire $memory\rom0.rom$rdmux[0][3][3]$b$372.
  removing unused non-port wire $memory\rom0.rom$rdmux[0][3][4]$a$374.
  removing unused non-port wire $memory\rom0.rom$rdmux[0][3][4]$b$375.
  removing unused non-port wire $memory\rom0.rom$rdmux[0][3][5]$a$377.
  removing unused non-port wire $memory\rom0.rom$rdmux[0][3][5]$b$378.
  removing unused non-port wire $memory\rom0.rom$rdmux[0][3][6]$a$380.
  removing unused non-port wire $memory\rom0.rom$rdmux[0][3][6]$b$381.
  removing unused non-port wire $memory\rom0.rom$rdmux[0][3][7]$a$383.
  removing unused non-port wire $memory\rom0.rom$rdmux[0][3][7]$b$384.
Removed 0 unused cells and 92 unused wires.

13.3.9. Executing OPT_EXPR pass (perform const folding).
Optimizing module top.
Replacing $mux cell `$memory$flatten\bcd7seg0.$auto$proc_rom.cc:155:do_switch$55$rdmux[0][3][4]$198' (mux_bool) in module `\top' with constant driver `$memory$flatten\bcd7seg0.$auto$proc_rom.cc:155:do_switch$55$rdmux[0][2][0]$a$175 [6] = $auto$rtlil.cc:3457:Mux$142 [0]'.
Replacing $mux cell `$memory$flatten\bcd7seg1.$auto$proc_rom.cc:155:do_switch$55$rdmux[0][3][4]$243' (mux_bool) in module `\top' with constant driver `$memory$flatten\bcd7seg1.$auto$proc_rom.cc:155:do_switch$55$rdmux[0][2][0]$a$220 [6] = $auto$rtlil.cc:3457:Mux$145 [0]'.
Replacing $mux cell `$memory\rom0.rom$rdmux[0][3][1]$364' (mux_bool) in module `\top' with constant driver `$memory\rom0.rom$rdmux[0][2][0]$b$351 [4] = $auto$rtlil.cc:3457:Mux$154 [0]'.
Replacing $mux cell `$memory\rom0.rom$rdmux[0][3][4]$373' (mux_empty) in module `\top' with constant driver `{ $memory\rom0.rom$rdmux[0][2][2]$a$356 [5] $memory\rom0.rom$rdmux[0][2][2]$a$356 [7] } = 2'01'.
Replacing $mux cell `$memory\rom0.rom$rdmux[0][2][2]$355' (mux_empty) in module `\top' with constant driver `{ $memory\rom0.rom$rdmux[0][1][1]$a$347 [5] $memory\rom0.rom$rdmux[0][1][1]$a$347 [7] } = { $memory\rom0.rom$rdmux[0][2][2]$a$356 [5] $memory\rom0.rom$rdmux[0][2][2]$a$356 [7] }'.
Replacing $mux cell `$memory\rom0.rom$rdmux[0][1][1]$346' (mux_empty) in module `\top' with constant driver `{ $memory\rom0.rom$rdmux[0][0][0]$b$342 [5] $memory\rom0.rom$rdmux[0][0][0]$b$342 [7] } = { $memory\rom0.rom$rdmux[0][1][1]$a$347 [5] $memory\rom0.rom$rdmux[0][1][1]$a$347 [7] }'.
Replacing $mux cell `$auto$memory_share.cc:454:consolidate_wr_using_sat$164' in module `top' with or-gate.

13.3.10. Rerunning OPT passes. (Maybe there is more to do..)

13.3.11. Executing OPT_MUXTREE pass (detect dead branches in mux trees).
Running muxtree optimizer on module \top..
  Creating internal representation of mux trees.
  Evaluating internal representation of mux trees.
    Root of a mux tree: $auto$ff.cc:592:unmap_ce$141 (pure)
		eval $auto$ff.cc:592:unmap_ce$141 (replace 1 enable 1)
    Root of a mux tree: $auto$ff.cc:592:unmap_ce$144 (pure)
		eval $auto$ff.cc:592:unmap_ce$144 (replace 1 enable 1)
    Root of a mux tree: $auto$ff.cc:614:unmap_srst$153 (pure)
		eval $auto$ff.cc:614:unmap_srst$153 (replace 1 enable 1)
    Root of a mux tree: $auto$memory_share.cc:434:consolidate_wr_using_sat$159 (pure)
		eval $auto$memory_share.cc:434:consolidate_wr_using_sat$159 (replace 1 enable 1)
    Root of a mux tree: $auto$memory_share.cc:437:consolidate_wr_using_sat$161
		eval $auto$memory_share.cc:437:consolidate_wr_using_sat$161 (replace 1 enable 0)
		eval $ternary$/home/d5/course/ysyx-prestudy/e_phase/sCpu/vsrc/top.v:42$12 (replace 1 enable 0)
    Root of a mux tree: $flatten\pc0.$ternary$/home/d5/course/ysyx-prestudy/e_phase/sCpu/vsrc/pc.v:13$2 (pure)
		eval $flatten\pc0.$ternary$/home/d5/course/ysyx-prestudy/e_phase/sCpu/vsrc/pc.v:13$2 (replace 1 enable 1)
    Root of a mux tree: $memory$flatten\bcd7seg0.$auto$proc_rom.cc:155:do_switch$55$rdmux[0][0][0]$165 (pure)
		eval $memory$flatten\bcd7seg0.$auto$proc_rom.cc:155:do_switch$55$rdmux[0][0][0]$165 (replace 1 enable 1)
		eval $memory$flatten\bcd7seg0.$auto$proc_rom.cc:155:do_switch$55$rdmux[0][1][1]$171 (replace 1 enable 1)
		eval $memory$flatten\bcd7seg0.$auto$proc_rom.cc:155:do_switch$55$rdmux[0][2][3]$183 (replace 1 enable 1)
		eval $memory$flatten\bcd7seg0.$auto$proc_rom.cc:155:do_switch$55$rdmux[0][3][6]$204 (replace 0 enable 1)
		eval $memory$flatten\bcd7seg0.$auto$proc_rom.cc:155:do_switch$55$rdmux[0][2][2]$180 (replace 1 enable 1)
		eval $memory$flatten\bcd7seg0.$auto$proc_rom.cc:155:do_switch$55$rdmux[0][3][6]$204 (replace 0 enable 1)
		eval $memory$flatten\bcd7seg0.$auto$proc_rom.cc:155:do_switch$55$rdmux[0][1][0]$168 (replace 1 enable 1)
		eval $memory$flatten\bcd7seg0.$auto$proc_rom.cc:155:do_switch$55$rdmux[0][2][1]$177 (replace 1 enable 1)
		eval $memory$flatten\bcd7seg0.$auto$proc_rom.cc:155:do_switch$55$rdmux[0][3][3]$195 (replace 0 enable 1)
		eval $memory$flatten\bcd7seg0.$auto$proc_rom.cc:155:do_switch$55$rdmux[0][3][6]$204 (replace 0 enable 1)
		eval $memory$flatten\bcd7seg0.$auto$proc_rom.cc:155:do_switch$55$rdmux[0][2][0]$174 (replace 1 enable 1)
		eval $memory$flatten\bcd7seg0.$auto$proc_rom.cc:155:do_switch$55$rdmux[0][3][3]$195 (replace 0 enable 1)
    Root of a mux tree: $memory$flatten\bcd7seg0.$auto$proc_rom.cc:155:do_switch$55$rdmux[0][3][3]$195
		eval $memory$flatten\bcd7seg0.$auto$proc_rom.cc:155:do_switch$55$rdmux[0][3][3]$195 (replace 1 enable 0)
    Root of a mux tree: $memory$flatten\bcd7seg0.$auto$proc_rom.cc:155:do_switch$55$rdmux[0][3][6]$204
		eval $memory$flatten\bcd7seg0.$auto$proc_rom.cc:155:do_switch$55$rdmux[0][3][6]$204 (replace 1 enable 0)
    Root of a mux tree: $memory$flatten\bcd7seg1.$auto$proc_rom.cc:155:do_switch$55$rdmux[0][0][0]$210 (pure)
		eval $memory$flatten\bcd7seg1.$auto$proc_rom.cc:155:do_switch$55$rdmux[0][0][0]$210 (replace 1 enable 1)
		eval $memory$flatten\bcd7seg1.$auto$proc_rom.cc:155:do_switch$55$rdmux[0][1][1]$216 (replace 1 enable 1)
		eval $memory$flatten\bcd7seg1.$auto$proc_rom.cc:155:do_switch$55$rdmux[0][2][3]$228 (replace 1 enable 1)
		eval $memory$flatten\bcd7seg1.$auto$proc_rom.cc:155:do_switch$55$rdmux[0][3][6]$249 (replace 0 enable 1)
		eval $memory$flatten\bcd7seg1.$auto$proc_rom.cc:155:do_switch$55$rdmux[0][2][2]$225 (replace 1 enable 1)
		eval $memory$flatten\bcd7seg1.$auto$proc_rom.cc:155:do_switch$55$rdmux[0][3][6]$249 (replace 0 enable 1)
		eval $memory$flatten\bcd7seg1.$auto$proc_rom.cc:155:do_switch$55$rdmux[0][1][0]$213 (replace 1 enable 1)
		eval $memory$flatten\bcd7seg1.$auto$proc_rom.cc:155:do_switch$55$rdmux[0][2][1]$222 (replace 1 enable 1)
		eval $memory$flatten\bcd7seg1.$auto$proc_rom.cc:155:do_switch$55$rdmux[0][3][3]$240 (replace 0 enable 1)
		eval $memory$flatten\bcd7seg1.$auto$proc_rom.cc:155:do_switch$55$rdmux[0][3][6]$249 (replace 0 enable 1)
		eval $memory$flatten\bcd7seg1.$auto$proc_rom.cc:155:do_switch$55$rdmux[0][2][0]$219 (replace 1 enable 1)
		eval $memory$flatten\bcd7seg1.$auto$proc_rom.cc:155:do_switch$55$rdmux[0][3][3]$240 (replace 0 enable 1)
    Root of a mux tree: $memory$flatten\bcd7seg1.$auto$proc_rom.cc:155:do_switch$55$rdmux[0][3][3]$240
		eval $memory$flatten\bcd7seg1.$auto$proc_rom.cc:155:do_switch$55$rdmux[0][3][3]$240 (replace 1 enable 0)
    Root of a mux tree: $memory$flatten\bcd7seg1.$auto$proc_rom.cc:155:do_switch$55$rdmux[0][3][6]$249
		eval $memory$flatten\bcd7seg1.$auto$proc_rom.cc:155:do_switch$55$rdmux[0][3][6]$249 (replace 1 enable 0)
    Root of a mux tree: $memory\grp0.gprs$rdmux[0][0][0]$263 (pure)
		eval $memory\grp0.gprs$rdmux[0][0][0]$263 (replace 1 enable 1)
		eval $memory\grp0.gprs$rdmux[0][1][1]$269 (replace 1 enable 1)
		eval $memory\grp0.gprs$rdmux[0][1][0]$266 (replace 1 enable 1)
    Root of a mux tree: $memory\grp0.gprs$rdmux[1][0][0]$272 (pure)
		eval $memory\grp0.gprs$rdmux[1][0][0]$272 (replace 1 enable 1)
		eval $memory\grp0.gprs$rdmux[1][1][1]$278 (replace 1 enable 1)
		eval $memory\grp0.gprs$rdmux[1][1][0]$275 (replace 1 enable 1)
    Root of a mux tree: $memory\grp0.gprs$wrmux[0][1][0]$304 (pure)
		eval $memory\grp0.gprs$wrmux[0][1][0]$304 (replace 1 enable 1)
		eval $auto$memory_share.cc:437:consolidate_wr_using_sat$161 (replace 0 enable 1)
		eval $ternary$/home/d5/course/ysyx-prestudy/e_phase/sCpu/vsrc/top.v:42$12 (replace 0 enable 1)
		eval $memory\grp0.gprs$wrmux[0][0][0]$294 (replace 1 enable 1)
    Root of a mux tree: $memory\grp0.gprs$wrmux[1][1][0]$316 (pure)
		eval $memory\grp0.gprs$wrmux[1][1][0]$316 (replace 1 enable 1)
		eval $auto$memory_share.cc:437:consolidate_wr_using_sat$161 (replace 0 enable 1)
		eval $ternary$/home/d5/course/ysyx-prestudy/e_phase/sCpu/vsrc/top.v:42$12 (replace 0 enable 1)
		eval $memory\grp0.gprs$wrmux[1][0][0]$308 (replace 1 enable 1)
    Root of a mux tree: $memory\grp0.gprs$wrmux[2][1][0]$328 (pure)
		eval $memory\grp0.gprs$wrmux[2][1][0]$328 (replace 1 enable 1)
		eval $auto$memory_share.cc:437:consolidate_wr_using_sat$161 (replace 0 enable 1)
		eval $ternary$/home/d5/course/ysyx-prestudy/e_phase/sCpu/vsrc/top.v:42$12 (replace 0 enable 1)
		eval $memory\grp0.gprs$wrmux[2][0][0]$320 (replace 1 enable 1)
    Root of a mux tree: $memory\grp0.gprs$wrmux[3][1][0]$338 (pure)
		eval $memory\grp0.gprs$wrmux[3][1][0]$338 (replace 1 enable 1)
		eval $auto$memory_share.cc:437:consolidate_wr_using_sat$161 (replace 0 enable 1)
		eval $ternary$/home/d5/course/ysyx-prestudy/e_phase/sCpu/vsrc/top.v:42$12 (replace 0 enable 1)
    Root of a mux tree: $memory\rom0.rom$rdmux[0][0][0]$340 (pure)
		eval $memory\rom0.rom$rdmux[0][0][0]$340 (replace 1 enable 1)
		eval $memory\rom0.rom$rdmux[0][1][0]$343 (replace 1 enable 1)
		eval $memory\rom0.rom$rdmux[0][2][1]$352 (replace 1 enable 1)
		eval $memory\rom0.rom$rdmux[0][3][0]$361 (replace 0 enable 1)
		eval $memory\rom0.rom$rdmux[0][3][0]$361 (replace 0 enable 1)
		eval $memory\rom0.rom$rdmux[0][2][0]$349 (replace 1 enable 1)
		eval $memory\rom0.rom$rdmux[0][3][0]$361 (replace 0 enable 1)
    Root of a mux tree: $memory\rom0.rom$rdmux[0][3][0]$361
		eval $memory\rom0.rom$rdmux[0][3][0]$361 (replace 1 enable 0)
    Root of a mux tree: $ternary$/home/d5/course/ysyx-prestudy/e_phase/sCpu/vsrc/top.v:37$9 (pure)
		eval $ternary$/home/d5/course/ysyx-prestudy/e_phase/sCpu/vsrc/top.v:37$9 (replace 1 enable 1)
  Analyzing evaluation results.
Removed 0 multiplexer ports.

13.3.12. Executing OPT_REDUCE pass (consolidate $*mux and $reduce_* inputs).
  Optimizing cells in module \top.
    Consolidated identical input bits for $mux cell $memory\rom0.rom$rdmux[0][2][1]$352:
      Old ports: A={ 2'00 $memory\rom0.rom$rdmux[0][2][0]$a$350 [4:3] $memory\rom0.rom$rdmux[0][2][0]$a$350 [4:3] 1'1 }, B={ $memory\rom0.rom$rdmux[0][2][0]$a$350 [3] 2'10 $memory\rom0.rom$rdmux[0][2][0]$a$350 [3] $memory\rom0.rom$rdmux[0][2][0]$a$350 [4] 1'0 $memory\rom0.rom$rdmux[0][2][0]$a$350 [3] }, Y={ $memory\rom0.rom$rdmux[0][1][0]$b$345 [7:2] $memory\rom0.rom$rdmux[0][1][0]$b$345 [0] }
      New ports: A={ 2'00 $memory\rom0.rom$rdmux[0][2][0]$a$350 [4:3] 1'1 }, B={ $memory\rom0.rom$rdmux[0][2][0]$a$350 [3] 3'100 $memory\rom0.rom$rdmux[0][2][0]$a$350 [3] }, Y={ $memory\rom0.rom$rdmux[0][1][0]$b$345 [7:5] $memory\rom0.rom$rdmux[0][1][0]$b$345 [2] $memory\rom0.rom$rdmux[0][1][0]$b$345 [0] }
      New connections: $memory\rom0.rom$rdmux[0][1][0]$b$345 [4:3] = { $memory\rom0.rom$rdmux[0][2][0]$a$350 [3] $memory\rom0.rom$rdmux[0][2][0]$a$350 [4] }
  Optimizing cells in module \top.
Performed a total of 1 changes.

13.3.13. Executing OPT_MERGE pass (detect identical cells).
Finding identical cells in module `\top'.
Removed a total of 0 cells.

13.3.14. Executing OPT_SHARE pass.

13.3.15. Executing OPT_DFF pass (perform DFF optimizations).
Adding SRST signal on $\rom0.rom$rdreg[0] ($dff) from module top (D = $memory\rom0.rom$rdmux[0][1][0]$b$345 [7], Q = \inst [7], rval = 1'1).
Adding SRST signal on $\rom0.rom$rdreg[0] ($dff) from module top (D = $memory\rom0.rom$rdmux[0][0][0]$a$341 [6:0], Q = \inst [6:0], rval = 7'1011111).
Adding EN signal on $memory\grp0.gprs[3]$261 ($dff) from module top (D = $auto$rtlil.cc:3457:Mux$162, Q = \grp0.gprs[3]).
Adding EN signal on $memory\grp0.gprs[2]$259 ($dff) from module top (D = $memory\grp0.gprs$wrmux[2][1][0]$y$329, Q = \grp0.gprs[2]).
Adding EN signal on $memory\grp0.gprs[1]$257 ($dff) from module top (D = $memory\grp0.gprs$wrmux[1][1][0]$y$317, Q = \grp0.gprs[1]).
Adding EN signal on $memory\grp0.gprs[0]$255 ($dff) from module top (D = $memory\grp0.gprs$wrmux[0][1][0]$y$305, Q = \grp0.gprs[0]).

13.3.16. Executing OPT_CLEAN pass (remove unused cells and wires).
Finding unused cells or wires in module \top..
  removing unused `$mux' cell `$memory\grp0.gprs$wrmux[3][1][0]$338'.
  removing unused `$mux' cell `$memory\rom0.rom$rdmux[0][0][0]$340'.
  removing unused non-port wire $memory\rom0.rom$rdmux[0][2][2]$a$356.
  removing unused non-port wire $memory\rom0.rom$rdmux[0][2][0]$b$351.
  removing unused non-port wire $memory\rom0.rom$rdmux[0][2][0]$a$350.
  removing unused non-port wire $memory\rom0.rom$rdmux[0][1][1]$a$347.
  removing unused non-port wire $memory\rom0.rom$rdmux[0][0][0]$b$342.
  removing unused non-port wire $memory\grp0.gprs$wrmux[3][1][0]$y$339.
  removing unused non-port wire $memory$flatten\bcd7seg1.$auto$proc_rom.cc:155:do_switch$55$rdmux[0][2][0]$a$220.
  removing unused non-port wire $memory$flatten\bcd7seg0.$auto$proc_rom.cc:155:do_switch$55$rdmux[0][2][0]$a$175.
  removing unused non-port wire $\rom0.rom$rdreg[0]$d.
Removed 2 unused cells and 9 unused wires.

13.3.17. Executing OPT_EXPR pass (perform const folding).
Optimizing module top.
Replacing $mux cell `$memory\grp0.gprs$wrmux[0][0][0]$294' (mux_empty) in module `\top' with constant driver `$memory\grp0.gprs$wrmux[0][0][0]$y$295 = 8'00000000'.
Replacing $mux cell `$memory\grp0.gprs$wrmux[1][0][0]$308' (mux_empty) in module `\top' with constant driver `$memory\grp0.gprs$wrmux[1][0][0]$y$309 = 8'00000000'.
Replacing $mux cell `$memory\grp0.gprs$wrmux[2][0][0]$320' (mux_empty) in module `\top' with constant driver `$memory\grp0.gprs$wrmux[2][0][0]$y$321 = 8'00000000'.

13.3.18. Rerunning OPT passes. (Maybe there is more to do..)

13.3.19. Executing OPT_MUXTREE pass (detect dead branches in mux trees).
Running muxtree optimizer on module \top..
  Creating internal representation of mux trees.
  Evaluating internal representation of mux trees.
    Root of a mux tree: $auto$ff.cc:592:unmap_ce$141 (pure)
		eval $auto$ff.cc:592:unmap_ce$141 (replace 1 enable 1)
    Root of a mux tree: $auto$ff.cc:592:unmap_ce$144 (pure)
		eval $auto$ff.cc:592:unmap_ce$144 (replace 1 enable 1)
    Root of a mux tree: $auto$ff.cc:614:unmap_srst$153 (pure)
		eval $auto$ff.cc:614:unmap_srst$153 (replace 1 enable 1)
    Root of a mux tree: $auto$memory_share.cc:434:consolidate_wr_using_sat$159 (pure)
		eval $auto$memory_share.cc:434:consolidate_wr_using_sat$159 (replace 1 enable 1)
    Root of a mux tree: $auto$memory_share.cc:437:consolidate_wr_using_sat$161 (pure)
		eval $auto$memory_share.cc:437:consolidate_wr_using_sat$161 (replace 1 enable 1)
		eval $ternary$/home/d5/course/ysyx-prestudy/e_phase/sCpu/vsrc/top.v:42$12 (replace 1 enable 1)
    Root of a mux tree: $flatten\pc0.$ternary$/home/d5/course/ysyx-prestudy/e_phase/sCpu/vsrc/pc.v:13$2 (pure)
		eval $flatten\pc0.$ternary$/home/d5/course/ysyx-prestudy/e_phase/sCpu/vsrc/pc.v:13$2 (replace 1 enable 1)
    Root of a mux tree: $memory$flatten\bcd7seg0.$auto$proc_rom.cc:155:do_switch$55$rdmux[0][0][0]$165 (pure)
		eval $memory$flatten\bcd7seg0.$auto$proc_rom.cc:155:do_switch$55$rdmux[0][0][0]$165 (replace 1 enable 1)
		eval $memory$flatten\bcd7seg0.$auto$proc_rom.cc:155:do_switch$55$rdmux[0][1][1]$171 (replace 1 enable 1)
		eval $memory$flatten\bcd7seg0.$auto$proc_rom.cc:155:do_switch$55$rdmux[0][2][3]$183 (replace 1 enable 1)
		eval $memory$flatten\bcd7seg0.$auto$proc_rom.cc:155:do_switch$55$rdmux[0][3][6]$204 (replace 0 enable 1)
		eval $memory$flatten\bcd7seg0.$auto$proc_rom.cc:155:do_switch$55$rdmux[0][2][2]$180 (replace 1 enable 1)
		eval $memory$flatten\bcd7seg0.$auto$proc_rom.cc:155:do_switch$55$rdmux[0][3][6]$204 (replace 0 enable 1)
		eval $memory$flatten\bcd7seg0.$auto$proc_rom.cc:155:do_switch$55$rdmux[0][1][0]$168 (replace 1 enable 1)
		eval $memory$flatten\bcd7seg0.$auto$proc_rom.cc:155:do_switch$55$rdmux[0][2][1]$177 (replace 1 enable 1)
		eval $memory$flatten\bcd7seg0.$auto$proc_rom.cc:155:do_switch$55$rdmux[0][3][3]$195 (replace 0 enable 1)
		eval $memory$flatten\bcd7seg0.$auto$proc_rom.cc:155:do_switch$55$rdmux[0][3][6]$204 (replace 0 enable 1)
		eval $memory$flatten\bcd7seg0.$auto$proc_rom.cc:155:do_switch$55$rdmux[0][2][0]$174 (replace 1 enable 1)
		eval $memory$flatten\bcd7seg0.$auto$proc_rom.cc:155:do_switch$55$rdmux[0][3][3]$195 (replace 0 enable 1)
    Root of a mux tree: $memory$flatten\bcd7seg0.$auto$proc_rom.cc:155:do_switch$55$rdmux[0][3][3]$195
		eval $memory$flatten\bcd7seg0.$auto$proc_rom.cc:155:do_switch$55$rdmux[0][3][3]$195 (replace 1 enable 0)
    Root of a mux tree: $memory$flatten\bcd7seg0.$auto$proc_rom.cc:155:do_switch$55$rdmux[0][3][6]$204
		eval $memory$flatten\bcd7seg0.$auto$proc_rom.cc:155:do_switch$55$rdmux[0][3][6]$204 (replace 1 enable 0)
    Root of a mux tree: $memory$flatten\bcd7seg1.$auto$proc_rom.cc:155:do_switch$55$rdmux[0][0][0]$210 (pure)
		eval $memory$flatten\bcd7seg1.$auto$proc_rom.cc:155:do_switch$55$rdmux[0][0][0]$210 (replace 1 enable 1)
		eval $memory$flatten\bcd7seg1.$auto$proc_rom.cc:155:do_switch$55$rdmux[0][1][1]$216 (replace 1 enable 1)
		eval $memory$flatten\bcd7seg1.$auto$proc_rom.cc:155:do_switch$55$rdmux[0][2][3]$228 (replace 1 enable 1)
		eval $memory$flatten\bcd7seg1.$auto$proc_rom.cc:155:do_switch$55$rdmux[0][3][6]$249 (replace 0 enable 1)
		eval $memory$flatten\bcd7seg1.$auto$proc_rom.cc:155:do_switch$55$rdmux[0][2][2]$225 (replace 1 enable 1)
		eval $memory$flatten\bcd7seg1.$auto$proc_rom.cc:155:do_switch$55$rdmux[0][3][6]$249 (replace 0 enable 1)
		eval $memory$flatten\bcd7seg1.$auto$proc_rom.cc:155:do_switch$55$rdmux[0][1][0]$213 (replace 1 enable 1)
		eval $memory$flatten\bcd7seg1.$auto$proc_rom.cc:155:do_switch$55$rdmux[0][2][1]$222 (replace 1 enable 1)
		eval $memory$flatten\bcd7seg1.$auto$proc_rom.cc:155:do_switch$55$rdmux[0][3][3]$240 (replace 0 enable 1)
		eval $memory$flatten\bcd7seg1.$auto$proc_rom.cc:155:do_switch$55$rdmux[0][3][6]$249 (replace 0 enable 1)
		eval $memory$flatten\bcd7seg1.$auto$proc_rom.cc:155:do_switch$55$rdmux[0][2][0]$219 (replace 1 enable 1)
		eval $memory$flatten\bcd7seg1.$auto$proc_rom.cc:155:do_switch$55$rdmux[0][3][3]$240 (replace 0 enable 1)
    Root of a mux tree: $memory$flatten\bcd7seg1.$auto$proc_rom.cc:155:do_switch$55$rdmux[0][3][3]$240
		eval $memory$flatten\bcd7seg1.$auto$proc_rom.cc:155:do_switch$55$rdmux[0][3][3]$240 (replace 1 enable 0)
    Root of a mux tree: $memory$flatten\bcd7seg1.$auto$proc_rom.cc:155:do_switch$55$rdmux[0][3][6]$249
		eval $memory$flatten\bcd7seg1.$auto$proc_rom.cc:155:do_switch$55$rdmux[0][3][6]$249 (replace 1 enable 0)
    Root of a mux tree: $memory\grp0.gprs$rdmux[0][0][0]$263 (pure)
		eval $memory\grp0.gprs$rdmux[0][0][0]$263 (replace 1 enable 1)
		eval $memory\grp0.gprs$rdmux[0][1][1]$269 (replace 1 enable 1)
		eval $memory\grp0.gprs$rdmux[0][1][0]$266 (replace 1 enable 1)
    Root of a mux tree: $memory\grp0.gprs$rdmux[1][0][0]$272 (pure)
		eval $memory\grp0.gprs$rdmux[1][0][0]$272 (replace 1 enable 1)
		eval $memory\grp0.gprs$rdmux[1][1][1]$278 (replace 1 enable 1)
		eval $memory\grp0.gprs$rdmux[1][1][0]$275 (replace 1 enable 1)
    Root of a mux tree: $memory\grp0.gprs$wrmux[0][1][0]$304 (pure)
		eval $memory\grp0.gprs$wrmux[0][1][0]$304 (replace 1 enable 1)
    Root of a mux tree: $memory\grp0.gprs$wrmux[1][1][0]$316 (pure)
		eval $memory\grp0.gprs$wrmux[1][1][0]$316 (replace 1 enable 1)
    Root of a mux tree: $memory\grp0.gprs$wrmux[2][1][0]$328 (pure)
		eval $memory\grp0.gprs$wrmux[2][1][0]$328 (replace 1 enable 1)
    Root of a mux tree: $memory\rom0.rom$rdmux[0][1][0]$343 (pure)
		eval $memory\rom0.rom$rdmux[0][1][0]$343 (replace 1 enable 1)
		eval $memory\rom0.rom$rdmux[0][3][0]$361 (replace 0 enable 1)
		eval $memory\rom0.rom$rdmux[0][2][0]$349 (replace 1 enable 1)
		eval $memory\rom0.rom$rdmux[0][3][0]$361 (replace 0 enable 1)
    Root of a mux tree: $memory\rom0.rom$rdmux[0][2][1]$352 (pure)
		eval $memory\rom0.rom$rdmux[0][2][1]$352 (replace 1 enable 1)
		eval $memory\rom0.rom$rdmux[0][3][0]$361 (replace 0 enable 1)
		eval $memory\rom0.rom$rdmux[0][3][0]$361 (replace 0 enable 1)
    Root of a mux tree: $memory\rom0.rom$rdmux[0][3][0]$361
		eval $memory\rom0.rom$rdmux[0][3][0]$361 (replace 1 enable 0)
    Root of a mux tree: $ternary$/home/d5/course/ysyx-prestudy/e_phase/sCpu/vsrc/top.v:37$9 (pure)
		eval $ternary$/home/d5/course/ysyx-prestudy/e_phase/sCpu/vsrc/top.v:37$9 (replace 1 enable 1)
  Analyzing evaluation results.
Removed 0 multiplexer ports.

13.3.20. Executing OPT_REDUCE pass (consolidate $*mux and $reduce_* inputs).
  Optimizing cells in module \top.
Performed a total of 0 changes.

13.3.21. Executing OPT_MERGE pass (detect identical cells).
Finding identical cells in module `\top'.
Removed a total of 0 cells.

13.3.22. Executing OPT_SHARE pass.

13.3.23. Executing OPT_DFF pass (perform DFF optimizations).
Adding SRST signal on $auto$ff.cc:337:slice$398 ($dffe) from module top (D = $auto$rtlil.cc:3457:Mux$162, Q = \grp0.gprs[0], rval = 8'00000000).
Adding SRST signal on $auto$ff.cc:337:slice$395 ($dffe) from module top (D = $auto$rtlil.cc:3457:Mux$162, Q = \grp0.gprs[1], rval = 8'00000000).
Adding SRST signal on $auto$ff.cc:337:slice$392 ($dffe) from module top (D = $auto$rtlil.cc:3457:Mux$162, Q = \grp0.gprs[2], rval = 8'00000000).

13.3.24. Executing OPT_CLEAN pass (remove unused cells and wires).
Finding unused cells or wires in module \top..
  removing unused `$mux' cell `$memory\grp0.gprs$wrmux[0][1][0]$304'.
  removing unused `$mux' cell `$memory\grp0.gprs$wrmux[1][1][0]$316'.
  removing unused `$mux' cell `$memory\grp0.gprs$wrmux[2][1][0]$328'.
  removing unused non-port wire $memory\grp0.gprs$wrmux[2][1][0]$y$329.
  removing unused non-port wire $memory\grp0.gprs$wrmux[2][0][0]$y$321.
  removing unused non-port wire $memory\grp0.gprs$wrmux[1][1][0]$y$317.
  removing unused non-port wire $memory\grp0.gprs$wrmux[1][0][0]$y$309.
  removing unused non-port wire $memory\grp0.gprs$wrmux[0][1][0]$y$305.
  removing unused non-port wire $memory\grp0.gprs$wrmux[0][0][0]$y$295.
Removed 3 unused cells and 6 unused wires.

13.3.25. Executing OPT_EXPR pass (perform const folding).
Optimizing module top.

13.3.26. Rerunning OPT passes. (Maybe there is more to do..)

13.3.27. Executing OPT_MUXTREE pass (detect dead branches in mux trees).
Running muxtree optimizer on module \top..
  Creating internal representation of mux trees.
  Evaluating internal representation of mux trees.
    Root of a mux tree: $auto$ff.cc:592:unmap_ce$141 (pure)
		eval $auto$ff.cc:592:unmap_ce$141 (replace 1 enable 1)
    Root of a mux tree: $auto$ff.cc:592:unmap_ce$144 (pure)
		eval $auto$ff.cc:592:unmap_ce$144 (replace 1 enable 1)
    Root of a mux tree: $auto$ff.cc:614:unmap_srst$153 (pure)
		eval $auto$ff.cc:614:unmap_srst$153 (replace 1 enable 1)
    Root of a mux tree: $auto$memory_share.cc:434:consolidate_wr_using_sat$159 (pure)
		eval $auto$memory_share.cc:434:consolidate_wr_using_sat$159 (replace 1 enable 1)
    Root of a mux tree: $auto$memory_share.cc:437:consolidate_wr_using_sat$161 (pure)
		eval $auto$memory_share.cc:437:consolidate_wr_using_sat$161 (replace 1 enable 1)
		eval $ternary$/home/d5/course/ysyx-prestudy/e_phase/sCpu/vsrc/top.v:42$12 (replace 1 enable 1)
    Root of a mux tree: $flatten\pc0.$ternary$/home/d5/course/ysyx-prestudy/e_phase/sCpu/vsrc/pc.v:13$2 (pure)
		eval $flatten\pc0.$ternary$/home/d5/course/ysyx-prestudy/e_phase/sCpu/vsrc/pc.v:13$2 (replace 1 enable 1)
    Root of a mux tree: $memory$flatten\bcd7seg0.$auto$proc_rom.cc:155:do_switch$55$rdmux[0][0][0]$165 (pure)
		eval $memory$flatten\bcd7seg0.$auto$proc_rom.cc:155:do_switch$55$rdmux[0][0][0]$165 (replace 1 enable 1)
		eval $memory$flatten\bcd7seg0.$auto$proc_rom.cc:155:do_switch$55$rdmux[0][1][1]$171 (replace 1 enable 1)
		eval $memory$flatten\bcd7seg0.$auto$proc_rom.cc:155:do_switch$55$rdmux[0][2][3]$183 (replace 1 enable 1)
		eval $memory$flatten\bcd7seg0.$auto$proc_rom.cc:155:do_switch$55$rdmux[0][3][6]$204 (replace 0 enable 1)
		eval $memory$flatten\bcd7seg0.$auto$proc_rom.cc:155:do_switch$55$rdmux[0][2][2]$180 (replace 1 enable 1)
		eval $memory$flatten\bcd7seg0.$auto$proc_rom.cc:155:do_switch$55$rdmux[0][3][6]$204 (replace 0 enable 1)
		eval $memory$flatten\bcd7seg0.$auto$proc_rom.cc:155:do_switch$55$rdmux[0][1][0]$168 (replace 1 enable 1)
		eval $memory$flatten\bcd7seg0.$auto$proc_rom.cc:155:do_switch$55$rdmux[0][2][1]$177 (replace 1 enable 1)
		eval $memory$flatten\bcd7seg0.$auto$proc_rom.cc:155:do_switch$55$rdmux[0][3][3]$195 (replace 0 enable 1)
		eval $memory$flatten\bcd7seg0.$auto$proc_rom.cc:155:do_switch$55$rdmux[0][3][6]$204 (replace 0 enable 1)
		eval $memory$flatten\bcd7seg0.$auto$proc_rom.cc:155:do_switch$55$rdmux[0][2][0]$174 (replace 1 enable 1)
		eval $memory$flatten\bcd7seg0.$auto$proc_rom.cc:155:do_switch$55$rdmux[0][3][3]$195 (replace 0 enable 1)
    Root of a mux tree: $memory$flatten\bcd7seg0.$auto$proc_rom.cc:155:do_switch$55$rdmux[0][3][3]$195
		eval $memory$flatten\bcd7seg0.$auto$proc_rom.cc:155:do_switch$55$rdmux[0][3][3]$195 (replace 1 enable 0)
    Root of a mux tree: $memory$flatten\bcd7seg0.$auto$proc_rom.cc:155:do_switch$55$rdmux[0][3][6]$204
		eval $memory$flatten\bcd7seg0.$auto$proc_rom.cc:155:do_switch$55$rdmux[0][3][6]$204 (replace 1 enable 0)
    Root of a mux tree: $memory$flatten\bcd7seg1.$auto$proc_rom.cc:155:do_switch$55$rdmux[0][0][0]$210 (pure)
		eval $memory$flatten\bcd7seg1.$auto$proc_rom.cc:155:do_switch$55$rdmux[0][0][0]$210 (replace 1 enable 1)
		eval $memory$flatten\bcd7seg1.$auto$proc_rom.cc:155:do_switch$55$rdmux[0][1][1]$216 (replace 1 enable 1)
		eval $memory$flatten\bcd7seg1.$auto$proc_rom.cc:155:do_switch$55$rdmux[0][2][3]$228 (replace 1 enable 1)
		eval $memory$flatten\bcd7seg1.$auto$proc_rom.cc:155:do_switch$55$rdmux[0][3][6]$249 (replace 0 enable 1)
		eval $memory$flatten\bcd7seg1.$auto$proc_rom.cc:155:do_switch$55$rdmux[0][2][2]$225 (replace 1 enable 1)
		eval $memory$flatten\bcd7seg1.$auto$proc_rom.cc:155:do_switch$55$rdmux[0][3][6]$249 (replace 0 enable 1)
		eval $memory$flatten\bcd7seg1.$auto$proc_rom.cc:155:do_switch$55$rdmux[0][1][0]$213 (replace 1 enable 1)
		eval $memory$flatten\bcd7seg1.$auto$proc_rom.cc:155:do_switch$55$rdmux[0][2][1]$222 (replace 1 enable 1)
		eval $memory$flatten\bcd7seg1.$auto$proc_rom.cc:155:do_switch$55$rdmux[0][3][3]$240 (replace 0 enable 1)
		eval $memory$flatten\bcd7seg1.$auto$proc_rom.cc:155:do_switch$55$rdmux[0][3][6]$249 (replace 0 enable 1)
		eval $memory$flatten\bcd7seg1.$auto$proc_rom.cc:155:do_switch$55$rdmux[0][2][0]$219 (replace 1 enable 1)
		eval $memory$flatten\bcd7seg1.$auto$proc_rom.cc:155:do_switch$55$rdmux[0][3][3]$240 (replace 0 enable 1)
    Root of a mux tree: $memory$flatten\bcd7seg1.$auto$proc_rom.cc:155:do_switch$55$rdmux[0][3][3]$240
		eval $memory$flatten\bcd7seg1.$auto$proc_rom.cc:155:do_switch$55$rdmux[0][3][3]$240 (replace 1 enable 0)
    Root of a mux tree: $memory$flatten\bcd7seg1.$auto$proc_rom.cc:155:do_switch$55$rdmux[0][3][6]$249
		eval $memory$flatten\bcd7seg1.$auto$proc_rom.cc:155:do_switch$55$rdmux[0][3][6]$249 (replace 1 enable 0)
    Root of a mux tree: $memory\grp0.gprs$rdmux[0][0][0]$263 (pure)
		eval $memory\grp0.gprs$rdmux[0][0][0]$263 (replace 1 enable 1)
		eval $memory\grp0.gprs$rdmux[0][1][1]$269 (replace 1 enable 1)
		eval $memory\grp0.gprs$rdmux[0][1][0]$266 (replace 1 enable 1)
    Root of a mux tree: $memory\grp0.gprs$rdmux[1][0][0]$272 (pure)
		eval $memory\grp0.gprs$rdmux[1][0][0]$272 (replace 1 enable 1)
		eval $memory\grp0.gprs$rdmux[1][1][1]$278 (replace 1 enable 1)
		eval $memory\grp0.gprs$rdmux[1][1][0]$275 (replace 1 enable 1)
    Root of a mux tree: $memory\rom0.rom$rdmux[0][1][0]$343 (pure)
		eval $memory\rom0.rom$rdmux[0][1][0]$343 (replace 1 enable 1)
		eval $memory\rom0.rom$rdmux[0][3][0]$361 (replace 0 enable 1)
		eval $memory\rom0.rom$rdmux[0][2][0]$349 (replace 1 enable 1)
		eval $memory\rom0.rom$rdmux[0][3][0]$361 (replace 0 enable 1)
    Root of a mux tree: $memory\rom0.rom$rdmux[0][2][1]$352 (pure)
		eval $memory\rom0.rom$rdmux[0][2][1]$352 (replace 1 enable 1)
		eval $memory\rom0.rom$rdmux[0][3][0]$361 (replace 0 enable 1)
		eval $memory\rom0.rom$rdmux[0][3][0]$361 (replace 0 enable 1)
    Root of a mux tree: $memory\rom0.rom$rdmux[0][3][0]$361
		eval $memory\rom0.rom$rdmux[0][3][0]$361 (replace 1 enable 0)
    Root of a mux tree: $ternary$/home/d5/course/ysyx-prestudy/e_phase/sCpu/vsrc/top.v:37$9 (pure)
		eval $ternary$/home/d5/course/ysyx-prestudy/e_phase/sCpu/vsrc/top.v:37$9 (replace 1 enable 1)
  Analyzing evaluation results.
Removed 0 multiplexer ports.

13.3.28. Executing OPT_REDUCE pass (consolidate $*mux and $reduce_* inputs).
  Optimizing cells in module \top.
Performed a total of 0 changes.

13.3.29. Executing OPT_MERGE pass (detect identical cells).
Finding identical cells in module `\top'.
Removed a total of 0 cells.

13.3.30. Executing OPT_SHARE pass.

13.3.31. Executing OPT_DFF pass (perform DFF optimizations).

13.3.32. Executing OPT_CLEAN pass (remove unused cells and wires).
Finding unused cells or wires in module \top..

13.3.33. Executing OPT_EXPR pass (perform const folding).
Optimizing module top.

13.3.34. Finished fast OPT passes. (There is nothing left to do.)

13.4. Executing TECHMAP pass (map to technology primitives).

13.4.1. Executing Verilog-2005 frontend: /home/d5/software/oss-cad-suite/lib/../share/yosys/techmap.v
Parsing Verilog input from `/home/d5/software/oss-cad-suite/lib/../share/yosys/techmap.v' to AST representation.
verilog frontend filename /home/d5/software/oss-cad-suite/lib/../share/yosys/techmap.v
Generating RTLIL representation for module `\_90_simplemap_bool_ops'.
Generating RTLIL representation for module `\_90_simplemap_reduce_ops'.
Generating RTLIL representation for module `\_90_simplemap_logic_ops'.
Generating RTLIL representation for module `\_90_simplemap_compare_ops'.
Generating RTLIL representation for module `\_90_simplemap_various'.
Generating RTLIL representation for module `\_90_simplemap_registers'.
Generating RTLIL representation for module `\_90_shift_ops_shr_shl_sshl_sshr'.
Generating RTLIL representation for module `\_90_shift_shiftx'.
Generating RTLIL representation for module `\_90_fa'.
Generating RTLIL representation for module `\_90_lcu_brent_kung'.
Generating RTLIL representation for module `\_90_alu'.
Generating RTLIL representation for module `\_90_macc'.
Generating RTLIL representation for module `\_90_alumacc'.
Generating RTLIL representation for module `\$__div_mod_u'.
Generating RTLIL representation for module `\$__div_mod_trunc'.
Generating RTLIL representation for module `\_90_div'.
Generating RTLIL representation for module `\_90_mod'.
Generating RTLIL representation for module `\$__div_mod_floor'.
Generating RTLIL representation for module `\_90_divfloor'.
Generating RTLIL representation for module `\_90_modfloor'.
Generating RTLIL representation for module `\_90_pow'.
Generating RTLIL representation for module `\_90_pmux'.
Generating RTLIL representation for module `\_90_demux'.
Generating RTLIL representation for module `\_90_lut'.
Generating RTLIL representation for module `\$connect'.
Generating RTLIL representation for module `\$input_port'.
Successfully finished Verilog frontend.

13.4.2. Continuing TECHMAP pass.
Cell type mappings to use:
    $xnor: _90_simplemap_bool_ops
    $xor: _90_simplemap_bool_ops
    $or: _90_simplemap_bool_ops
    $and: _90_simplemap_bool_ops
    $not: _90_simplemap_bool_ops
    $reduce_bool: _90_simplemap_reduce_ops
    $reduce_xnor: _90_simplemap_reduce_ops
    $reduce_xor: _90_simplemap_reduce_ops
    $reduce_or: _90_simplemap_reduce_ops
    $reduce_and: _90_simplemap_reduce_ops
    $logic_or: _90_simplemap_logic_ops
    $logic_and: _90_simplemap_logic_ops
    $logic_not: _90_simplemap_logic_ops
    $nex: _90_simplemap_compare_ops
    $ne: _90_simplemap_compare_ops
    $eqx: _90_simplemap_compare_ops
    $eq: _90_simplemap_compare_ops
    $bweqx: _90_simplemap_various
    $bwmux: _90_simplemap_various
    $bmux: _90_simplemap_various
    $tribuf: _90_simplemap_various
    $mux: _90_simplemap_various
    $concat: _90_simplemap_various
    $slice: _90_simplemap_various
    $pos: _90_simplemap_various
    $buf: _90_simplemap_various
    $dlatchsr: _90_simplemap_registers
    $adlatch: _90_simplemap_registers
    $dlatch: _90_simplemap_registers
    $dffsre: _90_simplemap_registers
    $dffsr: _90_simplemap_registers
    $sdffce: _90_simplemap_registers
    $sdffe: _90_simplemap_registers
    $sdff: _90_simplemap_registers
    $aldffe: _90_simplemap_registers
    $aldff: _90_simplemap_registers
    $adffe: _90_simplemap_registers
    $adff: _90_simplemap_registers
    $dffe: _90_simplemap_registers
    $dff: _90_simplemap_registers
    $ff: _90_simplemap_registers
    $sr: _90_simplemap_registers
    $sshr: _90_shift_ops_shr_shl_sshl_sshr
    $sshl: _90_shift_ops_shr_shl_sshl_sshr
    $shl: _90_shift_ops_shr_shl_sshl_sshr
    $shr: _90_shift_ops_shr_shl_sshl_sshr
    $shiftx: _90_shift_shiftx
    $shift: _90_shift_shiftx
    $fa: _90_fa
    $lcu: _90_lcu_brent_kung
    $alu: _90_alu
    $macc_v2: _90_macc
    $macc: _90_macc
    $mul: _90_alumacc
    $neg: _90_alumacc
    $sub: _90_alumacc
    $add: _90_alumacc
    $gt: _90_alumacc
    $ge: _90_alumacc
    $le: _90_alumacc
    $lt: _90_alumacc
    $__div_mod_u: \$__div_mod_u
    $__div_mod_trunc: \$__div_mod_trunc
    $div: _90_div
    $mod: _90_mod
    $__div_mod_floor: \$__div_mod_floor
    $divfloor: _90_divfloor
    $modfloor: _90_modfloor
    $pow: _90_pow
    $pmux: _90_pmux
    $demux: _90_demux
    $sop: _90_lut
    $lut: _90_lut
    $connect: \$connect
    $input_port: \$input_port

Using extmapper simplemap for cells of type $sdffce.
Mapping top.$auto$ff.cc:337:slice$403 ($sdffce) with simplemap.
Mapping top.$auto$ff.cc:337:slice$402 ($sdffce) with simplemap.
Mapping top.$auto$ff.cc:337:slice$401 ($sdffce) with simplemap.
Using extmapper simplemap for cells of type $ne.
Mapping top.$auto$opt_dff.cc:248:make_patterns_logic$400 ($ne) with simplemap.
Mapping top.$auto$opt_dff.cc:248:make_patterns_logic$397 ($ne) with simplemap.
Mapping top.$auto$opt_dff.cc:248:make_patterns_logic$394 ($ne) with simplemap.
Using extmapper simplemap for cells of type $dffe.
Mapping top.$auto$ff.cc:337:slice$391 ($dffe) with simplemap.
Using extmapper simplemap for cells of type $sdff.
Mapping top.$auto$ff.cc:337:slice$390 ($sdff) with simplemap.
Using extmapper simplemap for cells of type $reduce_or.
Mapping top.$auto$opt_dff.cc:307:combine_resets$389 ($reduce_or) with simplemap.
Using extmapper simplemap for cells of type $not.
Mapping top.$auto$opt_dff.cc:303:combine_resets$386 ($not) with simplemap.
Mapping top.$auto$ff.cc:337:slice$385 ($sdff) with simplemap.
Using extmapper simplemap for cells of type $and.
Mapping top.$auto$memory_map.cc:97:addr_decode$334 ($and) with simplemap.
Mapping top.$auto$memory_map.cc:97:addr_decode$324 ($and) with simplemap.
Mapping top.$auto$memory_map.cc:97:addr_decode$312 ($and) with simplemap.
Mapping top.$auto$memory_map.cc:97:addr_decode$300 ($and) with simplemap.
Mapping top.$auto$memory_map.cc:92:addr_decode$298 ($not) with simplemap.
Mapping top.$auto$memory_map.cc:92:addr_decode$296 ($not) with simplemap.
Using extmapper simplemap for cells of type $or.
Mapping top.$auto$memory_share.cc:454:consolidate_wr_using_sat$164 ($or) with simplemap.
Using extmapper simplemap for cells of type $mux.
Mapping top.$auto$memory_share.cc:437:consolidate_wr_using_sat$161 ($mux) with simplemap.
Mapping top.$auto$memory_share.cc:434:consolidate_wr_using_sat$159 ($mux) with simplemap.
Mapping top.$auto$ff.cc:614:unmap_srst$153 ($mux) with simplemap.
Mapping top.$auto$ff.cc:592:unmap_ce$144 ($mux) with simplemap.
Mapping top.$auto$ff.cc:592:unmap_ce$141 ($mux) with simplemap.
Parameter \A_SIGNED = 0
Parameter \B_SIGNED = 0
Parameter \A_WIDTH = 1
Parameter \B_WIDTH = 4
Parameter \Y_WIDTH = 4

13.4.3. Executing AST frontend in derive mode using pre-parsed AST for module `\_90_alu'.
Parameter \A_SIGNED = 0
Parameter \B_SIGNED = 0
Parameter \A_WIDTH = 1
Parameter \B_WIDTH = 4
Parameter \Y_WIDTH = 4
Generating RTLIL representation for module `$paramod$32a7b7b86c07519b7537abc18e96f0331f97914d\_90_alu'.

13.4.4. Continuing TECHMAP pass.
Using template $paramod$32a7b7b86c07519b7537abc18e96f0331f97914d\_90_alu for cells of type $alu.
Mapping top.$auto$alumacc.cc:512:replace_alu$128 ($alu) using $paramod$32a7b7b86c07519b7537abc18e96f0331f97914d\_90_alu.
Parameter \A_SIGNED = 0
Parameter \B_SIGNED = 0
Parameter \A_WIDTH = 8
Parameter \B_WIDTH = 8
Parameter \Y_WIDTH = 8

13.4.5. Executing AST frontend in derive mode using pre-parsed AST for module `\_90_alu'.
Parameter \A_SIGNED = 0
Parameter \B_SIGNED = 0
Parameter \A_WIDTH = 8
Parameter \B_WIDTH = 8
Parameter \Y_WIDTH = 8
Generating RTLIL representation for module `$paramod$a1bc51c02ce12ac21eb18988e83292af48ed7d72\_90_alu'.

13.4.6. Continuing TECHMAP pass.
Using template $paramod$a1bc51c02ce12ac21eb18988e83292af48ed7d72\_90_alu for cells of type $alu.
Mapping top.$auto$alumacc.cc:512:replace_alu$125 ($alu) using $paramod$a1bc51c02ce12ac21eb18988e83292af48ed7d72\_90_alu.
Mapping top.$auto$ff.cc:337:slice$124 ($sdff) with simplemap.
Mapping top.$auto$ff.cc:337:slice$123 ($dffe) with simplemap.
Using extmapper simplemap for cells of type $eq.
Mapping top.$eq$/home/d5/course/ysyx-prestudy/e_phase/sCpu/vsrc/top.v:31$5 ($eq) with simplemap.
Using extmapper simplemap for cells of type $logic_not.
Mapping top.$eq$/home/d5/course/ysyx-prestudy/e_phase/sCpu/vsrc/top.v:32$6 ($logic_not) with simplemap.
Mapping top.$eq$/home/d5/course/ysyx-prestudy/e_phase/sCpu/vsrc/top.v:33$7 ($eq) with simplemap.
Mapping top.$eq$/home/d5/course/ysyx-prestudy/e_phase/sCpu/vsrc/top.v:34$8 ($eq) with simplemap.
Mapping top.$ternary$/home/d5/course/ysyx-prestudy/e_phase/sCpu/vsrc/top.v:37$9 ($mux) with simplemap.
Using extmapper simplemap for cells of type $logic_or.
Mapping top.$logic_or$/home/d5/course/ysyx-prestudy/e_phase/sCpu/vsrc/top.v:40$10 ($logic_or) with simplemap.
Mapping top.$ternary$/home/d5/course/ysyx-prestudy/e_phase/sCpu/vsrc/top.v:42$12 ($mux) with simplemap.
Mapping top.$ne$/home/d5/course/ysyx-prestudy/e_phase/sCpu/vsrc/top.v:44$13 ($ne) with simplemap.
Using extmapper simplemap for cells of type $logic_and.
Mapping top.$logic_and$/home/d5/course/ysyx-prestudy/e_phase/sCpu/vsrc/top.v:44$14 ($logic_and) with simplemap.
Mapping top.$flatten\pc0.$ternary$/home/d5/course/ysyx-prestudy/e_phase/sCpu/vsrc/pc.v:13$2 ($mux) with simplemap.
Mapping top.$flatten\grp0.$procmux$89 ($and) with simplemap.
Mapping top.$flatten\grp0.$procmux$77 ($not) with simplemap.
Using extmapper simplemap for cells of type $dff.
Mapping top.$$flatten\bcd7seg0.$auto$proc_rom.cc:155:do_switch$55$rdreg[0] ($dff) with simplemap.
Mapping top.$memory$flatten\bcd7seg0.$auto$proc_rom.cc:155:do_switch$55$rdmux[0][0][0]$165 ($mux) with simplemap.
Mapping top.$memory$flatten\bcd7seg0.$auto$proc_rom.cc:155:do_switch$55$rdmux[0][1][0]$168 ($mux) with simplemap.
Mapping top.$memory$flatten\bcd7seg0.$auto$proc_rom.cc:155:do_switch$55$rdmux[0][1][1]$171 ($mux) with simplemap.
Mapping top.$memory$flatten\bcd7seg0.$auto$proc_rom.cc:155:do_switch$55$rdmux[0][2][0]$174 ($mux) with simplemap.
Mapping top.$memory$flatten\bcd7seg0.$auto$proc_rom.cc:155:do_switch$55$rdmux[0][2][1]$177 ($mux) with simplemap.
Mapping top.$memory$flatten\bcd7seg0.$auto$proc_rom.cc:155:do_switch$55$rdmux[0][2][2]$180 ($mux) with simplemap.
Mapping top.$memory$flatten\bcd7seg0.$auto$proc_rom.cc:155:do_switch$55$rdmux[0][2][3]$183 ($mux) with simplemap.
Mapping top.$memory$flatten\bcd7seg0.$auto$proc_rom.cc:155:do_switch$55$rdmux[0][3][3]$195 ($mux) with simplemap.
Mapping top.$memory$flatten\bcd7seg0.$auto$proc_rom.cc:155:do_switch$55$rdmux[0][3][6]$204 ($mux) with simplemap.
Mapping top.$$flatten\bcd7seg1.$auto$proc_rom.cc:155:do_switch$55$rdreg[0] ($dff) with simplemap.
Mapping top.$memory$flatten\bcd7seg1.$auto$proc_rom.cc:155:do_switch$55$rdmux[0][0][0]$210 ($mux) with simplemap.
Mapping top.$memory$flatten\bcd7seg1.$auto$proc_rom.cc:155:do_switch$55$rdmux[0][1][0]$213 ($mux) with simplemap.
Mapping top.$memory$flatten\bcd7seg1.$auto$proc_rom.cc:155:do_switch$55$rdmux[0][1][1]$216 ($mux) with simplemap.
Mapping top.$memory$flatten\bcd7seg1.$auto$proc_rom.cc:155:do_switch$55$rdmux[0][2][0]$219 ($mux) with simplemap.
Mapping top.$memory$flatten\bcd7seg1.$auto$proc_rom.cc:155:do_switch$55$rdmux[0][2][1]$222 ($mux) with simplemap.
Mapping top.$memory$flatten\bcd7seg1.$auto$proc_rom.cc:155:do_switch$55$rdmux[0][2][2]$225 ($mux) with simplemap.
Mapping top.$memory$flatten\bcd7seg1.$auto$proc_rom.cc:155:do_switch$55$rdmux[0][2][3]$228 ($mux) with simplemap.
Mapping top.$memory$flatten\bcd7seg1.$auto$proc_rom.cc:155:do_switch$55$rdmux[0][3][3]$240 ($mux) with simplemap.
Mapping top.$memory$flatten\bcd7seg1.$auto$proc_rom.cc:155:do_switch$55$rdmux[0][3][6]$249 ($mux) with simplemap.
Mapping top.$memory\grp0.gprs$rdmux[0][0][0]$263 ($mux) with simplemap.
Mapping top.$memory\grp0.gprs$rdmux[0][1][0]$266 ($mux) with simplemap.
Mapping top.$memory\grp0.gprs$rdmux[0][1][1]$269 ($mux) with simplemap.
Mapping top.$memory\grp0.gprs$rdmux[1][0][0]$272 ($mux) with simplemap.
Mapping top.$memory\grp0.gprs$rdmux[1][1][0]$275 ($mux) with simplemap.
Mapping top.$memory\grp0.gprs$rdmux[1][1][1]$278 ($mux) with simplemap.
Mapping top.$memory\grp0.gprs$wren[0][1][0]$302 ($and) with simplemap.
Mapping top.$memory\grp0.gprs$wren[1][1][0]$314 ($and) with simplemap.
Mapping top.$memory\grp0.gprs$wren[2][1][0]$326 ($and) with simplemap.
Mapping top.$memory\grp0.gprs$wren[3][1][0]$336 ($and) with simplemap.
Mapping top.$memory\rom0.rom$rdmux[0][1][0]$343 ($mux) with simplemap.
Mapping top.$memory\rom0.rom$rdmux[0][2][0]$349 ($mux) with simplemap.
Mapping top.$memory\rom0.rom$rdmux[0][2][1]$352 ($mux) with simplemap.
Mapping top.$memory\rom0.rom$rdmux[0][3][0]$361 ($mux) with simplemap.
Using extmapper simplemap for cells of type $xor.
Mapping top.$techmap$auto$alumacc.cc:512:replace_alu$128.$xor$/home/d5/software/oss-cad-suite/lib/../share/yosys/techmap.v:296$574 ($xor) with simplemap.
Parameter \WIDTH = 4

13.4.7. Executing AST frontend in derive mode using pre-parsed AST for module `\_90_fa'.
Parameter \WIDTH = 4
Generating RTLIL representation for module `$paramod\_90_fa\WIDTH=32'00000000000000000000000000000100'.

13.4.8. Continuing TECHMAP pass.
Using template $paramod\_90_fa\WIDTH=32'00000000000000000000000000000100 for cells of type $fa.
Mapping top.$auto$alumacc.cc:512:replace_alu$128.fa ($fa) using $paramod\_90_fa\WIDTH=32'00000000000000000000000000000100.
Parameter \WIDTH = 4

13.4.9. Executing AST frontend in derive mode using pre-parsed AST for module `\_90_lcu_brent_kung'.
Parameter \WIDTH = 4
Generating RTLIL representation for module `$paramod\_90_lcu_brent_kung\WIDTH=32'00000000000000000000000000000100'.

13.4.10. Executing PROC pass (convert processes to netlists).

13.4.10.1. Executing PROC_CLEAN pass (remove empty switches from decision trees).
Cleaned up 0 empty switches.

13.4.10.2. Executing PROC_RMDEAD pass (remove dead branches from decision trees).
Removed a total of 0 dead cases.

13.4.10.3. Executing PROC_PRUNE pass (remove redundant assignments in processes).
Removed 0 redundant assignments.
Promoted 10 assignments to connections.

13.4.10.4. Executing PROC_INIT pass (extract init attributes).

13.4.10.5. Executing PROC_ARST pass (detect async resets in processes).

13.4.10.6. Executing PROC_ROM pass (convert switches to ROMs).
Converted 0 switches.

13.4.10.7. Executing PROC_MUX pass (convert decision trees to multiplexers).
Creating decoders for process `$paramod\_90_lcu_brent_kung\WIDTH=32'00000000000000000000000000000100.$proc$/home/d5/software/oss-cad-suite/lib/../share/yosys/techmap.v:226$841'.

13.4.10.8. Executing PROC_DLATCH pass (convert process syncs to latches).
No latch inferred for signal `$paramod\_90_lcu_brent_kung\WIDTH=32'00000000000000000000000000000100.\i' from process `$paramod\_90_lcu_brent_kung\WIDTH=32'00000000000000000000000000000100.$proc$/home/d5/software/oss-cad-suite/lib/../share/yosys/techmap.v:226$841'.
No latch inferred for signal `$paramod\_90_lcu_brent_kung\WIDTH=32'00000000000000000000000000000100.\j' from process `$paramod\_90_lcu_brent_kung\WIDTH=32'00000000000000000000000000000100.$proc$/home/d5/software/oss-cad-suite/lib/../share/yosys/techmap.v:226$841'.
No latch inferred for signal `$paramod\_90_lcu_brent_kung\WIDTH=32'00000000000000000000000000000100.\p' from process `$paramod\_90_lcu_brent_kung\WIDTH=32'00000000000000000000000000000100.$proc$/home/d5/software/oss-cad-suite/lib/../share/yosys/techmap.v:226$841'.
No latch inferred for signal `$paramod\_90_lcu_brent_kung\WIDTH=32'00000000000000000000000000000100.\g' from process `$paramod\_90_lcu_brent_kung\WIDTH=32'00000000000000000000000000000100.$proc$/home/d5/software/oss-cad-suite/lib/../share/yosys/techmap.v:226$841'.

13.4.10.9. Executing PROC_DFF pass (convert process syncs to FFs).

13.4.10.10. Executing PROC_MEMWR pass (convert process memory writes to cells).

13.4.10.11. Executing PROC_CLEAN pass (remove empty switches from decision trees).
Removing empty process `$paramod\_90_lcu_brent_kung\WIDTH=32'00000000000000000000000000000100.$proc$/home/d5/software/oss-cad-suite/lib/../share/yosys/techmap.v:226$841'.
Cleaned up 0 empty switches.

13.4.10.12. Executing OPT_EXPR pass (perform const folding).
Optimizing module $paramod\_90_lcu_brent_kung\WIDTH=32'00000000000000000000000000000100.

13.4.11. Executing OPT pass (performing simple optimizations).

13.4.11.1. Executing OPT_EXPR pass (perform const folding).
Optimizing module $paramod\_90_lcu_brent_kung\WIDTH=32'00000000000000000000000000000100.

13.4.11.2. Executing OPT_MERGE pass (detect identical cells).
Finding identical cells in module `$paramod\_90_lcu_brent_kung\WIDTH=32'00000000000000000000000000000100'.
Removed a total of 0 cells.

13.4.11.3. Executing OPT_DFF pass (perform DFF optimizations).

13.4.11.4. Executing OPT_CLEAN pass (remove unused cells and wires).
Finding unused cells or wires in module $paramod\_90_lcu_brent_kung\WIDTH=32'00000000000000000000000000000100..
  removing unused `$and' cell `$and$/home/d5/software/oss-cad-suite/lib/../share/yosys/techmap.v:241$846'.
  removing unused `$and' cell `$and$/home/d5/software/oss-cad-suite/lib/../share/yosys/techmap.v:241$852'.
  removing unused `$and' cell `$and$/home/d5/software/oss-cad-suite/lib/../share/yosys/techmap.v:249$855'.
  removing unused non-port wire $0\i[31:0].
  removing unused non-port wire $0\j[31:0].
  removing unused non-port wire $0\p[3:0].
  removing unused non-port wire $0\g[3:0].
  removing unused non-port wire $or$/home/d5/software/oss-cad-suite/lib/../share/yosys/techmap.v:231$843_Y.
  removing unused non-port wire $or$/home/d5/software/oss-cad-suite/lib/../share/yosys/techmap.v:240$845_Y.
  removing unused non-port wire $and$/home/d5/software/oss-cad-suite/lib/../share/yosys/techmap.v:241$846_Y.
  removing unused non-port wire $or$/home/d5/software/oss-cad-suite/lib/../share/yosys/techmap.v:240$851_Y.
  removing unused non-port wire $and$/home/d5/software/oss-cad-suite/lib/../share/yosys/techmap.v:241$852_Y.
  removing unused non-port wire $or$/home/d5/software/oss-cad-suite/lib/../share/yosys/techmap.v:248$854_Y.
  removing unused non-port wire $and$/home/d5/software/oss-cad-suite/lib/../share/yosys/techmap.v:249$855_Y.
Removed 3 unused cells and 11 unused wires.

13.4.11.5. Finished fast OPT passes.

13.4.12. Continuing TECHMAP pass.
Using template $paramod\_90_lcu_brent_kung\WIDTH=32'00000000000000000000000000000100 for cells of type $lcu.
Mapping top.$auto$alumacc.cc:512:replace_alu$128.lcu ($lcu) using $paramod\_90_lcu_brent_kung\WIDTH=32'00000000000000000000000000000100.
Using extmapper simplemap for cells of type $pos.
Mapping top.$auto$alumacc.cc:512:replace_alu$128.B_conv ($pos) with simplemap.
Mapping top.$auto$alumacc.cc:512:replace_alu$128.A_conv ($pos) with simplemap.
Mapping top.$techmap$auto$alumacc.cc:512:replace_alu$128.$ternary$/home/d5/software/oss-cad-suite/lib/../share/yosys/techmap.v:279$573 ($mux) with simplemap.
Mapping top.$techmap$auto$alumacc.cc:512:replace_alu$128.$not$/home/d5/software/oss-cad-suite/lib/../share/yosys/techmap.v:279$572 ($not) with simplemap.
Mapping top.$techmap$auto$alumacc.cc:512:replace_alu$125.$xor$/home/d5/software/oss-cad-suite/lib/../share/yosys/techmap.v:296$577 ($xor) with simplemap.
Parameter \WIDTH = 8

13.4.13. Executing AST frontend in derive mode using pre-parsed AST for module `\_90_fa'.
Parameter \WIDTH = 8
Generating RTLIL representation for module `$paramod\_90_fa\WIDTH=32'00000000000000000000000000001000'.

13.4.14. Continuing TECHMAP pass.
Using template $paramod\_90_fa\WIDTH=32'00000000000000000000000000001000 for cells of type $fa.
Mapping top.$auto$alumacc.cc:512:replace_alu$125.fa ($fa) using $paramod\_90_fa\WIDTH=32'00000000000000000000000000001000.
Parameter \WIDTH = 8

13.4.15. Executing AST frontend in derive mode using pre-parsed AST for module `\_90_lcu_brent_kung'.
Parameter \WIDTH = 8
Generating RTLIL representation for module `$paramod\_90_lcu_brent_kung\WIDTH=32'00000000000000000000000000001000'.

13.4.16. Executing PROC pass (convert processes to netlists).

13.4.16.1. Executing PROC_CLEAN pass (remove empty switches from decision trees).
Cleaned up 0 empty switches.

13.4.16.2. Executing PROC_RMDEAD pass (remove dead branches from decision trees).
Removed a total of 0 dead cases.

13.4.16.3. Executing PROC_PRUNE pass (remove redundant assignments in processes).
Removed 0 redundant assignments.
Promoted 18 assignments to connections.

13.4.16.4. Executing PROC_INIT pass (extract init attributes).

13.4.16.5. Executing PROC_ARST pass (detect async resets in processes).

13.4.16.6. Executing PROC_ROM pass (convert switches to ROMs).
Converted 0 switches.

13.4.16.7. Executing PROC_MUX pass (convert decision trees to multiplexers).
Creating decoders for process `$paramod\_90_lcu_brent_kung\WIDTH=32'00000000000000000000000000001000.$proc$/home/d5/software/oss-cad-suite/lib/../share/yosys/techmap.v:226$878'.

13.4.16.8. Executing PROC_DLATCH pass (convert process syncs to latches).
No latch inferred for signal `$paramod\_90_lcu_brent_kung\WIDTH=32'00000000000000000000000000001000.\i' from process `$paramod\_90_lcu_brent_kung\WIDTH=32'00000000000000000000000000001000.$proc$/home/d5/software/oss-cad-suite/lib/../share/yosys/techmap.v:226$878'.
No latch inferred for signal `$paramod\_90_lcu_brent_kung\WIDTH=32'00000000000000000000000000001000.\j' from process `$paramod\_90_lcu_brent_kung\WIDTH=32'00000000000000000000000000001000.$proc$/home/d5/software/oss-cad-suite/lib/../share/yosys/techmap.v:226$878'.
No latch inferred for signal `$paramod\_90_lcu_brent_kung\WIDTH=32'00000000000000000000000000001000.\p' from process `$paramod\_90_lcu_brent_kung\WIDTH=32'00000000000000000000000000001000.$proc$/home/d5/software/oss-cad-suite/lib/../share/yosys/techmap.v:226$878'.
No latch inferred for signal `$paramod\_90_lcu_brent_kung\WIDTH=32'00000000000000000000000000001000.\g' from process `$paramod\_90_lcu_brent_kung\WIDTH=32'00000000000000000000000000001000.$proc$/home/d5/software/oss-cad-suite/lib/../share/yosys/techmap.v:226$878'.

13.4.16.9. Executing PROC_DFF pass (convert process syncs to FFs).

13.4.16.10. Executing PROC_MEMWR pass (convert process memory writes to cells).

13.4.16.11. Executing PROC_CLEAN pass (remove empty switches from decision trees).
Removing empty process `$paramod\_90_lcu_brent_kung\WIDTH=32'00000000000000000000000000001000.$proc$/home/d5/software/oss-cad-suite/lib/../share/yosys/techmap.v:226$878'.
Cleaned up 0 empty switches.

13.4.16.12. Executing OPT_EXPR pass (perform const folding).
Optimizing module $paramod\_90_lcu_brent_kung\WIDTH=32'00000000000000000000000000001000.

13.4.17. Executing OPT pass (performing simple optimizations).

13.4.17.1. Executing OPT_EXPR pass (perform const folding).
Optimizing module $paramod\_90_lcu_brent_kung\WIDTH=32'00000000000000000000000000001000.

13.4.17.2. Executing OPT_MERGE pass (detect identical cells).
Finding identical cells in module `$paramod\_90_lcu_brent_kung\WIDTH=32'00000000000000000000000000001000'.
Removed a total of 0 cells.

13.4.17.3. Executing OPT_DFF pass (perform DFF optimizations).

13.4.17.4. Executing OPT_CLEAN pass (remove unused cells and wires).
Finding unused cells or wires in module $paramod\_90_lcu_brent_kung\WIDTH=32'00000000000000000000000000001000..
  removing unused `$and' cell `$and$/home/d5/software/oss-cad-suite/lib/../share/yosys/techmap.v:241$883'.
  removing unused `$and' cell `$and$/home/d5/software/oss-cad-suite/lib/../share/yosys/techmap.v:241$895'.
  removing unused `$and' cell `$and$/home/d5/software/oss-cad-suite/lib/../share/yosys/techmap.v:241$901'.
  removing unused `$and' cell `$and$/home/d5/software/oss-cad-suite/lib/../share/yosys/techmap.v:249$904'.
  removing unused `$and' cell `$and$/home/d5/software/oss-cad-suite/lib/../share/yosys/techmap.v:249$907'.
  removing unused `$and' cell `$and$/home/d5/software/oss-cad-suite/lib/../share/yosys/techmap.v:249$910'.
  removing unused `$and' cell `$and$/home/d5/software/oss-cad-suite/lib/../share/yosys/techmap.v:249$913'.
  removing unused non-port wire $0\i[31:0].
  removing unused non-port wire $0\j[31:0].
  removing unused non-port wire $0\p[7:0].
  removing unused non-port wire $0\g[7:0].
  removing unused non-port wire $or$/home/d5/software/oss-cad-suite/lib/../share/yosys/techmap.v:231$880_Y.
  removing unused non-port wire $or$/home/d5/software/oss-cad-suite/lib/../share/yosys/techmap.v:240$882_Y.
  removing unused non-port wire $and$/home/d5/software/oss-cad-suite/lib/../share/yosys/techmap.v:241$883_Y.
  removing unused non-port wire $or$/home/d5/software/oss-cad-suite/lib/../share/yosys/techmap.v:240$894_Y.
  removing unused non-port wire $and$/home/d5/software/oss-cad-suite/lib/../share/yosys/techmap.v:241$895_Y.
  removing unused non-port wire $or$/home/d5/software/oss-cad-suite/lib/../share/yosys/techmap.v:240$900_Y.
  removing unused non-port wire $and$/home/d5/software/oss-cad-suite/lib/../share/yosys/techmap.v:241$901_Y.
  removing unused non-port wire $or$/home/d5/software/oss-cad-suite/lib/../share/yosys/techmap.v:248$903_Y.
  removing unused non-port wire $and$/home/d5/software/oss-cad-suite/lib/../share/yosys/techmap.v:249$904_Y.
  removing unused non-port wire $or$/home/d5/software/oss-cad-suite/lib/../share/yosys/techmap.v:248$906_Y.
  removing unused non-port wire $and$/home/d5/software/oss-cad-suite/lib/../share/yosys/techmap.v:249$907_Y.
  removing unused non-port wire $or$/home/d5/software/oss-cad-suite/lib/../share/yosys/techmap.v:248$909_Y.
  removing unused non-port wire $and$/home/d5/software/oss-cad-suite/lib/../share/yosys/techmap.v:249$910_Y.
  removing unused non-port wire $or$/home/d5/software/oss-cad-suite/lib/../share/yosys/techmap.v:248$912_Y.
  removing unused non-port wire $and$/home/d5/software/oss-cad-suite/lib/../share/yosys/techmap.v:249$913_Y.
Removed 7 unused cells and 19 unused wires.

13.4.17.5. Finished fast OPT passes.

13.4.18. Continuing TECHMAP pass.
Using template $paramod\_90_lcu_brent_kung\WIDTH=32'00000000000000000000000000001000 for cells of type $lcu.
Mapping top.$auto$alumacc.cc:512:replace_alu$125.lcu ($lcu) using $paramod\_90_lcu_brent_kung\WIDTH=32'00000000000000000000000000001000.
Mapping top.$auto$alumacc.cc:512:replace_alu$125.B_conv ($pos) with simplemap.
Mapping top.$auto$alumacc.cc:512:replace_alu$125.A_conv ($pos) with simplemap.
Mapping top.$techmap$auto$alumacc.cc:512:replace_alu$125.$ternary$/home/d5/software/oss-cad-suite/lib/../share/yosys/techmap.v:279$576 ($mux) with simplemap.
Mapping top.$techmap$auto$alumacc.cc:512:replace_alu$125.$not$/home/d5/software/oss-cad-suite/lib/../share/yosys/techmap.v:279$575 ($not) with simplemap.
Mapping top.$techmap$auto$alumacc.cc:512:replace_alu$128.fa.$or$/home/d5/software/oss-cad-suite/lib/../share/yosys/techmap.v:206$840 ($or) with simplemap.
Mapping top.$techmap$auto$alumacc.cc:512:replace_alu$128.fa.$xor$/home/d5/software/oss-cad-suite/lib/../share/yosys/techmap.v:206$839 ($xor) with simplemap.
Mapping top.$techmap$auto$alumacc.cc:512:replace_alu$128.fa.$and$/home/d5/software/oss-cad-suite/lib/../share/yosys/techmap.v:205$838 ($and) with simplemap.
Mapping top.$techmap$auto$alumacc.cc:512:replace_alu$128.fa.$and$/home/d5/software/oss-cad-suite/lib/../share/yosys/techmap.v:205$837 ($and) with simplemap.
Mapping top.$techmap$auto$alumacc.cc:512:replace_alu$128.fa.$xor$/home/d5/software/oss-cad-suite/lib/../share/yosys/techmap.v:205$836 ($xor) with simplemap.
Mapping top.$techmap$auto$alumacc.cc:512:replace_alu$128.lcu.$and$/home/d5/software/oss-cad-suite/lib/../share/yosys/techmap.v:231$842 ($and) with simplemap.
Mapping top.$techmap$auto$alumacc.cc:512:replace_alu$128.lcu.$and$/home/d5/software/oss-cad-suite/lib/../share/yosys/techmap.v:240$844 ($and) with simplemap.
Mapping top.$techmap$auto$alumacc.cc:512:replace_alu$128.lcu.$and$/home/d5/software/oss-cad-suite/lib/../share/yosys/techmap.v:240$847 ($and) with simplemap.
Mapping top.$techmap$auto$alumacc.cc:512:replace_alu$128.lcu.$and$/home/d5/software/oss-cad-suite/lib/../share/yosys/techmap.v:240$850 ($and) with simplemap.
Mapping top.$techmap$auto$alumacc.cc:512:replace_alu$128.lcu.$and$/home/d5/software/oss-cad-suite/lib/../share/yosys/techmap.v:241$849 ($and) with simplemap.
Mapping top.$techmap$auto$alumacc.cc:512:replace_alu$128.lcu.$and$/home/d5/software/oss-cad-suite/lib/../share/yosys/techmap.v:248$853 ($and) with simplemap.
Mapping top.$techmap$auto$alumacc.cc:512:replace_alu$128.lcu.$or$/home/d5/software/oss-cad-suite/lib/../share/yosys/techmap.v:231$843 ($or) with simplemap.
Mapping top.$techmap$auto$alumacc.cc:512:replace_alu$128.lcu.$or$/home/d5/software/oss-cad-suite/lib/../share/yosys/techmap.v:240$845 ($or) with simplemap.
Mapping top.$techmap$auto$alumacc.cc:512:replace_alu$128.lcu.$or$/home/d5/software/oss-cad-suite/lib/../share/yosys/techmap.v:240$848 ($or) with simplemap.
Mapping top.$techmap$auto$alumacc.cc:512:replace_alu$128.lcu.$or$/home/d5/software/oss-cad-suite/lib/../share/yosys/techmap.v:240$851 ($or) with simplemap.
Mapping top.$techmap$auto$alumacc.cc:512:replace_alu$128.lcu.$or$/home/d5/software/oss-cad-suite/lib/../share/yosys/techmap.v:248$854 ($or) with simplemap.
Mapping top.$techmap$auto$alumacc.cc:512:replace_alu$125.fa.$or$/home/d5/software/oss-cad-suite/lib/../share/yosys/techmap.v:206$877 ($or) with simplemap.
Mapping top.$techmap$auto$alumacc.cc:512:replace_alu$125.fa.$xor$/home/d5/software/oss-cad-suite/lib/../share/yosys/techmap.v:206$876 ($xor) with simplemap.
Mapping top.$techmap$auto$alumacc.cc:512:replace_alu$125.fa.$and$/home/d5/software/oss-cad-suite/lib/../share/yosys/techmap.v:205$875 ($and) with simplemap.
Mapping top.$techmap$auto$alumacc.cc:512:replace_alu$125.fa.$and$/home/d5/software/oss-cad-suite/lib/../share/yosys/techmap.v:205$874 ($and) with simplemap.
Mapping top.$techmap$auto$alumacc.cc:512:replace_alu$125.fa.$xor$/home/d5/software/oss-cad-suite/lib/../share/yosys/techmap.v:205$873 ($xor) with simplemap.
Mapping top.$techmap$auto$alumacc.cc:512:replace_alu$125.lcu.$and$/home/d5/software/oss-cad-suite/lib/../share/yosys/techmap.v:231$879 ($and) with simplemap.
Mapping top.$techmap$auto$alumacc.cc:512:replace_alu$125.lcu.$and$/home/d5/software/oss-cad-suite/lib/../share/yosys/techmap.v:240$881 ($and) with simplemap.
Mapping top.$techmap$auto$alumacc.cc:512:replace_alu$125.lcu.$and$/home/d5/software/oss-cad-suite/lib/../share/yosys/techmap.v:240$884 ($and) with simplemap.
Mapping top.$techmap$auto$alumacc.cc:512:replace_alu$125.lcu.$and$/home/d5/software/oss-cad-suite/lib/../share/yosys/techmap.v:240$887 ($and) with simplemap.
Mapping top.$techmap$auto$alumacc.cc:512:replace_alu$125.lcu.$and$/home/d5/software/oss-cad-suite/lib/../share/yosys/techmap.v:240$890 ($and) with simplemap.
Mapping top.$techmap$auto$alumacc.cc:512:replace_alu$125.lcu.$and$/home/d5/software/oss-cad-suite/lib/../share/yosys/techmap.v:240$893 ($and) with simplemap.
Mapping top.$techmap$auto$alumacc.cc:512:replace_alu$125.lcu.$and$/home/d5/software/oss-cad-suite/lib/../share/yosys/techmap.v:240$896 ($and) with simplemap.
Mapping top.$techmap$auto$alumacc.cc:512:replace_alu$125.lcu.$and$/home/d5/software/oss-cad-suite/lib/../share/yosys/techmap.v:240$899 ($and) with simplemap.
Mapping top.$techmap$auto$alumacc.cc:512:replace_alu$125.lcu.$and$/home/d5/software/oss-cad-suite/lib/../share/yosys/techmap.v:241$886 ($and) with simplemap.
Mapping top.$techmap$auto$alumacc.cc:512:replace_alu$125.lcu.$and$/home/d5/software/oss-cad-suite/lib/../share/yosys/techmap.v:241$889 ($and) with simplemap.
Mapping top.$techmap$auto$alumacc.cc:512:replace_alu$125.lcu.$and$/home/d5/software/oss-cad-suite/lib/../share/yosys/techmap.v:241$892 ($and) with simplemap.
Mapping top.$techmap$auto$alumacc.cc:512:replace_alu$125.lcu.$and$/home/d5/software/oss-cad-suite/lib/../share/yosys/techmap.v:241$898 ($and) with simplemap.
Mapping top.$techmap$auto$alumacc.cc:512:replace_alu$125.lcu.$and$/home/d5/software/oss-cad-suite/lib/../share/yosys/techmap.v:248$902 ($and) with simplemap.
Mapping top.$techmap$auto$alumacc.cc:512:replace_alu$125.lcu.$and$/home/d5/software/oss-cad-suite/lib/../share/yosys/techmap.v:248$905 ($and) with simplemap.
Mapping top.$techmap$auto$alumacc.cc:512:replace_alu$125.lcu.$and$/home/d5/software/oss-cad-suite/lib/../share/yosys/techmap.v:248$908 ($and) with simplemap.
Mapping top.$techmap$auto$alumacc.cc:512:replace_alu$125.lcu.$and$/home/d5/software/oss-cad-suite/lib/../share/yosys/techmap.v:248$911 ($and) with simplemap.
Mapping top.$techmap$auto$alumacc.cc:512:replace_alu$125.lcu.$or$/home/d5/software/oss-cad-suite/lib/../share/yosys/techmap.v:231$880 ($or) with simplemap.
Mapping top.$techmap$auto$alumacc.cc:512:replace_alu$125.lcu.$or$/home/d5/software/oss-cad-suite/lib/../share/yosys/techmap.v:240$882 ($or) with simplemap.
Mapping top.$techmap$auto$alumacc.cc:512:replace_alu$125.lcu.$or$/home/d5/software/oss-cad-suite/lib/../share/yosys/techmap.v:240$885 ($or) with simplemap.
Mapping top.$techmap$auto$alumacc.cc:512:replace_alu$125.lcu.$or$/home/d5/software/oss-cad-suite/lib/../share/yosys/techmap.v:240$888 ($or) with simplemap.
Mapping top.$techmap$auto$alumacc.cc:512:replace_alu$125.lcu.$or$/home/d5/software/oss-cad-suite/lib/../share/yosys/techmap.v:240$891 ($or) with simplemap.
Mapping top.$techmap$auto$alumacc.cc:512:replace_alu$125.lcu.$or$/home/d5/software/oss-cad-suite/lib/../share/yosys/techmap.v:240$894 ($or) with simplemap.
Mapping top.$techmap$auto$alumacc.cc:512:replace_alu$125.lcu.$or$/home/d5/software/oss-cad-suite/lib/../share/yosys/techmap.v:240$897 ($or) with simplemap.
Mapping top.$techmap$auto$alumacc.cc:512:replace_alu$125.lcu.$or$/home/d5/software/oss-cad-suite/lib/../share/yosys/techmap.v:240$900 ($or) with simplemap.
Mapping top.$techmap$auto$alumacc.cc:512:replace_alu$125.lcu.$or$/home/d5/software/oss-cad-suite/lib/../share/yosys/techmap.v:248$903 ($or) with simplemap.
Mapping top.$techmap$auto$alumacc.cc:512:replace_alu$125.lcu.$or$/home/d5/software/oss-cad-suite/lib/../share/yosys/techmap.v:248$906 ($or) with simplemap.
Mapping top.$techmap$auto$alumacc.cc:512:replace_alu$125.lcu.$or$/home/d5/software/oss-cad-suite/lib/../share/yosys/techmap.v:248$909 ($or) with simplemap.
Mapping top.$techmap$auto$alumacc.cc:512:replace_alu$125.lcu.$or$/home/d5/software/oss-cad-suite/lib/../share/yosys/techmap.v:248$912 ($or) with simplemap.
No more expansions possible.

13.5. Executing OPT pass (performing simple optimizations).

13.5.1. Executing OPT_EXPR pass (perform const folding).
Optimizing module top.
Inverting E of $_DFFE_PP_ cell `$auto$ff.cc:337:slice$588' in module `top': \inst_out -> $auto$simplemap.cc:277:simplemap_eqne$617
Inverting E of $_DFFE_PP_ cell `$auto$ff.cc:337:slice$587' in module `top': \inst_out -> $auto$simplemap.cc:277:simplemap_eqne$617
Inverting E of $_DFFE_PP_ cell `$auto$ff.cc:337:slice$586' in module `top': \inst_out -> $auto$simplemap.cc:277:simplemap_eqne$617
Inverting E of $_DFFE_PP_ cell `$auto$ff.cc:337:slice$585' in module `top': \inst_out -> $auto$simplemap.cc:277:simplemap_eqne$617
Inverting E of $_DFFE_PP_ cell `$auto$ff.cc:337:slice$584' in module `top': \inst_out -> $auto$simplemap.cc:277:simplemap_eqne$617
Inverting E of $_DFFE_PP_ cell `$auto$ff.cc:337:slice$583' in module `top': \inst_out -> $auto$simplemap.cc:277:simplemap_eqne$617
Inverting E of $_DFFE_PP_ cell `$auto$ff.cc:337:slice$582' in module `top': \inst_out -> $auto$simplemap.cc:277:simplemap_eqne$617
Inverting E of $_DFFE_PP_ cell `$auto$ff.cc:337:slice$589' in module `top': \inst_out -> $auto$simplemap.cc:277:simplemap_eqne$617
Replacing $_MUX_ cell `$auto$simplemap.cc:298:simplemap_mux$919' (??0) in module `\top' with constant driver `$techmap$auto$alumacc.cc:512:replace_alu$125.$ternary$/home/d5/software/oss-cad-suite/lib/../share/yosys/techmap.v:279$576_Y [5] = \rdata2 [5]'.
Replacing $_XOR_ cell `$auto$simplemap.cc:106:simplemap_bitop$593' (xor_buffer) in module `\top' with constant driver `$auto$simplemap.cc:271:simplemap_eqne$590 [1] = $auto$rtlil.cc:3559:NotGate$1030'.
Replacing $_XOR_ cell `$auto$simplemap.cc:106:simplemap_bitop$592' (xor_buffer) in module `\top' with constant driver `$auto$simplemap.cc:271:simplemap_eqne$590 [0] = $auto$rtlil.cc:3559:NotGate$1032'.
Optimizing away select inverter for $_MUX_ cell `$auto$simplemap.cc:298:simplemap_mux$623' in module `top'.
Optimizing away select inverter for $_MUX_ cell `$auto$simplemap.cc:298:simplemap_mux$624' in module `top'.
Replacing $_XOR_ cell `$auto$simplemap.cc:106:simplemap_bitop$974' (xor_buffer) in module `\top' with constant driver `$techmap$auto$alumacc.cc:512:replace_alu$125.fa.$xor$/home/d5/software/oss-cad-suite/lib/../share/yosys/techmap.v:206$876_Y [5] = $techmap$auto$alumacc.cc:512:replace_alu$125.fa.$xor$/home/d5/software/oss-cad-suite/lib/../share/yosys/techmap.v:205$873_Y [5]'.
Replacing $_MUX_ cell `$auto$simplemap.cc:298:simplemap_mux$918' (??0) in module `\top' with constant driver `$techmap$auto$alumacc.cc:512:replace_alu$125.$ternary$/home/d5/software/oss-cad-suite/lib/../share/yosys/techmap.v:279$576_Y [4] = \rdata2 [4]'.
Replacing $_AND_ cell `$auto$simplemap.cc:106:simplemap_bitop$981' (const_and) in module `\top' with constant driver `$techmap$auto$alumacc.cc:512:replace_alu$125.fa.$and$/home/d5/software/oss-cad-suite/lib/../share/yosys/techmap.v:205$875_Y [4] = 1'0'.
Replacing $_OR_ cell `$auto$simplemap.cc:106:simplemap_bitop$965' (and_or_buffer) in module `\top' with constant driver `$techmap$auto$alumacc.cc:512:replace_alu$125.fa.$or$/home/d5/software/oss-cad-suite/lib/../share/yosys/techmap.v:206$877_Y [4] = $techmap$auto$alumacc.cc:512:replace_alu$125.fa.$and$/home/d5/software/oss-cad-suite/lib/../share/yosys/techmap.v:205$874_Y [4]'.
Replacing $_AND_ cell `$auto$simplemap.cc:106:simplemap_bitop$982' (const_and) in module `\top' with constant driver `$techmap$auto$alumacc.cc:512:replace_alu$125.fa.$and$/home/d5/software/oss-cad-suite/lib/../share/yosys/techmap.v:205$875_Y [5] = 1'0'.
Replacing $_OR_ cell `$auto$simplemap.cc:106:simplemap_bitop$966' (and_or_buffer) in module `\top' with constant driver `$techmap$auto$alumacc.cc:512:replace_alu$125.fa.$or$/home/d5/software/oss-cad-suite/lib/../share/yosys/techmap.v:206$877_Y [5] = $techmap$auto$alumacc.cc:512:replace_alu$125.fa.$and$/home/d5/software/oss-cad-suite/lib/../share/yosys/techmap.v:205$874_Y [5]'.
Replacing $_MUX_ cell `$auto$simplemap.cc:298:simplemap_mux$917' (??0) in module `\top' with constant driver `$techmap$auto$alumacc.cc:512:replace_alu$125.$ternary$/home/d5/software/oss-cad-suite/lib/../share/yosys/techmap.v:279$576_Y [3] = \rdata2 [3]'.
Replacing $_XOR_ cell `$auto$simplemap.cc:106:simplemap_bitop$972' (xor_buffer) in module `\top' with constant driver `$techmap$auto$alumacc.cc:512:replace_alu$125.fa.$xor$/home/d5/software/oss-cad-suite/lib/../share/yosys/techmap.v:206$876_Y [3] = $techmap$auto$alumacc.cc:512:replace_alu$125.fa.$xor$/home/d5/software/oss-cad-suite/lib/../share/yosys/techmap.v:205$873_Y [3]'.
Replacing $_MUX_ cell `$auto$simplemap.cc:298:simplemap_mux$916' (??0) in module `\top' with constant driver `$techmap$auto$alumacc.cc:512:replace_alu$125.$ternary$/home/d5/software/oss-cad-suite/lib/../share/yosys/techmap.v:279$576_Y [2] = \rdata2 [2]'.
Replacing $_AND_ cell `$auto$simplemap.cc:106:simplemap_bitop$979' (const_and) in module `\top' with constant driver `$techmap$auto$alumacc.cc:512:replace_alu$125.fa.$and$/home/d5/software/oss-cad-suite/lib/../share/yosys/techmap.v:205$875_Y [2] = 1'0'.
Replacing $_OR_ cell `$auto$simplemap.cc:106:simplemap_bitop$963' (and_or_buffer) in module `\top' with constant driver `$techmap$auto$alumacc.cc:512:replace_alu$125.fa.$or$/home/d5/software/oss-cad-suite/lib/../share/yosys/techmap.v:206$877_Y [2] = $techmap$auto$alumacc.cc:512:replace_alu$125.fa.$and$/home/d5/software/oss-cad-suite/lib/../share/yosys/techmap.v:205$874_Y [2]'.
Replacing $_AND_ cell `$auto$simplemap.cc:106:simplemap_bitop$980' (const_and) in module `\top' with constant driver `$techmap$auto$alumacc.cc:512:replace_alu$125.fa.$and$/home/d5/software/oss-cad-suite/lib/../share/yosys/techmap.v:205$875_Y [3] = 1'0'.
Replacing $_OR_ cell `$auto$simplemap.cc:106:simplemap_bitop$964' (and_or_buffer) in module `\top' with constant driver `$techmap$auto$alumacc.cc:512:replace_alu$125.fa.$or$/home/d5/software/oss-cad-suite/lib/../share/yosys/techmap.v:206$877_Y [3] = $techmap$auto$alumacc.cc:512:replace_alu$125.fa.$and$/home/d5/software/oss-cad-suite/lib/../share/yosys/techmap.v:205$874_Y [3]'.
Replacing $_MUX_ cell `$auto$simplemap.cc:298:simplemap_mux$914' (??0) in module `\top' with constant driver `$techmap$auto$alumacc.cc:512:replace_alu$125.$ternary$/home/d5/software/oss-cad-suite/lib/../share/yosys/techmap.v:279$576_Y [0] = \rdata2 [0]'.
Replacing $_XOR_ cell `$auto$simplemap.cc:106:simplemap_bitop$969' (xor_buffer) in module `\top' with constant driver `$techmap$auto$alumacc.cc:512:replace_alu$125.fa.$xor$/home/d5/software/oss-cad-suite/lib/../share/yosys/techmap.v:206$876_Y [0] = $techmap$auto$alumacc.cc:512:replace_alu$125.fa.$xor$/home/d5/software/oss-cad-suite/lib/../share/yosys/techmap.v:205$873_Y [0]'.
Replacing $_AND_ cell `$auto$simplemap.cc:106:simplemap_bitop$1001' (const_and) in module `\top' with constant driver `$techmap$auto$alumacc.cc:512:replace_alu$125.lcu.$and$/home/d5/software/oss-cad-suite/lib/../share/yosys/techmap.v:231$879_Y = 1'0'.
Replacing $_AND_ cell `$auto$simplemap.cc:106:simplemap_bitop$977' (const_and) in module `\top' with constant driver `$techmap$auto$alumacc.cc:512:replace_alu$125.fa.$and$/home/d5/software/oss-cad-suite/lib/../share/yosys/techmap.v:205$875_Y [0] = 1'0'.
Replacing $_OR_ cell `$auto$simplemap.cc:106:simplemap_bitop$961' (and_or_buffer) in module `\top' with constant driver `$techmap$auto$alumacc.cc:512:replace_alu$125.fa.$or$/home/d5/software/oss-cad-suite/lib/../share/yosys/techmap.v:206$877_Y [0] = $techmap$auto$alumacc.cc:512:replace_alu$125.fa.$and$/home/d5/software/oss-cad-suite/lib/../share/yosys/techmap.v:205$874_Y [0]'.
Replacing $_OR_ cell `$auto$simplemap.cc:106:simplemap_bitop$1017' (and_or_buffer) in module `\top' with constant driver `$auto$alumacc.cc:529:replace_alu$127 [0] = $techmap$auto$alumacc.cc:512:replace_alu$125.fa.$and$/home/d5/software/oss-cad-suite/lib/../share/yosys/techmap.v:205$874_Y [0]'.
Replacing $_MUX_ cell `$auto$simplemap.cc:298:simplemap_mux$915' (??0) in module `\top' with constant driver `$techmap$auto$alumacc.cc:512:replace_alu$125.$ternary$/home/d5/software/oss-cad-suite/lib/../share/yosys/techmap.v:279$576_Y [1] = \rdata2 [1]'.
Replacing $_XOR_ cell `$auto$simplemap.cc:106:simplemap_bitop$970' (xor_buffer) in module `\top' with constant driver `$techmap$auto$alumacc.cc:512:replace_alu$125.fa.$xor$/home/d5/software/oss-cad-suite/lib/../share/yosys/techmap.v:206$876_Y [1] = $techmap$auto$alumacc.cc:512:replace_alu$125.fa.$xor$/home/d5/software/oss-cad-suite/lib/../share/yosys/techmap.v:205$873_Y [1]'.
Replacing $_AND_ cell `$auto$simplemap.cc:106:simplemap_bitop$978' (const_and) in module `\top' with constant driver `$techmap$auto$alumacc.cc:512:replace_alu$125.fa.$and$/home/d5/software/oss-cad-suite/lib/../share/yosys/techmap.v:205$875_Y [1] = 1'0'.
Replacing $_OR_ cell `$auto$simplemap.cc:106:simplemap_bitop$962' (and_or_buffer) in module `\top' with constant driver `$techmap$auto$alumacc.cc:512:replace_alu$125.fa.$or$/home/d5/software/oss-cad-suite/lib/../share/yosys/techmap.v:206$877_Y [1] = $techmap$auto$alumacc.cc:512:replace_alu$125.fa.$and$/home/d5/software/oss-cad-suite/lib/../share/yosys/techmap.v:205$874_Y [1]'.
Replacing $_XOR_ cell `$auto$simplemap.cc:106:simplemap_bitop$971' (xor_buffer) in module `\top' with constant driver `$techmap$auto$alumacc.cc:512:replace_alu$125.fa.$xor$/home/d5/software/oss-cad-suite/lib/../share/yosys/techmap.v:206$876_Y [2] = $techmap$auto$alumacc.cc:512:replace_alu$125.fa.$xor$/home/d5/software/oss-cad-suite/lib/../share/yosys/techmap.v:205$873_Y [2]'.
Replacing $_XOR_ cell `$auto$simplemap.cc:106:simplemap_bitop$973' (xor_buffer) in module `\top' with constant driver `$techmap$auto$alumacc.cc:512:replace_alu$125.fa.$xor$/home/d5/software/oss-cad-suite/lib/../share/yosys/techmap.v:206$876_Y [4] = $techmap$auto$alumacc.cc:512:replace_alu$125.fa.$xor$/home/d5/software/oss-cad-suite/lib/../share/yosys/techmap.v:205$873_Y [4]'.
Replacing $_MUX_ cell `$auto$simplemap.cc:298:simplemap_mux$920' (??0) in module `\top' with constant driver `$techmap$auto$alumacc.cc:512:replace_alu$125.$ternary$/home/d5/software/oss-cad-suite/lib/../share/yosys/techmap.v:279$576_Y [6] = \rdata2 [6]'.
Replacing $_XOR_ cell `$auto$simplemap.cc:106:simplemap_bitop$975' (xor_buffer) in module `\top' with constant driver `$techmap$auto$alumacc.cc:512:replace_alu$125.fa.$xor$/home/d5/software/oss-cad-suite/lib/../share/yosys/techmap.v:206$876_Y [6] = $techmap$auto$alumacc.cc:512:replace_alu$125.fa.$xor$/home/d5/software/oss-cad-suite/lib/../share/yosys/techmap.v:205$873_Y [6]'.
Replacing $_AND_ cell `$auto$simplemap.cc:106:simplemap_bitop$983' (const_and) in module `\top' with constant driver `$techmap$auto$alumacc.cc:512:replace_alu$125.fa.$and$/home/d5/software/oss-cad-suite/lib/../share/yosys/techmap.v:205$875_Y [6] = 1'0'.
Replacing $_OR_ cell `$auto$simplemap.cc:106:simplemap_bitop$967' (and_or_buffer) in module `\top' with constant driver `$techmap$auto$alumacc.cc:512:replace_alu$125.fa.$or$/home/d5/software/oss-cad-suite/lib/../share/yosys/techmap.v:206$877_Y [6] = $techmap$auto$alumacc.cc:512:replace_alu$125.fa.$and$/home/d5/software/oss-cad-suite/lib/../share/yosys/techmap.v:205$874_Y [6]'.
Replacing $_MUX_ cell `$auto$simplemap.cc:298:simplemap_mux$921' (??0) in module `\top' with constant driver `$techmap$auto$alumacc.cc:512:replace_alu$125.$ternary$/home/d5/software/oss-cad-suite/lib/../share/yosys/techmap.v:279$576_Y [7] = \rdata2 [7]'.
Replacing $_XOR_ cell `$auto$simplemap.cc:106:simplemap_bitop$976' (xor_buffer) in module `\top' with constant driver `$techmap$auto$alumacc.cc:512:replace_alu$125.fa.$xor$/home/d5/software/oss-cad-suite/lib/../share/yosys/techmap.v:206$876_Y [7] = $techmap$auto$alumacc.cc:512:replace_alu$125.fa.$xor$/home/d5/software/oss-cad-suite/lib/../share/yosys/techmap.v:205$873_Y [7]'.
Replacing $_AND_ cell `$auto$simplemap.cc:106:simplemap_bitop$984' (const_and) in module `\top' with constant driver `$techmap$auto$alumacc.cc:512:replace_alu$125.fa.$and$/home/d5/software/oss-cad-suite/lib/../share/yosys/techmap.v:205$875_Y [7] = 1'0'.
Replacing $_OR_ cell `$auto$simplemap.cc:106:simplemap_bitop$968' (and_or_buffer) in module `\top' with constant driver `$techmap$auto$alumacc.cc:512:replace_alu$125.fa.$or$/home/d5/software/oss-cad-suite/lib/../share/yosys/techmap.v:206$877_Y [7] = $techmap$auto$alumacc.cc:512:replace_alu$125.fa.$and$/home/d5/software/oss-cad-suite/lib/../share/yosys/techmap.v:205$874_Y [7]'.
Replacing $_MUX_ cell `$auto$simplemap.cc:298:simplemap_mux$856' (??0) in module `\top' with constant driver `$techmap$auto$alumacc.cc:512:replace_alu$128.$ternary$/home/d5/software/oss-cad-suite/lib/../share/yosys/techmap.v:279$573_Y [0] = \pc0.pc_reg [0]'.
Replacing $_XOR_ cell `$auto$simplemap.cc:106:simplemap_bitop$946' (xor_buffer) in module `\top' with constant driver `$techmap$auto$alumacc.cc:512:replace_alu$128.fa.$xor$/home/d5/software/oss-cad-suite/lib/../share/yosys/techmap.v:205$836_Y [0] = $auto$rtlil.cc:3559:NotGate$1034'.
Replacing $_XOR_ cell `$auto$simplemap.cc:106:simplemap_bitop$934' (xor_buffer) in module `\top' with constant driver `$techmap$auto$alumacc.cc:512:replace_alu$128.fa.$xor$/home/d5/software/oss-cad-suite/lib/../share/yosys/techmap.v:206$839_Y [0] = $auto$rtlil.cc:3559:NotGate$1034'.
Replacing $_AND_ cell `$auto$simplemap.cc:106:simplemap_bitop$950' (const_and) in module `\top' with constant driver `$techmap$auto$alumacc.cc:512:replace_alu$128.lcu.$and$/home/d5/software/oss-cad-suite/lib/../share/yosys/techmap.v:231$842_Y = 1'0'.
Replacing $_AND_ cell `$auto$simplemap.cc:106:simplemap_bitop$942' (and_or_buffer) in module `\top' with constant driver `$techmap$auto$alumacc.cc:512:replace_alu$128.fa.$and$/home/d5/software/oss-cad-suite/lib/../share/yosys/techmap.v:205$837_Y [0] = \pc0.pc_reg [0]'.
Replacing $_AND_ cell `$auto$simplemap.cc:106:simplemap_bitop$938' (const_and) in module `\top' with constant driver `$techmap$auto$alumacc.cc:512:replace_alu$128.fa.$and$/home/d5/software/oss-cad-suite/lib/../share/yosys/techmap.v:205$838_Y [0] = 1'0'.
Replacing $_OR_ cell `$auto$simplemap.cc:106:simplemap_bitop$930' (and_or_buffer) in module `\top' with constant driver `$techmap$auto$alumacc.cc:512:replace_alu$128.fa.$or$/home/d5/software/oss-cad-suite/lib/../share/yosys/techmap.v:206$840_Y [0] = \pc0.pc_reg [0]'.
Replacing $_OR_ cell `$auto$simplemap.cc:106:simplemap_bitop$956' (and_or_buffer) in module `\top' with constant driver `$auto$alumacc.cc:529:replace_alu$130 [0] = \pc0.pc_reg [0]'.
Replacing $_MUX_ cell `$auto$simplemap.cc:298:simplemap_mux$857' (??0) in module `\top' with constant driver `$techmap$auto$alumacc.cc:512:replace_alu$128.$ternary$/home/d5/software/oss-cad-suite/lib/../share/yosys/techmap.v:279$573_Y [1] = \pc0.pc_reg [1]'.
Replacing $_XOR_ cell `$auto$simplemap.cc:106:simplemap_bitop$947' (xor_buffer) in module `\top' with constant driver `$techmap$auto$alumacc.cc:512:replace_alu$128.fa.$xor$/home/d5/software/oss-cad-suite/lib/../share/yosys/techmap.v:205$836_Y [1] = \pc0.pc_reg [1]'.
Replacing $_XOR_ cell `$auto$simplemap.cc:106:simplemap_bitop$935' (xor_buffer) in module `\top' with constant driver `$techmap$auto$alumacc.cc:512:replace_alu$128.fa.$xor$/home/d5/software/oss-cad-suite/lib/../share/yosys/techmap.v:206$839_Y [1] = \pc0.pc_reg [1]'.
Replacing $_AND_ cell `$auto$simplemap.cc:106:simplemap_bitop$943' (const_and) in module `\top' with constant driver `$techmap$auto$alumacc.cc:512:replace_alu$128.fa.$and$/home/d5/software/oss-cad-suite/lib/../share/yosys/techmap.v:205$837_Y [1] = 1'0'.
Replacing $_AND_ cell `$auto$simplemap.cc:106:simplemap_bitop$939' (const_and) in module `\top' with constant driver `$techmap$auto$alumacc.cc:512:replace_alu$128.fa.$and$/home/d5/software/oss-cad-suite/lib/../share/yosys/techmap.v:205$838_Y [1] = 1'0'.
Replacing $_OR_ cell `$auto$simplemap.cc:106:simplemap_bitop$931' (00) in module `\top' with constant driver `$techmap$auto$alumacc.cc:512:replace_alu$128.fa.$or$/home/d5/software/oss-cad-suite/lib/../share/yosys/techmap.v:206$840_Y [1] = 1'0'.
Replacing $_OR_ cell `$auto$simplemap.cc:106:simplemap_bitop$957' (and_or_buffer) in module `\top' with constant driver `$auto$alumacc.cc:529:replace_alu$130 [1] = $techmap$auto$alumacc.cc:512:replace_alu$128.lcu.$and$/home/d5/software/oss-cad-suite/lib/../share/yosys/techmap.v:240$844_Y'.
Replacing $_MUX_ cell `$auto$simplemap.cc:298:simplemap_mux$858' (??0) in module `\top' with constant driver `$techmap$auto$alumacc.cc:512:replace_alu$128.$ternary$/home/d5/software/oss-cad-suite/lib/../share/yosys/techmap.v:279$573_Y [2] = \pc0.pc_reg [2]'.
Replacing $_XOR_ cell `$auto$simplemap.cc:106:simplemap_bitop$948' (xor_buffer) in module `\top' with constant driver `$techmap$auto$alumacc.cc:512:replace_alu$128.fa.$xor$/home/d5/software/oss-cad-suite/lib/../share/yosys/techmap.v:205$836_Y [2] = \pc0.pc_reg [2]'.
Replacing $_XOR_ cell `$auto$simplemap.cc:106:simplemap_bitop$936' (xor_buffer) in module `\top' with constant driver `$techmap$auto$alumacc.cc:512:replace_alu$128.fa.$xor$/home/d5/software/oss-cad-suite/lib/../share/yosys/techmap.v:206$839_Y [2] = \pc0.pc_reg [2]'.
Replacing $_AND_ cell `$auto$simplemap.cc:106:simplemap_bitop$944' (const_and) in module `\top' with constant driver `$techmap$auto$alumacc.cc:512:replace_alu$128.fa.$and$/home/d5/software/oss-cad-suite/lib/../share/yosys/techmap.v:205$837_Y [2] = 1'0'.
Replacing $_AND_ cell `$auto$simplemap.cc:106:simplemap_bitop$940' (const_and) in module `\top' with constant driver `$techmap$auto$alumacc.cc:512:replace_alu$128.fa.$and$/home/d5/software/oss-cad-suite/lib/../share/yosys/techmap.v:205$838_Y [2] = 1'0'.
Replacing $_OR_ cell `$auto$simplemap.cc:106:simplemap_bitop$932' (00) in module `\top' with constant driver `$techmap$auto$alumacc.cc:512:replace_alu$128.fa.$or$/home/d5/software/oss-cad-suite/lib/../share/yosys/techmap.v:206$840_Y [2] = 1'0'.
Replacing $_OR_ cell `$auto$simplemap.cc:106:simplemap_bitop$960' (and_or_buffer) in module `\top' with constant driver `$auto$alumacc.cc:529:replace_alu$130 [2] = $techmap$auto$alumacc.cc:512:replace_alu$128.lcu.$and$/home/d5/software/oss-cad-suite/lib/../share/yosys/techmap.v:248$853_Y'.
Replacing $_MUX_ cell `$auto$simplemap.cc:298:simplemap_mux$859' (??0) in module `\top' with constant driver `$techmap$auto$alumacc.cc:512:replace_alu$128.$ternary$/home/d5/software/oss-cad-suite/lib/../share/yosys/techmap.v:279$573_Y [3] = \pc0.pc_reg [3]'.
Replacing $_XOR_ cell `$auto$simplemap.cc:106:simplemap_bitop$949' (xor_buffer) in module `\top' with constant driver `$techmap$auto$alumacc.cc:512:replace_alu$128.fa.$xor$/home/d5/software/oss-cad-suite/lib/../share/yosys/techmap.v:205$836_Y [3] = \pc0.pc_reg [3]'.
Replacing $_XOR_ cell `$auto$simplemap.cc:106:simplemap_bitop$937' (xor_buffer) in module `\top' with constant driver `$techmap$auto$alumacc.cc:512:replace_alu$128.fa.$xor$/home/d5/software/oss-cad-suite/lib/../share/yosys/techmap.v:206$839_Y [3] = \pc0.pc_reg [3]'.
Replacing $_AND_ cell `$auto$simplemap.cc:106:simplemap_bitop$952' (const_and) in module `\top' with constant driver `$techmap$auto$alumacc.cc:512:replace_alu$128.lcu.$and$/home/d5/software/oss-cad-suite/lib/../share/yosys/techmap.v:240$847_Y = 1'0'.
Replacing $_AND_ cell `$auto$simplemap.cc:106:simplemap_bitop$945' (const_and) in module `\top' with constant driver `$techmap$auto$alumacc.cc:512:replace_alu$128.fa.$and$/home/d5/software/oss-cad-suite/lib/../share/yosys/techmap.v:205$837_Y [3] = 1'0'.
Replacing $_AND_ cell `$auto$simplemap.cc:106:simplemap_bitop$941' (const_and) in module `\top' with constant driver `$techmap$auto$alumacc.cc:512:replace_alu$128.fa.$and$/home/d5/software/oss-cad-suite/lib/../share/yosys/techmap.v:205$838_Y [3] = 1'0'.
Replacing $_OR_ cell `$auto$simplemap.cc:106:simplemap_bitop$933' (00) in module `\top' with constant driver `$techmap$auto$alumacc.cc:512:replace_alu$128.fa.$or$/home/d5/software/oss-cad-suite/lib/../share/yosys/techmap.v:206$840_Y [3] = 1'0'.
Replacing $_OR_ cell `$auto$simplemap.cc:106:simplemap_bitop$958' (00) in module `\top' with constant driver `$techmap$auto$alumacc.cc:512:replace_alu$128.lcu.$or$/home/d5/software/oss-cad-suite/lib/../share/yosys/techmap.v:240$848_Y = 1'0'.
Replacing $_OR_ cell `$auto$simplemap.cc:106:simplemap_bitop$959' (and_or_buffer) in module `\top' with constant driver `$auto$alumacc.cc:529:replace_alu$130 [3] = $techmap$auto$alumacc.cc:512:replace_alu$128.lcu.$and$/home/d5/software/oss-cad-suite/lib/../share/yosys/techmap.v:240$850_Y'.
Replacing $_XOR_ cell `$auto$simplemap.cc:106:simplemap_bitop$872' (xor_buffer) in module `\top' with constant driver `$techmap$auto$alumacc.cc:512:replace_alu$125.$xor$/home/d5/software/oss-cad-suite/lib/../share/yosys/techmap.v:296$577_Y [8] = $auto$alumacc.cc:529:replace_alu$127 [7]'.
Replacing $_XOR_ cell `$auto$simplemap.cc:106:simplemap_bitop$864' (xor_buffer) in module `\top' with constant driver `$techmap$auto$alumacc.cc:512:replace_alu$125.$xor$/home/d5/software/oss-cad-suite/lib/../share/yosys/techmap.v:296$577_Y [0] = $techmap$auto$alumacc.cc:512:replace_alu$125.fa.$xor$/home/d5/software/oss-cad-suite/lib/../share/yosys/techmap.v:205$873_Y [0]'.
Replacing $_XOR_ cell `$auto$simplemap.cc:106:simplemap_bitop$835' (xor_buffer) in module `\top' with constant driver `$techmap$auto$alumacc.cc:512:replace_alu$128.$xor$/home/d5/software/oss-cad-suite/lib/../share/yosys/techmap.v:296$574_Y [4] = $techmap$auto$alumacc.cc:512:replace_alu$128.lcu.$and$/home/d5/software/oss-cad-suite/lib/../share/yosys/techmap.v:240$850_Y'.
Replacing $_XOR_ cell `$auto$simplemap.cc:106:simplemap_bitop$831' (xor_buffer) in module `\top' with constant driver `$techmap$auto$alumacc.cc:512:replace_alu$128.$xor$/home/d5/software/oss-cad-suite/lib/../share/yosys/techmap.v:296$574_Y [0] = $auto$rtlil.cc:3559:NotGate$1034'.
Replacing $_MUX_ cell `$auto$simplemap.cc:298:simplemap_mux$830' (01?) in module `\top' with constant driver `$memory\rom0.rom$rdmux[0][1][0]$b$345 [3] = $auto$rtlil.cc:3457:Mux$154 [0]'.
Replacing $_MUX_ cell `$auto$simplemap.cc:298:simplemap_mux$827' (01?) in module `\top' with constant driver `$memory\rom0.rom$rdmux[0][1][0]$b$345 [6] = $auto$rtlil.cc:3457:Mux$154 [1]'.
Replacing $_MUX_ cell `$auto$simplemap.cc:298:simplemap_mux$823' (01?) in module `\top' with constant driver `$memory\rom0.rom$rdmux[0][1][0]$a$344 [5] = $auto$rtlil.cc:3457:Mux$154 [1]'.
Replacing $_MUX_ cell `$auto$simplemap.cc:298:simplemap_mux$822' (???) in module `\top' with constant driver `$memory\rom0.rom$rdmux[0][1][0]$a$344 [4] = $auto$rtlil.cc:3457:Mux$154 [0]'.
Replacing $_XOR_ cell `$auto$simplemap.cc:106:simplemap_bitop$606' (xor_buffer) in module `\top' with constant driver `$auto$simplemap.cc:271:simplemap_eqne$603 [1] = $auto$rtlil.cc:3559:NotGate$1036'.
Replacing $_XOR_ cell `$auto$simplemap.cc:106:simplemap_bitop$605' (xor_buffer) in module `\top' with constant driver `$auto$simplemap.cc:271:simplemap_eqne$603 [0] = \inst [6]'.
Replacing $_XOR_ cell `$auto$simplemap.cc:106:simplemap_bitop$616' (xor_buffer) in module `\top' with constant driver `$auto$simplemap.cc:271:simplemap_eqne$613 [1] = \inst [7]'.
Replacing $_XOR_ cell `$auto$simplemap.cc:106:simplemap_bitop$615' (xor_buffer) in module `\top' with constant driver `$auto$simplemap.cc:271:simplemap_eqne$613 [0] = $auto$rtlil.cc:3559:NotGate$1038'.
Optimizing away select inverter for $_MUX_ cell `$auto$simplemap.cc:298:simplemap_mux$564' in module `top'.
Replacing $_MUX_ cell `$auto$simplemap.cc:298:simplemap_mux$759' (01?) in module `\top' with constant driver `$memory$flatten\bcd7seg1.$auto$proc_rom.cc:155:do_switch$55$rdmux[0][2][1]$a$223 [5] = $auto$rtlil.cc:3457:Mux$145 [0]'.
Replacing $_MUX_ cell `$auto$simplemap.cc:298:simplemap_mux$756' (01?) in module `\top' with constant driver `$memory$flatten\bcd7seg1.$auto$proc_rom.cc:155:do_switch$55$rdmux[0][2][0]$b$221 [2] = $auto$rtlil.cc:3457:Mux$145 [0]'.
Optimizing away select inverter for $_MUX_ cell `$auto$simplemap.cc:298:simplemap_mux$565' in module `top'.
Replacing $_MUX_ cell `$auto$simplemap.cc:298:simplemap_mux$741' (???) in module `\top' with constant driver `$memory$flatten\bcd7seg1.$auto$proc_rom.cc:155:do_switch$55$rdmux[0][1][0]$a$214 [2] = $auto$rtlil.cc:3457:Mux$145 [0]'.
Optimizing away select inverter for $_MUX_ cell `$auto$simplemap.cc:298:simplemap_mux$566' in module `top'.
Optimizing away select inverter for $_MUX_ cell `$auto$simplemap.cc:298:simplemap_mux$567' in module `top'.
Optimizing away select inverter for $_MUX_ cell `$auto$simplemap.cc:298:simplemap_mux$568' in module `top'.
Replacing $_MUX_ cell `$auto$simplemap.cc:298:simplemap_mux$710' (01?) in module `\top' with constant driver `$memory$flatten\bcd7seg0.$auto$proc_rom.cc:155:do_switch$55$rdmux[0][2][1]$a$178 [5] = $auto$rtlil.cc:3457:Mux$142 [0]'.
Replacing $_MUX_ cell `$auto$simplemap.cc:298:simplemap_mux$707' (01?) in module `\top' with constant driver `$memory$flatten\bcd7seg0.$auto$proc_rom.cc:155:do_switch$55$rdmux[0][2][0]$b$176 [2] = $auto$rtlil.cc:3457:Mux$142 [0]'.
Optimizing away select inverter for $_MUX_ cell `$auto$simplemap.cc:298:simplemap_mux$569' in module `top'.
Replacing $_MUX_ cell `$auto$simplemap.cc:298:simplemap_mux$692' (???) in module `\top' with constant driver `$memory$flatten\bcd7seg0.$auto$proc_rom.cc:155:do_switch$55$rdmux[0][1][0]$a$169 [2] = $auto$rtlil.cc:3457:Mux$142 [0]'.
Optimizing away select inverter for $_MUX_ cell `$auto$simplemap.cc:298:simplemap_mux$570' in module `top'.
Optimizing away select inverter for $_MUX_ cell `$auto$simplemap.cc:298:simplemap_mux$571' in module `top'.
Optimizing away select inverter for $_MUX_ cell `$auto$simplemap.cc:298:simplemap_mux$633' in module `top'.
Optimizing away select inverter for $_MUX_ cell `$auto$simplemap.cc:298:simplemap_mux$632' in module `top'.
Optimizing away select inverter for $_MUX_ cell `$auto$simplemap.cc:298:simplemap_mux$631' in module `top'.
Optimizing away select inverter for $_MUX_ cell `$auto$simplemap.cc:298:simplemap_mux$630' in module `top'.
Optimizing away select inverter for $_MUX_ cell `$auto$simplemap.cc:298:simplemap_mux$629' in module `top'.
Optimizing away select inverter for $_MUX_ cell `$auto$simplemap.cc:298:simplemap_mux$628' in module `top'.
Optimizing away select inverter for $_MUX_ cell `$auto$simplemap.cc:298:simplemap_mux$627' in module `top'.
Optimizing away select inverter for $_MUX_ cell `$auto$simplemap.cc:298:simplemap_mux$626' in module `top'.
Replacing $_XOR_ cell `$auto$simplemap.cc:106:simplemap_bitop$520' (xor_buffer) in module `\top' with constant driver `$auto$simplemap.cc:271:simplemap_eqne$517 [1] = $memory\grp0.gprs$wren[2][1][0]$y$327'.
Replacing $_XOR_ cell `$auto$simplemap.cc:106:simplemap_bitop$519' (xor_buffer) in module `\top' with constant driver `$auto$simplemap.cc:271:simplemap_eqne$517 [0] = $auto$rtlil.cc:3559:NotGate$1040'.
Replacing $_XOR_ cell `$auto$simplemap.cc:106:simplemap_bitop$513' (xor_buffer) in module `\top' with constant driver `$auto$simplemap.cc:271:simplemap_eqne$510 [1] = $memory\grp0.gprs$wren[1][1][0]$y$315'.
Replacing $_XOR_ cell `$auto$simplemap.cc:106:simplemap_bitop$512' (xor_buffer) in module `\top' with constant driver `$auto$simplemap.cc:271:simplemap_eqne$510 [0] = $auto$rtlil.cc:3559:NotGate$1042'.
Replacing $_XOR_ cell `$auto$simplemap.cc:106:simplemap_bitop$506' (xor_buffer) in module `\top' with constant driver `$auto$simplemap.cc:271:simplemap_eqne$503 [1] = $memory\grp0.gprs$wren[0][1][0]$y$303'.
Replacing $_XOR_ cell `$auto$simplemap.cc:106:simplemap_bitop$505' (xor_buffer) in module `\top' with constant driver `$auto$simplemap.cc:271:simplemap_eqne$503 [0] = $auto$rtlil.cc:3559:NotGate$1044'.

13.5.2. Executing OPT_MERGE pass (detect identical cells).
Finding identical cells in module `\top'.
  Cell `$auto$opt_expr.cc:609:replace_const_cells$1033' is identical to cell `$auto$simplemap.cc:46:simplemap_not$860'.
    Redirecting output \Y: $auto$rtlil.cc:3559:NotGate$1034 = $techmap$auto$alumacc.cc:512:replace_alu$128.$not$/home/d5/software/oss-cad-suite/lib/../share/yosys/techmap.v:279$572_Y [0]
    Removing $_NOT_ cell `$auto$opt_expr.cc:609:replace_const_cells$1033' from module `\top'.
  Cell `$auto$simplemap.cc:298:simplemap_mux$821' is identical to cell `$auto$simplemap.cc:298:simplemap_mux$825'.
    Redirecting output \Y: $memory\rom0.rom$rdmux[0][1][0]$a$344 [3] = $memory\rom0.rom$rdmux[0][1][0]$b$345 [2]
    Removing $_MUX_ cell `$auto$simplemap.cc:298:simplemap_mux$821' from module `\top'.
  Cell `$auto$simplemap.cc:298:simplemap_mux$749' is identical to cell `$auto$simplemap.cc:298:simplemap_mux$753'.
    Redirecting output \Y: $memory$flatten\bcd7seg1.$auto$proc_rom.cc:155:do_switch$55$rdmux[0][1][1]$a$217 [2] = $memory$flatten\bcd7seg1.$auto$proc_rom.cc:155:do_switch$55$rdmux[0][1][1]$b$218 [6]
    Removing $_MUX_ cell `$auto$simplemap.cc:298:simplemap_mux$749' from module `\top'.
  Cell `$auto$simplemap.cc:298:simplemap_mux$744' is identical to cell `$auto$simplemap.cc:298:simplemap_mux$754'.
    Redirecting output \Y: $memory$flatten\bcd7seg1.$auto$proc_rom.cc:155:do_switch$55$rdmux[0][1][0]$b$215 [1] = $memory$flatten\bcd7seg1.$auto$proc_rom.cc:155:do_switch$55$rdmux[0][1][1]$b$218 [3]
    Removing $_MUX_ cell `$auto$simplemap.cc:298:simplemap_mux$744' from module `\top'.
  Cell `$auto$simplemap.cc:298:simplemap_mux$742' is identical to cell `$auto$simplemap.cc:298:simplemap_mux$753'.
    Redirecting output \Y: $memory$flatten\bcd7seg1.$auto$proc_rom.cc:155:do_switch$55$rdmux[0][1][0]$a$214 [6] = $memory$flatten\bcd7seg1.$auto$proc_rom.cc:155:do_switch$55$rdmux[0][1][1]$b$218 [6]
    Removing $_MUX_ cell `$auto$simplemap.cc:298:simplemap_mux$742' from module `\top'.
  Cell `$auto$simplemap.cc:298:simplemap_mux$700' is identical to cell `$auto$simplemap.cc:298:simplemap_mux$704'.
    Redirecting output \Y: $memory$flatten\bcd7seg0.$auto$proc_rom.cc:155:do_switch$55$rdmux[0][1][1]$a$172 [2] = $memory$flatten\bcd7seg0.$auto$proc_rom.cc:155:do_switch$55$rdmux[0][1][1]$b$173 [6]
    Removing $_MUX_ cell `$auto$simplemap.cc:298:simplemap_mux$700' from module `\top'.
  Cell `$auto$simplemap.cc:298:simplemap_mux$695' is identical to cell `$auto$simplemap.cc:298:simplemap_mux$705'.
    Redirecting output \Y: $memory$flatten\bcd7seg0.$auto$proc_rom.cc:155:do_switch$55$rdmux[0][1][0]$b$170 [1] = $memory$flatten\bcd7seg0.$auto$proc_rom.cc:155:do_switch$55$rdmux[0][1][1]$b$173 [3]
    Removing $_MUX_ cell `$auto$simplemap.cc:298:simplemap_mux$695' from module `\top'.
  Cell `$auto$simplemap.cc:298:simplemap_mux$693' is identical to cell `$auto$simplemap.cc:298:simplemap_mux$704'.
    Redirecting output \Y: $memory$flatten\bcd7seg0.$auto$proc_rom.cc:155:do_switch$55$rdmux[0][1][0]$a$169 [6] = $memory$flatten\bcd7seg0.$auto$proc_rom.cc:155:do_switch$55$rdmux[0][1][1]$b$173 [6]
    Removing $_MUX_ cell `$auto$simplemap.cc:298:simplemap_mux$693' from module `\top'.
  Cell `$auto$simplemap.cc:106:simplemap_bitop$642' is identical to cell `$auto$simplemap.cc:106:simplemap_bitop$999'.
    Redirecting output \Y: $auto$simplemap.cc:271:simplemap_eqne$634 [6] = $techmap$auto$alumacc.cc:512:replace_alu$125.fa.$xor$/home/d5/software/oss-cad-suite/lib/../share/yosys/techmap.v:205$873_Y [6]
    Removing $_XOR_ cell `$auto$simplemap.cc:106:simplemap_bitop$642' from module `\top'.
  Cell `$auto$simplemap.cc:106:simplemap_bitop$640' is identical to cell `$auto$simplemap.cc:106:simplemap_bitop$997'.
    Redirecting output \Y: $auto$simplemap.cc:271:simplemap_eqne$634 [4] = $techmap$auto$alumacc.cc:512:replace_alu$125.fa.$xor$/home/d5/software/oss-cad-suite/lib/../share/yosys/techmap.v:205$873_Y [4]
    Removing $_XOR_ cell `$auto$simplemap.cc:106:simplemap_bitop$640' from module `\top'.
  Cell `$auto$simplemap.cc:106:simplemap_bitop$639' is identical to cell `$auto$simplemap.cc:106:simplemap_bitop$996'.
    Redirecting output \Y: $auto$simplemap.cc:271:simplemap_eqne$634 [3] = $techmap$auto$alumacc.cc:512:replace_alu$125.fa.$xor$/home/d5/software/oss-cad-suite/lib/../share/yosys/techmap.v:205$873_Y [3]
    Removing $_XOR_ cell `$auto$simplemap.cc:106:simplemap_bitop$639' from module `\top'.
  Cell `$auto$simplemap.cc:106:simplemap_bitop$637' is identical to cell `$auto$simplemap.cc:106:simplemap_bitop$994'.
    Redirecting output \Y: $auto$simplemap.cc:271:simplemap_eqne$634 [1] = $techmap$auto$alumacc.cc:512:replace_alu$125.fa.$xor$/home/d5/software/oss-cad-suite/lib/../share/yosys/techmap.v:205$873_Y [1]
    Removing $_XOR_ cell `$auto$simplemap.cc:106:simplemap_bitop$637' from module `\top'.
  Cell `$auto$simplemap.cc:106:simplemap_bitop$998' is identical to cell `$auto$simplemap.cc:106:simplemap_bitop$641'.
    Redirecting output \Y: $techmap$auto$alumacc.cc:512:replace_alu$125.fa.$xor$/home/d5/software/oss-cad-suite/lib/../share/yosys/techmap.v:205$873_Y [5] = $auto$simplemap.cc:271:simplemap_eqne$634 [5]
    Removing $_XOR_ cell `$auto$simplemap.cc:106:simplemap_bitop$998' from module `\top'.
  Cell `$auto$opt_expr.cc:609:replace_const_cells$1031' is identical to cell `$auto$opt_expr.cc:609:replace_const_cells$1037'.
    Redirecting output \Y: $auto$rtlil.cc:3559:NotGate$1032 = $auto$rtlil.cc:3559:NotGate$1038
    Removing $_NOT_ cell `$auto$opt_expr.cc:609:replace_const_cells$1031' from module `\top'.
  Cell `$auto$opt_expr.cc:609:replace_const_cells$1029' is identical to cell `$auto$opt_expr.cc:609:replace_const_cells$1035'.
    Redirecting output \Y: $auto$rtlil.cc:3559:NotGate$1030 = $auto$rtlil.cc:3559:NotGate$1036
    Removing $_NOT_ cell `$auto$opt_expr.cc:609:replace_const_cells$1029' from module `\top'.
  Cell `$auto$simplemap.cc:106:simplemap_bitop$995' is identical to cell `$auto$simplemap.cc:106:simplemap_bitop$638'.
    Redirecting output \Y: $techmap$auto$alumacc.cc:512:replace_alu$125.fa.$xor$/home/d5/software/oss-cad-suite/lib/../share/yosys/techmap.v:205$873_Y [2] = $auto$simplemap.cc:271:simplemap_eqne$634 [2]
    Removing $_XOR_ cell `$auto$simplemap.cc:106:simplemap_bitop$995' from module `\top'.
  Cell `$auto$simplemap.cc:106:simplemap_bitop$1000' is identical to cell `$auto$simplemap.cc:106:simplemap_bitop$643'.
    Redirecting output \Y: $techmap$auto$alumacc.cc:512:replace_alu$125.fa.$xor$/home/d5/software/oss-cad-suite/lib/../share/yosys/techmap.v:205$873_Y [7] = $auto$simplemap.cc:271:simplemap_eqne$634 [7]
    Removing $_XOR_ cell `$auto$simplemap.cc:106:simplemap_bitop$1000' from module `\top'.
  Cell `$auto$simplemap.cc:106:simplemap_bitop$993' is identical to cell `$auto$simplemap.cc:106:simplemap_bitop$636'.
    Redirecting output \Y: $techmap$auto$alumacc.cc:512:replace_alu$125.fa.$xor$/home/d5/software/oss-cad-suite/lib/../share/yosys/techmap.v:205$873_Y [0] = $auto$simplemap.cc:271:simplemap_eqne$634 [0]
    Removing $_XOR_ cell `$auto$simplemap.cc:106:simplemap_bitop$993' from module `\top'.
  Cell `$auto$opt_expr.cc:609:replace_const_cells$1041' is identical to cell `$auto$opt_expr.cc:609:replace_const_cells$1039'.
    Redirecting output \Y: $auto$rtlil.cc:3559:NotGate$1042 = $auto$rtlil.cc:3559:NotGate$1040
    Removing $_NOT_ cell `$auto$opt_expr.cc:609:replace_const_cells$1041' from module `\top'.
  Cell `$auto$opt_expr.cc:609:replace_const_cells$1043' is identical to cell `$auto$opt_expr.cc:609:replace_const_cells$1039'.
    Redirecting output \Y: $auto$rtlil.cc:3559:NotGate$1044 = $auto$rtlil.cc:3559:NotGate$1040
    Removing $_NOT_ cell `$auto$opt_expr.cc:609:replace_const_cells$1043' from module `\top'.
  Cell `$auto$simplemap.cc:46:simplemap_not$661' is identical to cell `$auto$opt_expr.cc:609:replace_const_cells$1039'.
    Redirecting output \Y: $flatten\grp0.$0$memwr$\gprs$/home/d5/course/ysyx-prestudy/e_phase/sCpu/vsrc/gpr.v:24$20_EN[7:0]$26 [7] = $auto$rtlil.cc:3559:NotGate$1040
    Removing $_NOT_ cell `$auto$simplemap.cc:46:simplemap_not$661' from module `\top'.
  Cell `$auto$simplemap.cc:298:simplemap_mux$699' is identical to cell `$auto$simplemap.cc:298:simplemap_mux$703'.
    Redirecting output \Y: $memory$flatten\bcd7seg0.$auto$proc_rom.cc:155:do_switch$55$rdmux[0][1][0]$b$170 [6] = $memory$flatten\bcd7seg0.$auto$proc_rom.cc:155:do_switch$55$rdmux[0][1][1]$b$173 [0]
    Removing $_MUX_ cell `$auto$simplemap.cc:298:simplemap_mux$699' from module `\top'.
  Cell `$auto$simplemap.cc:298:simplemap_mux$702' is identical to cell `$auto$simplemap.cc:298:simplemap_mux$705'.
    Redirecting output \Y: $memory$flatten\bcd7seg0.$auto$proc_rom.cc:155:do_switch$55$rdmux[0][1][1]$a$172 [6] = $memory$flatten\bcd7seg0.$auto$proc_rom.cc:155:do_switch$55$rdmux[0][1][1]$b$173 [3]
    Removing $_MUX_ cell `$auto$simplemap.cc:298:simplemap_mux$702' from module `\top'.
  Cell `$auto$simplemap.cc:298:simplemap_mux$708' is identical to cell `$auto$simplemap.cc:298:simplemap_mux$709'.
    Redirecting output \Y: $memory$flatten\bcd7seg0.$auto$proc_rom.cc:155:do_switch$55$rdmux[0][2][0]$b$176 [4] = $memory$flatten\bcd7seg0.$auto$proc_rom.cc:155:do_switch$55$rdmux[0][2][1]$a$178 [6]
    Removing $_NOT_ cell `$auto$simplemap.cc:298:simplemap_mux$708' from module `\top'.
  Cell `$auto$simplemap.cc:298:simplemap_mux$748' is identical to cell `$auto$simplemap.cc:298:simplemap_mux$752'.
    Redirecting output \Y: $memory$flatten\bcd7seg1.$auto$proc_rom.cc:155:do_switch$55$rdmux[0][1][0]$b$215 [6] = $memory$flatten\bcd7seg1.$auto$proc_rom.cc:155:do_switch$55$rdmux[0][1][1]$b$218 [0]
    Removing $_MUX_ cell `$auto$simplemap.cc:298:simplemap_mux$748' from module `\top'.
  Cell `$auto$simplemap.cc:298:simplemap_mux$751' is identical to cell `$auto$simplemap.cc:298:simplemap_mux$754'.
    Redirecting output \Y: $memory$flatten\bcd7seg1.$auto$proc_rom.cc:155:do_switch$55$rdmux[0][1][1]$a$217 [6] = $memory$flatten\bcd7seg1.$auto$proc_rom.cc:155:do_switch$55$rdmux[0][1][1]$b$218 [3]
    Removing $_MUX_ cell `$auto$simplemap.cc:298:simplemap_mux$751' from module `\top'.
  Cell `$auto$simplemap.cc:298:simplemap_mux$757' is identical to cell `$auto$simplemap.cc:298:simplemap_mux$758'.
    Redirecting output \Y: $memory$flatten\bcd7seg1.$auto$proc_rom.cc:155:do_switch$55$rdmux[0][2][0]$b$221 [4] = $memory$flatten\bcd7seg1.$auto$proc_rom.cc:155:do_switch$55$rdmux[0][2][1]$a$223 [6]
    Removing $_NOT_ cell `$auto$simplemap.cc:298:simplemap_mux$757' from module `\top'.
  Cell `$auto$simplemap.cc:298:simplemap_mux$694' is identical to cell `$auto$simplemap.cc:298:simplemap_mux$701'.
    Redirecting output \Y: $memory$flatten\bcd7seg0.$auto$proc_rom.cc:155:do_switch$55$rdmux[0][1][0]$a$169 [4] = $memory$flatten\bcd7seg0.$auto$proc_rom.cc:155:do_switch$55$rdmux[0][1][1]$a$172 [3]
    Removing $_MUX_ cell `$auto$simplemap.cc:298:simplemap_mux$694' from module `\top'.
  Cell `$auto$simplemap.cc:298:simplemap_mux$743' is identical to cell `$auto$simplemap.cc:298:simplemap_mux$750'.
    Redirecting output \Y: $memory$flatten\bcd7seg1.$auto$proc_rom.cc:155:do_switch$55$rdmux[0][1][0]$a$214 [4] = $memory$flatten\bcd7seg1.$auto$proc_rom.cc:155:do_switch$55$rdmux[0][1][1]$a$217 [3]
    Removing $_MUX_ cell `$auto$simplemap.cc:298:simplemap_mux$743' from module `\top'.
Removed a total of 29 cells.

13.5.3. Executing OPT_DFF pass (perform DFF optimizations).

13.5.4. Executing OPT_CLEAN pass (remove unused cells and wires).
Finding unused cells or wires in module \top..
  removing unused `$_OR_' cell `$auto$simplemap.cc:106:simplemap_bitop$1024'.
  removing unused `$_OR_' cell `$auto$simplemap.cc:106:simplemap_bitop$1023'.
  removing unused `$_OR_' cell `$auto$simplemap.cc:106:simplemap_bitop$1021'.
  removing unused `$_AND_' cell `$auto$simplemap.cc:106:simplemap_bitop$1012'.
  removing unused `$_AND_' cell `$auto$simplemap.cc:106:simplemap_bitop$1011'.
  removing unused `$_AND_' cell `$auto$simplemap.cc:106:simplemap_bitop$1008'.
  removing unused `$_AND_' cell `$auto$simplemap.cc:106:simplemap_bitop$1007'.
  removing unused `$_AND_' cell `$auto$simplemap.cc:106:simplemap_bitop$1005'.
  removing unused `$_AND_' cell `$auto$simplemap.cc:106:simplemap_bitop$992'.
  removing unused `$_AND_' cell `$auto$simplemap.cc:106:simplemap_bitop$954'.
  removing unused `$_AND_' cell `$auto$simplemap.cc:106:simplemap_bitop$953'.
  removing unused `$_NOT_' cell `$auto$simplemap.cc:46:simplemap_not$929'.
  removing unused `$_NOT_' cell `$auto$simplemap.cc:46:simplemap_not$928'.
  removing unused `$_NOT_' cell `$auto$simplemap.cc:46:simplemap_not$927'.
  removing unused `$_NOT_' cell `$auto$simplemap.cc:46:simplemap_not$926'.
  removing unused `$_NOT_' cell `$auto$simplemap.cc:46:simplemap_not$925'.
  removing unused `$_NOT_' cell `$auto$simplemap.cc:46:simplemap_not$924'.
  removing unused `$_NOT_' cell `$auto$simplemap.cc:46:simplemap_not$923'.
  removing unused `$_NOT_' cell `$auto$simplemap.cc:46:simplemap_not$922'.
  removing unused `$_NOT_' cell `$auto$simplemap.cc:46:simplemap_not$863'.
  removing unused `$_NOT_' cell `$auto$simplemap.cc:46:simplemap_not$862'.
  removing unused `$_NOT_' cell `$auto$simplemap.cc:46:simplemap_not$861'.
  removing unused `$_MUX_' cell `$auto$simplemap.cc:298:simplemap_mux$819'.
  removing unused `$_NOT_' cell `$auto$simplemap.cc:227:simplemap_lognot$622'.
  removing unused non-port wire \inst_out.
  removing unused non-port wire $memory\grp0.gprs$wren[2][1][0]$y$327.
  removing unused non-port wire $memory\grp0.gprs$wren[1][1][0]$y$315.
  removing unused non-port wire $memory\grp0.gprs$wren[0][1][0]$y$303.
  removing unused non-port wire $memory$flatten\bcd7seg1.$auto$proc_rom.cc:155:do_switch$55$rdmux[0][2][1]$a$223.
  removing unused non-port wire $memory$flatten\bcd7seg1.$auto$proc_rom.cc:155:do_switch$55$rdmux[0][1][1]$a$217.
  removing unused non-port wire $memory$flatten\bcd7seg0.$auto$proc_rom.cc:155:do_switch$55$rdmux[0][2][1]$a$178.
  removing unused non-port wire $memory$flatten\bcd7seg0.$auto$proc_rom.cc:155:do_switch$55$rdmux[0][1][1]$a$172.
  removing unused non-port wire $flatten\pc0.$add$/home/d5/course/ysyx-prestudy/e_phase/sCpu/vsrc/pc.v:13$1_Y.
  removing unused non-port wire $flatten\grp0.$0$memwr$\gprs$/home/d5/course/ysyx-prestudy/e_phase/sCpu/vsrc/gpr.v:24$20_EN[7:0]$26.
  removing unused non-port wire $auto$alumacc.cc:529:replace_alu$130.
  removing unused non-port wire $auto$alumacc.cc:529:replace_alu$127.
  removing unused non-port wire $auto$alumacc.cc:528:replace_alu$129.
  removing unused non-port wire $auto$alumacc.cc:528:replace_alu$126.
  removing unused non-port wire $add$/home/d5/course/ysyx-prestudy/e_phase/sCpu/vsrc/top.v:42$11_Y.
  removing unused non-port wire $auto$simplemap.cc:148:simplemap_reduce$508.
  removing unused non-port wire $auto$simplemap.cc:148:simplemap_reduce$515.
  removing unused non-port wire $auto$simplemap.cc:148:simplemap_reduce$522.
  removing unused non-port wire $auto$simplemap.cc:148:simplemap_reduce$539.
  removing unused non-port wire $techmap$auto$alumacc.cc:512:replace_alu$128.$xor$/home/d5/software/oss-cad-suite/lib/../share/yosys/techmap.v:296$574_Y.
  removing unused non-port wire $techmap$auto$alumacc.cc:512:replace_alu$128.$ternary$/home/d5/software/oss-cad-suite/lib/../share/yosys/techmap.v:279$573_Y.
  removing unused non-port wire $techmap$auto$alumacc.cc:512:replace_alu$128.$not$/home/d5/software/oss-cad-suite/lib/../share/yosys/techmap.v:279$572_Y.
  removing unused non-port wire $auto$alumacc.cc:512:replace_alu$128.Cnull.
  removing unused non-port wire $auto$alumacc.cc:512:replace_alu$128.G.
  removing unused non-port wire $auto$alumacc.cc:512:replace_alu$128.B_buf.
  removing unused non-port wire $auto$alumacc.cc:512:replace_alu$128.A_buf.
  removing unused non-port wire $auto$alumacc.cc:512:replace_alu$128.BB.
  removing unused non-port wire $auto$alumacc.cc:512:replace_alu$128.AA.
  removing unused non-port wire $auto$alumacc.cc:512:replace_alu$128.BI.
  removing unused non-port wire $auto$alumacc.cc:512:replace_alu$128.CI.
  removing unused non-port wire $auto$alumacc.cc:512:replace_alu$128.X.
  removing unused non-port wire $auto$alumacc.cc:512:replace_alu$128.B.
  removing unused non-port wire $auto$alumacc.cc:512:replace_alu$128.A.
  removing unused non-port wire $techmap$auto$alumacc.cc:512:replace_alu$125.$xor$/home/d5/software/oss-cad-suite/lib/../share/yosys/techmap.v:296$577_Y.
  removing unused non-port wire $techmap$auto$alumacc.cc:512:replace_alu$125.$ternary$/home/d5/software/oss-cad-suite/lib/../share/yosys/techmap.v:279$576_Y.
  removing unused non-port wire $techmap$auto$alumacc.cc:512:replace_alu$125.$not$/home/d5/software/oss-cad-suite/lib/../share/yosys/techmap.v:279$575_Y.
  removing unused non-port wire $auto$alumacc.cc:512:replace_alu$125.Cnull.
  removing unused non-port wire $auto$alumacc.cc:512:replace_alu$125.G.
  removing unused non-port wire $auto$alumacc.cc:512:replace_alu$125.B_buf.
  removing unused non-port wire $auto$alumacc.cc:512:replace_alu$125.A_buf.
  removing unused non-port wire $auto$alumacc.cc:512:replace_alu$125.BB.
  removing unused non-port wire $auto$alumacc.cc:512:replace_alu$125.AA.
  removing unused non-port wire $auto$alumacc.cc:512:replace_alu$125.BI.
  removing unused non-port wire $auto$alumacc.cc:512:replace_alu$125.CI.
  removing unused non-port wire $auto$alumacc.cc:512:replace_alu$125.X.
  removing unused non-port wire $auto$alumacc.cc:512:replace_alu$125.B.
  removing unused non-port wire $auto$alumacc.cc:512:replace_alu$125.A.
  removing unused non-port wire $auto$simplemap.cc:271:simplemap_eqne$590.
  removing unused non-port wire $auto$simplemap.cc:148:simplemap_reduce$596.
  removing unused non-port wire $auto$simplemap.cc:271:simplemap_eqne$603.
  removing unused non-port wire $auto$simplemap.cc:148:simplemap_reduce$609.
  removing unused non-port wire $auto$simplemap.cc:271:simplemap_eqne$613.
  removing unused non-port wire $auto$simplemap.cc:148:simplemap_reduce$619.
  removing unused non-port wire $auto$simplemap.cc:271:simplemap_eqne$634.
  removing unused non-port wire $auto$simplemap.cc:148:simplemap_reduce$653.
  removing unused non-port wire $techmap$auto$alumacc.cc:512:replace_alu$128.fa.$or$/home/d5/software/oss-cad-suite/lib/../share/yosys/techmap.v:206$840_Y.
  removing unused non-port wire $techmap$auto$alumacc.cc:512:replace_alu$128.fa.$xor$/home/d5/software/oss-cad-suite/lib/../share/yosys/techmap.v:206$839_Y.
  removing unused non-port wire $techmap$auto$alumacc.cc:512:replace_alu$128.fa.$and$/home/d5/software/oss-cad-suite/lib/../share/yosys/techmap.v:205$838_Y.
  removing unused non-port wire $techmap$auto$alumacc.cc:512:replace_alu$128.fa.$and$/home/d5/software/oss-cad-suite/lib/../share/yosys/techmap.v:205$837_Y.
  removing unused non-port wire $techmap$auto$alumacc.cc:512:replace_alu$128.fa.$xor$/home/d5/software/oss-cad-suite/lib/../share/yosys/techmap.v:205$836_Y.
  removing unused non-port wire $auto$alumacc.cc:512:replace_alu$128.fa.t3.
  removing unused non-port wire $auto$alumacc.cc:512:replace_alu$128.fa.t2.
  removing unused non-port wire $auto$alumacc.cc:512:replace_alu$128.fa.t1.
  removing unused non-port wire $auto$alumacc.cc:512:replace_alu$128.fa.Y.
  removing unused non-port wire $auto$alumacc.cc:512:replace_alu$128.fa.X.
  removing unused non-port wire $auto$alumacc.cc:512:replace_alu$128.fa.C.
  removing unused non-port wire $auto$alumacc.cc:512:replace_alu$128.fa.B.
  removing unused non-port wire $auto$alumacc.cc:512:replace_alu$128.fa.A.
  removing unused non-port wire $auto$alumacc.cc:512:replace_alu$128.lcu._TECHMAP_DONE_.
  removing unused non-port wire $techmap$auto$alumacc.cc:512:replace_alu$128.lcu.$and$/home/d5/software/oss-cad-suite/lib/../share/yosys/techmap.v:240$844_Y.
  removing unused non-port wire $techmap$auto$alumacc.cc:512:replace_alu$128.lcu.$and$/home/d5/software/oss-cad-suite/lib/../share/yosys/techmap.v:240$847_Y.
  removing unused non-port wire $techmap$auto$alumacc.cc:512:replace_alu$128.lcu.$and$/home/d5/software/oss-cad-suite/lib/../share/yosys/techmap.v:240$850_Y.
  removing unused non-port wire $techmap$auto$alumacc.cc:512:replace_alu$128.lcu.$and$/home/d5/software/oss-cad-suite/lib/../share/yosys/techmap.v:241$849_Y.
  removing unused non-port wire $techmap$auto$alumacc.cc:512:replace_alu$128.lcu.$and$/home/d5/software/oss-cad-suite/lib/../share/yosys/techmap.v:248$853_Y.
  removing unused non-port wire $techmap$auto$alumacc.cc:512:replace_alu$128.lcu.$or$/home/d5/software/oss-cad-suite/lib/../share/yosys/techmap.v:240$848_Y.
  removing unused non-port wire $auto$alumacc.cc:512:replace_alu$128.lcu.CI.
  removing unused non-port wire $auto$alumacc.cc:512:replace_alu$128.lcu.CO.
  removing unused non-port wire $auto$alumacc.cc:512:replace_alu$128.lcu.G.
  removing unused non-port wire $auto$alumacc.cc:512:replace_alu$128.lcu.P.
  removing unused non-port wire $techmap$auto$alumacc.cc:512:replace_alu$128.lcu.$and$/home/d5/software/oss-cad-suite/lib/../share/yosys/techmap.v:231$842_Y.
  removing unused non-port wire $auto$alumacc.cc:512:replace_alu$128.lcu.g.
  removing unused non-port wire $auto$alumacc.cc:512:replace_alu$128.lcu.i.
  removing unused non-port wire $auto$alumacc.cc:512:replace_alu$128.lcu.j.
  removing unused non-port wire $auto$alumacc.cc:512:replace_alu$128.lcu.p.
  removing unused non-port wire $techmap$auto$alumacc.cc:512:replace_alu$125.fa.$or$/home/d5/software/oss-cad-suite/lib/../share/yosys/techmap.v:206$877_Y.
  removing unused non-port wire $techmap$auto$alumacc.cc:512:replace_alu$125.fa.$xor$/home/d5/software/oss-cad-suite/lib/../share/yosys/techmap.v:206$876_Y.
  removing unused non-port wire $techmap$auto$alumacc.cc:512:replace_alu$125.fa.$and$/home/d5/software/oss-cad-suite/lib/../share/yosys/techmap.v:205$875_Y.
  removing unused non-port wire $techmap$auto$alumacc.cc:512:replace_alu$125.fa.$and$/home/d5/software/oss-cad-suite/lib/../share/yosys/techmap.v:205$874_Y.
  removing unused non-port wire $techmap$auto$alumacc.cc:512:replace_alu$125.fa.$xor$/home/d5/software/oss-cad-suite/lib/../share/yosys/techmap.v:205$873_Y.
  removing unused non-port wire $auto$alumacc.cc:512:replace_alu$125.fa.t3.
  removing unused non-port wire $auto$alumacc.cc:512:replace_alu$125.fa.t2.
  removing unused non-port wire $auto$alumacc.cc:512:replace_alu$125.fa.t1.
  removing unused non-port wire $auto$alumacc.cc:512:replace_alu$125.fa.Y.
  removing unused non-port wire $auto$alumacc.cc:512:replace_alu$125.fa.C.
  removing unused non-port wire $auto$alumacc.cc:512:replace_alu$125.fa.B.
  removing unused non-port wire $auto$alumacc.cc:512:replace_alu$125.fa.A.
  removing unused non-port wire $auto$alumacc.cc:512:replace_alu$125.lcu._TECHMAP_DONE_.
  removing unused non-port wire $techmap$auto$alumacc.cc:512:replace_alu$125.lcu.$and$/home/d5/software/oss-cad-suite/lib/../share/yosys/techmap.v:240$890_Y.
  removing unused non-port wire $techmap$auto$alumacc.cc:512:replace_alu$125.lcu.$and$/home/d5/software/oss-cad-suite/lib/../share/yosys/techmap.v:240$896_Y.
  removing unused non-port wire $techmap$auto$alumacc.cc:512:replace_alu$125.lcu.$and$/home/d5/software/oss-cad-suite/lib/../share/yosys/techmap.v:240$899_Y.
  removing unused non-port wire $techmap$auto$alumacc.cc:512:replace_alu$125.lcu.$and$/home/d5/software/oss-cad-suite/lib/../share/yosys/techmap.v:241$892_Y.
  removing unused non-port wire $techmap$auto$alumacc.cc:512:replace_alu$125.lcu.$and$/home/d5/software/oss-cad-suite/lib/../share/yosys/techmap.v:241$898_Y.
  removing unused non-port wire $techmap$auto$alumacc.cc:512:replace_alu$125.lcu.$or$/home/d5/software/oss-cad-suite/lib/../share/yosys/techmap.v:240$891_Y.
  removing unused non-port wire $techmap$auto$alumacc.cc:512:replace_alu$125.lcu.$or$/home/d5/software/oss-cad-suite/lib/../share/yosys/techmap.v:240$897_Y.
  removing unused non-port wire $auto$alumacc.cc:512:replace_alu$125.lcu.CI.
  removing unused non-port wire $auto$alumacc.cc:512:replace_alu$125.lcu.CO.
  removing unused non-port wire $auto$alumacc.cc:512:replace_alu$125.lcu.G.
  removing unused non-port wire $auto$alumacc.cc:512:replace_alu$125.lcu.P.
  removing unused non-port wire $techmap$auto$alumacc.cc:512:replace_alu$125.lcu.$and$/home/d5/software/oss-cad-suite/lib/../share/yosys/techmap.v:231$879_Y.
  removing unused non-port wire $auto$alumacc.cc:512:replace_alu$125.lcu.g.
  removing unused non-port wire $auto$alumacc.cc:512:replace_alu$125.lcu.i.
  removing unused non-port wire $auto$alumacc.cc:512:replace_alu$125.lcu.j.
  removing unused non-port wire $auto$alumacc.cc:512:replace_alu$125.lcu.p.
  removing unused non-port wire $auto$rtlil.cc:3559:NotGate$1034.
  removing unused non-port wire $auto$rtlil.cc:3559:NotGate$1036.
  removing unused non-port wire $auto$rtlil.cc:3559:NotGate$1038.
  removing unused non-port wire $auto$rtlil.cc:3559:NotGate$1042.
  removing unused non-port wire $auto$rtlil.cc:3559:NotGate$1044.
Removed 24 unused cells and 118 unused wires.

13.5.5. Finished fast OPT passes.

13.6. Executing ABC pass (technology mapping using ABC).

13.6.1. Extracting gate netlist of module `\top' to `<abc-temp-dir>/input.blif'..

13.6.1.1. Executed ABC.
Extracted 243 gates and 298 wires to a netlist network with 53 inputs and 52 outputs.
Running ABC script: <abc-temp-dir>/abc.script
ABC: UC Berkeley, ABC 1.01 (compiled Dec 23 2025 02:46:19)
ABC: abc 01> empty
ABC: abc 01> source <abc-temp-dir>/abc.script
ABC: + read_blif <abc-temp-dir>/input.blif 
ABC: + read_library /tmp/yosys-abc-hpWFgu/stdcells.genlib 
ABC: + strash 
ABC: + dretime 
ABC: + map 
ABC: + write_blif <abc-temp-dir>/output.blif 
ABC: 

13.6.1.2. Re-integrating ABC results.
ABC RESULTS:               AND cells:       13
ABC RESULTS:            ANDNOT cells:       58
ABC RESULTS:               MUX cells:       97
ABC RESULTS:              NAND cells:        3
ABC RESULTS:               NOR cells:        7
ABC RESULTS:               NOT cells:       55
ABC RESULTS:                OR cells:       25
ABC RESULTS:             ORNOT cells:        7
ABC RESULTS:              XNOR cells:        3
ABC RESULTS:               XOR cells:       16
ABC RESULTS:        internal signals:      193
ABC RESULTS:           input signals:       53
ABC RESULTS:          output signals:       52
Removing temp directory.
Removing global temp directory.

13.7. Executing OPT pass (performing simple optimizations).

13.7.1. Executing OPT_EXPR pass (perform const folding).
Optimizing module top.
Optimizing away select inverter for $_MUX_ cell `$abc$1045$auto$blifparse.cc:397:parse_blif$1172' in module `top'.
Optimizing away select inverter for $_MUX_ cell `$abc$1045$auto$blifparse.cc:397:parse_blif$1171' in module `top'.
Optimizing away select inverter for $_MUX_ cell `$abc$1045$auto$blifparse.cc:397:parse_blif$1173' in module `top'.
Optimizing away select inverter for $_MUX_ cell `$abc$1045$auto$blifparse.cc:397:parse_blif$1168' in module `top'.
Optimizing away select inverter for $_MUX_ cell `$abc$1045$auto$blifparse.cc:397:parse_blif$1167' in module `top'.
Optimizing away select inverter for $_MUX_ cell `$abc$1045$auto$blifparse.cc:397:parse_blif$1169' in module `top'.
Optimizing away select inverter for $_MUX_ cell `$abc$1045$auto$blifparse.cc:397:parse_blif$1163' in module `top'.
Optimizing away select inverter for $_MUX_ cell `$abc$1045$auto$blifparse.cc:397:parse_blif$1162' in module `top'.
Optimizing away select inverter for $_MUX_ cell `$abc$1045$auto$blifparse.cc:397:parse_blif$1164' in module `top'.
Optimizing away select inverter for $_MUX_ cell `$abc$1045$auto$blifparse.cc:397:parse_blif$1159' in module `top'.
Optimizing away select inverter for $_MUX_ cell `$abc$1045$auto$blifparse.cc:397:parse_blif$1158' in module `top'.
Optimizing away select inverter for $_MUX_ cell `$abc$1045$auto$blifparse.cc:397:parse_blif$1160' in module `top'.
Optimizing away select inverter for $_MUX_ cell `$abc$1045$auto$blifparse.cc:397:parse_blif$1153' in module `top'.
Optimizing away select inverter for $_MUX_ cell `$abc$1045$auto$blifparse.cc:397:parse_blif$1152' in module `top'.
Optimizing away select inverter for $_MUX_ cell `$abc$1045$auto$blifparse.cc:397:parse_blif$1154' in module `top'.
Optimizing away select inverter for $_MUX_ cell `$abc$1045$auto$blifparse.cc:397:parse_blif$1149' in module `top'.
Optimizing away select inverter for $_MUX_ cell `$abc$1045$auto$blifparse.cc:397:parse_blif$1148' in module `top'.
Optimizing away select inverter for $_MUX_ cell `$abc$1045$auto$blifparse.cc:397:parse_blif$1150' in module `top'.
Optimizing away select inverter for $_MUX_ cell `$abc$1045$auto$blifparse.cc:397:parse_blif$1144' in module `top'.
Optimizing away select inverter for $_MUX_ cell `$abc$1045$auto$blifparse.cc:397:parse_blif$1141' in module `top'.
Optimizing away select inverter for $_MUX_ cell `$abc$1045$auto$blifparse.cc:397:parse_blif$1145' in module `top'.
Optimizing away select inverter for $_MUX_ cell `$abc$1045$auto$blifparse.cc:397:parse_blif$1136' in module `top'.
Optimizing away select inverter for $_MUX_ cell `$abc$1045$auto$blifparse.cc:397:parse_blif$1133' in module `top'.
Optimizing away select inverter for $_MUX_ cell `$abc$1045$auto$blifparse.cc:397:parse_blif$1137' in module `top'.
Optimizing away select inverter for $_MUX_ cell `$abc$1045$auto$blifparse.cc:397:parse_blif$1327' in module `top'.
Optimizing away select inverter for $_MUX_ cell `$abc$1045$auto$blifparse.cc:397:parse_blif$1319' in module `top'.

13.7.2. Executing OPT_MERGE pass (detect identical cells).
Finding identical cells in module `\top'.
  Cell `$abc$1045$auto$blifparse.cc:397:parse_blif$1268' is identical to cell `$abc$1045$auto$blifparse.cc:397:parse_blif$1255'.
    Redirecting output \Y: $abc$1045$new_n328 = $abc$1045$new_n315
    Removing $_ANDNOT_ cell `$abc$1045$auto$blifparse.cc:397:parse_blif$1268' from module `\top'.
  Cell `$abc$1045$auto$blifparse.cc:397:parse_blif$1304' is identical to cell `$abc$1045$auto$blifparse.cc:397:parse_blif$1291'.
    Redirecting output \Y: $abc$1045$new_n364 = $abc$1045$new_n351
    Removing $_ANDNOT_ cell `$abc$1045$auto$blifparse.cc:397:parse_blif$1304' from module `\top'.
Removed a total of 2 cells.

13.7.3. Executing OPT_DFF pass (perform DFF optimizations).

13.7.4. Executing OPT_CLEAN pass (remove unused cells and wires).
Finding unused cells or wires in module \top..
  removing unused non-port wire \jmp.
  removing unused non-port wire \inst_li.
  removing unused non-port wire \inst_bner0.
  removing unused non-port wire \inst_add.
  removing unused non-port wire \grp0.we.
  removing unused non-port wire \grp0.wdata.
  removing unused non-port wire \grp0.rdata2.
  removing unused non-port wire \grp0.raddr1.
  removing unused non-port wire $techmap$auto$alumacc.cc:512:replace_alu$125.lcu.$or$/home/d5/software/oss-cad-suite/lib/../share/yosys/techmap.v:240$888_Y.
  removing unused non-port wire $techmap$auto$alumacc.cc:512:replace_alu$125.lcu.$or$/home/d5/software/oss-cad-suite/lib/../share/yosys/techmap.v:240$885_Y.
  removing unused non-port wire $techmap$auto$alumacc.cc:512:replace_alu$125.lcu.$and$/home/d5/software/oss-cad-suite/lib/../share/yosys/techmap.v:248$911_Y.
  removing unused non-port wire $techmap$auto$alumacc.cc:512:replace_alu$125.lcu.$and$/home/d5/software/oss-cad-suite/lib/../share/yosys/techmap.v:248$908_Y.
  removing unused non-port wire $techmap$auto$alumacc.cc:512:replace_alu$125.lcu.$and$/home/d5/software/oss-cad-suite/lib/../share/yosys/techmap.v:248$905_Y.
  removing unused non-port wire $techmap$auto$alumacc.cc:512:replace_alu$125.lcu.$and$/home/d5/software/oss-cad-suite/lib/../share/yosys/techmap.v:248$902_Y.
  removing unused non-port wire $techmap$auto$alumacc.cc:512:replace_alu$125.lcu.$and$/home/d5/software/oss-cad-suite/lib/../share/yosys/techmap.v:241$889_Y.
  removing unused non-port wire $techmap$auto$alumacc.cc:512:replace_alu$125.lcu.$and$/home/d5/software/oss-cad-suite/lib/../share/yosys/techmap.v:241$886_Y.
  removing unused non-port wire $techmap$auto$alumacc.cc:512:replace_alu$125.lcu.$and$/home/d5/software/oss-cad-suite/lib/../share/yosys/techmap.v:240$893_Y.
  removing unused non-port wire $techmap$auto$alumacc.cc:512:replace_alu$125.lcu.$and$/home/d5/software/oss-cad-suite/lib/../share/yosys/techmap.v:240$887_Y.
  removing unused non-port wire $techmap$auto$alumacc.cc:512:replace_alu$125.lcu.$and$/home/d5/software/oss-cad-suite/lib/../share/yosys/techmap.v:240$884_Y.
  removing unused non-port wire $techmap$auto$alumacc.cc:512:replace_alu$125.lcu.$and$/home/d5/software/oss-cad-suite/lib/../share/yosys/techmap.v:240$881_Y.
  removing unused non-port wire $ne$/home/d5/course/ysyx-prestudy/e_phase/sCpu/vsrc/top.v:44$13_Y.
  removing unused non-port wire $memory\rom0.rom$rdmux[0][1][0]$b$345.
  removing unused non-port wire $memory\rom0.rom$rdmux[0][1][0]$a$344.
  removing unused non-port wire $memory\rom0.rom$rdmux[0][0][0]$a$341.
  removing unused non-port wire $memory\grp0.gprs$wren[3][1][0]$y$337.
  removing unused non-port wire $memory\grp0.gprs$rdmux[1][0][0]$b$274.
  removing unused non-port wire $memory\grp0.gprs$rdmux[1][0][0]$a$273.
  removing unused non-port wire $memory\grp0.gprs$rdmux[0][0][0]$b$265.
  removing unused non-port wire $memory\grp0.gprs$rdmux[0][0][0]$a$264.
  removing unused non-port wire $memory$flatten\bcd7seg1.$auto$proc_rom.cc:155:do_switch$55$rdmux[0][2][0]$b$221.
  removing unused non-port wire $memory$flatten\bcd7seg1.$auto$proc_rom.cc:155:do_switch$55$rdmux[0][1][1]$b$218.
  removing unused non-port wire $memory$flatten\bcd7seg1.$auto$proc_rom.cc:155:do_switch$55$rdmux[0][1][0]$b$215.
  removing unused non-port wire $memory$flatten\bcd7seg1.$auto$proc_rom.cc:155:do_switch$55$rdmux[0][1][0]$a$214.
  removing unused non-port wire $memory$flatten\bcd7seg1.$auto$proc_rom.cc:155:do_switch$55$rdmux[0][0][0]$b$212.
  removing unused non-port wire $memory$flatten\bcd7seg1.$auto$proc_rom.cc:155:do_switch$55$rdmux[0][0][0]$a$211.
  removing unused non-port wire $memory$flatten\bcd7seg0.$auto$proc_rom.cc:155:do_switch$55$rdmux[0][2][0]$b$176.
  removing unused non-port wire $memory$flatten\bcd7seg0.$auto$proc_rom.cc:155:do_switch$55$rdmux[0][1][1]$b$173.
  removing unused non-port wire $memory$flatten\bcd7seg0.$auto$proc_rom.cc:155:do_switch$55$rdmux[0][1][0]$b$170.
  removing unused non-port wire $memory$flatten\bcd7seg0.$auto$proc_rom.cc:155:do_switch$55$rdmux[0][1][0]$a$169.
  removing unused non-port wire $memory$flatten\bcd7seg0.$auto$proc_rom.cc:155:do_switch$55$rdmux[0][0][0]$b$167.
  removing unused non-port wire $memory$flatten\bcd7seg0.$auto$proc_rom.cc:155:do_switch$55$rdmux[0][0][0]$a$166.
  removing unused non-port wire $auto$simplemap.cc:277:simplemap_eqne$617.
  removing unused non-port wire $auto$simplemap.cc:277:simplemap_eqne$607.
  removing unused non-port wire $auto$simplemap.cc:277:simplemap_eqne$594.
  removing unused non-port wire $auto$simplemap.cc:271:simplemap_eqne$517.
  removing unused non-port wire $auto$simplemap.cc:271:simplemap_eqne$510.
  removing unused non-port wire $auto$simplemap.cc:271:simplemap_eqne$503.
  removing unused non-port wire $auto$simplemap.cc:189:logic_reduce$600.
  removing unused non-port wire $auto$simplemap.cc:148:simplemap_reduce$650.
  removing unused non-port wire $auto$simplemap.cc:148:simplemap_reduce$645.
  removing unused non-port wire $auto$rtlil.cc:3559:NotGate$1040.
  removing unused non-port wire $auto$rtlil.cc:3559:NotGate$1032.
  removing unused non-port wire $auto$rtlil.cc:3559:NotGate$1030.
  removing unused non-port wire $auto$rtlil.cc:3457:Mux$162.
  removing unused non-port wire $auto$rtlil.cc:3457:Mux$154.
  removing unused non-port wire $auto$rtlil.cc:3457:Mux$145.
  removing unused non-port wire $auto$rtlil.cc:3457:Mux$142.
  removing unused non-port wire $auto$rtlil.cc:3376:Eq$323.
  removing unused non-port wire $auto$rtlil.cc:3376:Eq$311.
  removing unused non-port wire $auto$rtlil.cc:3376:Eq$299.
  removing unused non-port wire $auto$rtlil.cc:3376:Eq$297.
  removing unused non-port wire $auto$rtlil.cc:3369:And$335.
  removing unused non-port wire $auto$rtlil.cc:3369:And$325.
  removing unused non-port wire $auto$rtlil.cc:3369:And$313.
  removing unused non-port wire $auto$rtlil.cc:3369:And$301.
  removing unused non-port wire $auto$rtlil.cc:3326:ReduceOr$158.
  removing unused non-port wire $auto$rtlil.cc:3322:Not$387.
  removing unused non-port wire $auto$opt_dff.cc:306:combine_resets$388.
  removing unused non-port wire $auto$opt_dff.cc:247:make_patterns_logic$399.
  removing unused non-port wire $auto$opt_dff.cc:247:make_patterns_logic$396.
  removing unused non-port wire $auto$opt_dff.cc:247:make_patterns_logic$393.
  removing unused non-port wire $auto$memory_share.cc:441:consolidate_wr_using_sat$163.
  removing unused non-port wire $auto$alumacc.cc:512:replace_alu$128.Y.
  removing unused non-port wire $auto$alumacc.cc:512:replace_alu$128.P.
  removing unused non-port wire $auto$alumacc.cc:512:replace_alu$128.CO.
  removing unused non-port wire $auto$alumacc.cc:512:replace_alu$125.fa.X.
  removing unused non-port wire $auto$alumacc.cc:512:replace_alu$125.Y.
  removing unused non-port wire $auto$alumacc.cc:512:replace_alu$125.P.
  removing unused non-port wire $auto$alumacc.cc:512:replace_alu$125.CO.
  removing unused non-port wire $abc$1045$new_n364.
  removing unused non-port wire $abc$1045$new_n328.
  removing unused non-port wire $abc$1045$$flatten\bcd7seg1.$auto$proc_rom.cc:155:do_switch$55$rdreg[0]$d[6].
  removing unused non-port wire $abc$1045$$flatten\bcd7seg1.$auto$proc_rom.cc:155:do_switch$55$rdreg[0]$d[5].
  removing unused non-port wire $abc$1045$$flatten\bcd7seg1.$auto$proc_rom.cc:155:do_switch$55$rdreg[0]$d[4].
  removing unused non-port wire $abc$1045$$flatten\bcd7seg1.$auto$proc_rom.cc:155:do_switch$55$rdreg[0]$d[3].
  removing unused non-port wire $abc$1045$$flatten\bcd7seg1.$auto$proc_rom.cc:155:do_switch$55$rdreg[0]$d[2].
  removing unused non-port wire $abc$1045$$flatten\bcd7seg1.$auto$proc_rom.cc:155:do_switch$55$rdreg[0]$d[1].
  removing unused non-port wire $abc$1045$$flatten\bcd7seg1.$auto$proc_rom.cc:155:do_switch$55$rdreg[0]$d[0].
  removing unused non-port wire $abc$1045$$flatten\bcd7seg0.$auto$proc_rom.cc:155:do_switch$55$rdreg[0]$d[6].
  removing unused non-port wire $abc$1045$$flatten\bcd7seg0.$auto$proc_rom.cc:155:do_switch$55$rdreg[0]$d[5].
  removing unused non-port wire $abc$1045$$flatten\bcd7seg0.$auto$proc_rom.cc:155:do_switch$55$rdreg[0]$d[4].
  removing unused non-port wire $abc$1045$$flatten\bcd7seg0.$auto$proc_rom.cc:155:do_switch$55$rdreg[0]$d[3].
  removing unused non-port wire $abc$1045$$flatten\bcd7seg0.$auto$proc_rom.cc:155:do_switch$55$rdreg[0]$d[2].
  removing unused non-port wire $abc$1045$$flatten\bcd7seg0.$auto$proc_rom.cc:155:do_switch$55$rdreg[0]$d[1].
  removing unused non-port wire $abc$1045$$flatten\bcd7seg0.$auto$proc_rom.cc:155:do_switch$55$rdreg[0]$d[0].
  removing unused non-port wire $abc$1045$pc0.next_pc[3].
  removing unused non-port wire $abc$1045$pc0.next_pc[2].
  removing unused non-port wire $abc$1045$pc0.next_pc[1].
  removing unused non-port wire $abc$1045$pc0.next_pc[0].
  removing unused non-port wire $abc$1045$rdata1[6].
  removing unused non-port wire $abc$1045$rdata1[4].
  removing unused non-port wire $abc$1045$rdata1[3].
  removing unused non-port wire $abc$1045$rdata1[1].
  removing unused non-port wire $abc$1045$rdata1[7].
  removing unused non-port wire $abc$1045$rdata1[5].
  removing unused non-port wire $abc$1045$rdata1[2].
  removing unused non-port wire $abc$1045$rdata1[0].
  removing unused non-port wire $abc$1045$grp0.gprs[3][7].
  removing unused non-port wire $abc$1045$grp0.gprs[2][7].
  removing unused non-port wire $abc$1045$grp0.gprs[3][6].
  removing unused non-port wire $abc$1045$grp0.gprs[2][6].
  removing unused non-port wire $abc$1045$grp0.gprs[3][5].
  removing unused non-port wire $abc$1045$grp0.gprs[2][5].
  removing unused non-port wire $abc$1045$grp0.gprs[3][4].
  removing unused non-port wire $abc$1045$grp0.gprs[2][4].
  removing unused non-port wire $abc$1045$grp0.gprs[3][3].
  removing unused non-port wire $abc$1045$grp0.gprs[2][3].
  removing unused non-port wire $abc$1045$grp0.gprs[3][2].
  removing unused non-port wire $abc$1045$grp0.gprs[2][2].
  removing unused non-port wire $abc$1045$grp0.gprs[3][1].
  removing unused non-port wire $abc$1045$grp0.gprs[2][1].
  removing unused non-port wire $abc$1045$grp0.gprs[3][0].
  removing unused non-port wire $abc$1045$grp0.gprs[2][0].
  removing unused non-port wire $abc$1045$grp0.gprs[1][7].
  removing unused non-port wire $abc$1045$grp0.gprs[0][7].
  removing unused non-port wire $abc$1045$grp0.gprs[1][6].
  removing unused non-port wire $abc$1045$grp0.gprs[0][6].
  removing unused non-port wire $abc$1045$grp0.gprs[1][5].
  removing unused non-port wire $abc$1045$grp0.gprs[0][5].
  removing unused non-port wire $abc$1045$grp0.gprs[1][4].
  removing unused non-port wire $abc$1045$grp0.gprs[0][4].
  removing unused non-port wire $abc$1045$grp0.gprs[1][3].
  removing unused non-port wire $abc$1045$grp0.gprs[0][3].
  removing unused non-port wire $abc$1045$grp0.gprs[1][2].
  removing unused non-port wire $abc$1045$grp0.gprs[0][2].
  removing unused non-port wire $abc$1045$grp0.gprs[1][1].
  removing unused non-port wire $abc$1045$grp0.gprs[0][1].
  removing unused non-port wire $abc$1045$grp0.gprs[1][0].
  removing unused non-port wire $abc$1045$grp0.gprs[0][0].
  removing unused non-port wire $abc$1045$inst[1].
  removing unused non-port wire $abc$1045$inst[0].
  removing unused non-port wire $abc$1045$inst[3].
  removing unused non-port wire $abc$1045$inst[2].
  removing unused non-port wire $abc$1045$out_data[3].
  removing unused non-port wire $abc$1045$out_data[2].
  removing unused non-port wire $abc$1045$out_data[1].
  removing unused non-port wire $abc$1045$out_data[0].
  removing unused non-port wire $abc$1045$out_data[7].
  removing unused non-port wire $abc$1045$out_data[6].
  removing unused non-port wire $abc$1045$out_data[5].
  removing unused non-port wire $abc$1045$out_data[4].
  removing unused non-port wire $abc$1045$inst[5].
  removing unused non-port wire $abc$1045$inst[4].
  removing unused non-port wire $abc$1045$pc0.pc_reg[3].
  removing unused non-port wire $abc$1045$pc0.pc_reg[2].
  removing unused non-port wire $abc$1045$pc0.pc_reg[0].
  removing unused non-port wire $abc$1045$pc0.pc_reg[1].
  removing unused non-port wire $abc$1045$rst.
  removing unused non-port wire $abc$1045$inst[6].
  removing unused non-port wire $abc$1045$inst[7].
  removing unused non-port wire \we.
  removing unused non-port wire \wdata.
  removing unused non-port wire \rdata2.
  removing unused non-port wire \raddr1.
  removing unused non-port wire \pc0.load.
Removed 0 unused cells and 165 unused wires.

13.7.5. Finished fast OPT passes.

13.8. Executing HIERARCHY pass (managing design hierarchy).
Attribute `top' found on module `top'. Setting top module to top.

13.8.1. Analyzing design hierarchy..
Top module:  \top

13.8.2. Analyzing design hierarchy..
Top module:  \top
Removed 0 unused modules.
Module top directly or indirectly displays text -> setting "keep" attribute.

13.9. Printing statistics.

=== top ===

        +----------Local Count, excluding submodules.
        | 
      296 wires
      448 wire bits
       38 public wires
      178 public wire bits
        4 ports
       16 port bits
      358 cells
       56   $_ANDNOT_
       13   $_AND_
        8   $_DFFE_PN_
        8   $_DFFE_PP_
       14   $_DFF_P_
       97   $_MUX_
        3   $_NAND_
        7   $_NOR_
       55   $_NOT_
        7   $_ORNOT_
       25   $_OR_
       24   $_SDFFCE_PN0P_
        4   $_SDFF_PN0_
        1   $_SDFF_PP0_
        7   $_SDFF_PP1_
        3   $_XNOR_
       16   $_XOR_
        4   $print
        6   $scopeinfo

13.10. Executing CHECK pass (checking for obvious problems).
Checking module top...
Found and reported 0 problems.

14. Executing OPT_CLEAN pass (remove unused cells and wires).
Finding unused cells or wires in module \top..
  removing unused `$scopeinfo' cell `\pc0'.
  removing unused `$scopeinfo' cell `\rom0'.
  removing unused `$scopeinfo' cell `\grp0'.
  removing unused `$scopeinfo' cell `\byte2bcd0'.
  removing unused `$scopeinfo' cell `\bcd7seg0'.
  removing unused `$scopeinfo' cell `\bcd7seg1'.
  removing unused non-port wire \waddr.
  removing unused non-port wire \rom0.pc.
  removing unused non-port wire \rom0.inst.
  removing unused non-port wire \rdata1.
  removing unused non-port wire \raddr2.
  removing unused non-port wire \pc0.rst.
  removing unused non-port wire \pc0.pc_reg.
  removing unused non-port wire \pc0.npc.
  removing unused non-port wire \pc0.clk.
  removing unused non-port wire \pc0.addr.
  removing unused non-port wire \out_data.
  removing unused non-port wire \jmp_addr.
  removing unused non-port wire \grp0.rst.
  removing unused non-port wire \grp0.clk.
  removing unused non-port wire \byte2bcd0.bytee.
  removing unused non-port wire \byte2bcd0.bcd1.
  removing unused non-port wire \byte2bcd0.bcd0.
  removing unused non-port wire \bcd7seg1.h.
  removing unused non-port wire \bcd7seg1.b.
  removing unused non-port wire \bcd7seg0.h.
  removing unused non-port wire \bcd7seg0.b.
Removed 6 unused cells and 21 unused wires.

15. Executing SPLITNETS pass (splitting up multi-bit signals).

16. Executing AUTONAME pass.
Rename cell $abc$1045$auto$blifparse.cc:397:parse_blif$1241 in top to pc0.next_pc_3__$_NOT__Y.
Rename cell $abc$1045$auto$blifparse.cc:397:parse_blif$1240 in top to pc0.next_pc_2__$_NOT__Y.
Rename cell $abc$1045$auto$blifparse.cc:397:parse_blif$1239 in top to pc0.next_pc_1__$_NOT__Y.
Rename cell $abc$1045$auto$blifparse.cc:397:parse_blif$1236 in top to pc0.next_pc_0__$_NOT__Y.
Rename cell $abc$1045$auto$blifparse.cc:397:parse_blif$1119 in top to grp0.rdata1_6__$_NOT__Y.
Rename cell $abc$1045$auto$blifparse.cc:397:parse_blif$1111 in top to grp0.rdata1_4__$_NOT__Y.
Rename cell $abc$1045$auto$blifparse.cc:397:parse_blif$1103 in top to grp0.rdata1_3__$_NOT__Y.
Rename cell $abc$1045$auto$blifparse.cc:397:parse_blif$1095 in top to grp0.rdata1_1__$_MUX__Y.
Rename cell $abc$1045$auto$blifparse.cc:397:parse_blif$1077 in top to grp0.rdata1_7__$_NOT__Y.
Rename cell $abc$1045$auto$blifparse.cc:397:parse_blif$1069 in top to grp0.rdata1_5__$_NOT__Y.
Rename cell $abc$1045$auto$blifparse.cc:397:parse_blif$1061 in top to grp0.rdata1_2__$_NOT__Y.
Rename cell $abc$1045$auto$blifparse.cc:397:parse_blif$1053 in top to grp0.rdata1_0__$_MUX__Y.
Rename cell $abc$1045$auto$blifparse.cc:397:parse_blif$1046 in top to imm_2__$_NOT__A.
Rename cell $abc$1045$auto$blifparse.cc:397:parse_blif$1284 in top to bcd1_3__$_NOT__A.
Rename cell $abc$1045$auto$blifparse.cc:397:parse_blif$1281 in top to bcd1_0__$_MUX__B.
Rename cell $abc$1045$auto$blifparse.cc:397:parse_blif$1280 in top to bcd1_2__$_MUX__B.
Rename cell $abc$1045$auto$blifparse.cc:397:parse_blif$1278 in top to bcd1_1__$_MUX__B.
Rename cell $abc$1045$auto$blifparse.cc:397:parse_blif$1248 in top to bcd0_3__$_NOT__A.
Rename cell $abc$1045$auto$blifparse.cc:397:parse_blif$1245 in top to bcd0_0__$_MUX__B.
Rename cell $abc$1045$auto$blifparse.cc:397:parse_blif$1244 in top to bcd0_2__$_MUX__B.
Rename cell $abc$1045$auto$blifparse.cc:397:parse_blif$1242 in top to bcd0_1__$_MUX__B.
Rename cell $abc$1045$auto$blifparse.cc:397:parse_blif$1128 in top to npc_3__$_XNOR__B.
Rename cell $abc$1045$auto$blifparse.cc:397:parse_blif$1126 in top to npc_1__$_AND__B.
Rename cell $abc$1045$auto$blifparse.cc:397:parse_blif$1125 in top to npc_2__$_NOT__A.
Rename cell $abc$1045$auto$blifparse.cc:397:parse_blif$1050 in top to imm_3__$_NOT__A.
Rename cell $flatten\grp0.$display$0x5555941c2120:22$39 in top to grp0.gprs[3]_2__$print_ARGS.
Rename cell $flatten\grp0.$display$0x5555941c2120:21$37 in top to grp0.gprs[2]_2__$print_ARGS.
Rename cell $flatten\grp0.$display$0x5555941c2120:20$35 in top to grp0.gprs[1]_2__$print_ARGS.
Rename cell $flatten\grp0.$display$0x5555941c2120:19$33 in top to grp0.gprs[0]_2__$print_ARGS.
Rename cell $abc$1045$auto$blifparse.cc:397:parse_blif$1237 in top to npc_1__$_XNOR__B.
Rename cell $abc$1045$auto$blifparse.cc:397:parse_blif$1235 in top to npc_0__$_MUX__A.
Rename cell $abc$1045$auto$blifparse.cc:397:parse_blif$1181 in top to grp0.waddr_0__$_NOT__A.
Rename cell $abc$1045$auto$blifparse.cc:397:parse_blif$1143 in top to grp0.gprs[3]_1__$_NOT__A.
Rename cell $abc$1045$auto$blifparse.cc:397:parse_blif$1142 in top to grp0.gprs[2]_1__$_NOT__A.
Rename cell $abc$1045$auto$blifparse.cc:397:parse_blif$1140 in top to grp0.gprs[1]_1__$_NOT__A.
Rename cell $abc$1045$auto$blifparse.cc:397:parse_blif$1139 in top to grp0.gprs[0]_1__$_NOT__A.
Rename cell $abc$1045$auto$blifparse.cc:397:parse_blif$1135 in top to grp0.gprs[3]_0__$_NOT__A.
Rename cell $abc$1045$auto$blifparse.cc:397:parse_blif$1134 in top to grp0.gprs[2]_0__$_NOT__A.
Rename cell $abc$1045$auto$blifparse.cc:397:parse_blif$1132 in top to grp0.gprs[1]_0__$_NOT__A.
Rename cell $abc$1045$auto$blifparse.cc:397:parse_blif$1131 in top to grp0.gprs[0]_0__$_NOT__A.
Rename cell $abc$1045$auto$blifparse.cc:397:parse_blif$1124 in top to grp0.waddr_1__$_NOT__A.
Rename cell $abc$1045$auto$blifparse.cc:397:parse_blif$1116 in top to grp0.gprs[3]_6__$_NOT__A.
Rename cell $abc$1045$auto$blifparse.cc:397:parse_blif$1115 in top to grp0.gprs[2]_6__$_NOT__A.
Rename cell $abc$1045$auto$blifparse.cc:397:parse_blif$1113 in top to grp0.gprs[1]_6__$_NOT__A.
Rename cell $abc$1045$auto$blifparse.cc:397:parse_blif$1112 in top to grp0.gprs[0]_6__$_NOT__A.
Rename cell $abc$1045$auto$blifparse.cc:397:parse_blif$1108 in top to grp0.gprs[3]_4__$_NOT__A.
Rename cell $abc$1045$auto$blifparse.cc:397:parse_blif$1107 in top to grp0.gprs[2]_4__$_NOT__A.
Rename cell $abc$1045$auto$blifparse.cc:397:parse_blif$1105 in top to grp0.gprs[1]_4__$_NOT__A.
Rename cell $abc$1045$auto$blifparse.cc:397:parse_blif$1104 in top to grp0.gprs[0]_4__$_NOT__A.
Rename cell $abc$1045$auto$blifparse.cc:397:parse_blif$1100 in top to grp0.gprs[3]_3__$_NOT__A.
Rename cell $abc$1045$auto$blifparse.cc:397:parse_blif$1099 in top to grp0.gprs[2]_3__$_NOT__A.
Rename cell $abc$1045$auto$blifparse.cc:397:parse_blif$1097 in top to grp0.gprs[1]_3__$_NOT__A.
Rename cell $abc$1045$auto$blifparse.cc:397:parse_blif$1096 in top to grp0.gprs[0]_3__$_NOT__A.
Rename cell $abc$1045$auto$blifparse.cc:397:parse_blif$1094 in top to grp0.gprs[3]_1__$_MUX__A.
Rename cell $abc$1045$auto$blifparse.cc:397:parse_blif$1093 in top to grp0.gprs[1]_1__$_MUX__A.
Rename cell $abc$1045$auto$blifparse.cc:397:parse_blif$1083 in top to grp0.waddr_1__$_ANDNOT__B.
Rename cell $abc$1045$auto$blifparse.cc:397:parse_blif$1082 in top to grp0.waddr_0__$_ANDNOT__B.
Rename cell $abc$1045$auto$blifparse.cc:397:parse_blif$1078 in top to inst_6__$_OR__A.
Rename cell $abc$1045$auto$blifparse.cc:397:parse_blif$1074 in top to grp0.gprs[3]_7__$_NOT__A.
Rename cell $abc$1045$auto$blifparse.cc:397:parse_blif$1073 in top to grp0.gprs[2]_7__$_NOT__A.
Rename cell $abc$1045$auto$blifparse.cc:397:parse_blif$1071 in top to grp0.gprs[1]_7__$_NOT__A.
Rename cell $abc$1045$auto$blifparse.cc:397:parse_blif$1070 in top to grp0.gprs[0]_7__$_NOT__A.
Rename cell $abc$1045$auto$blifparse.cc:397:parse_blif$1066 in top to grp0.gprs[3]_5__$_NOT__A.
Rename cell $abc$1045$auto$blifparse.cc:397:parse_blif$1065 in top to grp0.gprs[2]_5__$_NOT__A.
Rename cell $abc$1045$auto$blifparse.cc:397:parse_blif$1063 in top to grp0.gprs[1]_5__$_NOT__A.
Rename cell $abc$1045$auto$blifparse.cc:397:parse_blif$1062 in top to grp0.gprs[0]_5__$_NOT__A.
Rename cell $abc$1045$auto$blifparse.cc:397:parse_blif$1058 in top to grp0.gprs[3]_2__$_NOT__A.
Rename cell $abc$1045$auto$blifparse.cc:397:parse_blif$1057 in top to grp0.gprs[2]_2__$_NOT__A.
Rename cell $abc$1045$auto$blifparse.cc:397:parse_blif$1055 in top to grp0.gprs[1]_2__$_NOT__A.
Rename cell $abc$1045$auto$blifparse.cc:397:parse_blif$1054 in top to grp0.gprs[0]_2__$_NOT__A.
Rename cell $abc$1045$auto$blifparse.cc:397:parse_blif$1052 in top to grp0.gprs[3]_0__$_MUX__A.
Rename cell $abc$1045$auto$blifparse.cc:397:parse_blif$1049 in top to grp0.gprs[1]_0__$_MUX__A.
Rename cell $abc$1045$auto$blifparse.cc:397:parse_blif$1047 in top to inst_6__$_AND__A.
Rename cell $abc$1045$auto$blifparse.cc:397:parse_blif$1316 in top to rst_$_ANDNOT__A.
Rename cell $abc$1045$auto$blifparse.cc:397:parse_blif$1315 in top to rst_$_ANDNOT__A_1.
Rename cell $abc$1045$auto$blifparse.cc:397:parse_blif$1193 in top to grp0.rdata1_1__$_ANDNOT__A.
Rename cell $abc$1045$auto$blifparse.cc:397:parse_blif$1189 in top to grp0.rdata1_0__$_ORNOT__B.
Rename cell $abc$1045$auto$blifparse.cc:397:parse_blif$1186 in top to inst_7__$_ORNOT__A.
Rename cell $abc$1045$auto$blifparse.cc:397:parse_blif$1184 in top to rst_$_ANDNOT__A_2.
Rename cell $abc$1045$auto$blifparse.cc:397:parse_blif$1180 in top to rst_$_ANDNOT__A_3.
Rename cell $abc$1045$auto$blifparse.cc:397:parse_blif$1146 in top to grp0.rdata1_1__$_XNOR__B.
Rename cell $abc$1045$auto$blifparse.cc:397:parse_blif$1138 in top to grp0.rdata1_0__$_XOR__B.
Rename cell $abc$1045$auto$blifparse.cc:397:parse_blif$1120 in top to rst_$_NOT__A.
Rename cell $abc$1045$auto$blifparse.cc:397:parse_blif$1085 in top to rst_$_NAND__B.
Rename cell $abc$1045$auto$blifparse.cc:397:parse_blif$1081 in top to rst_$_ANDNOT__A_4.
Rename cell $abc$1045$auto$blifparse.cc:397:parse_blif$1079 in top to inst_7__$_ANDNOT__A.
Rename cell $abc$1045$auto$blifparse.cc:397:parse_blif$1173 in top to grp0.raddr2_1__$_MUX__S.
Rename cell $abc$1045$auto$blifparse.cc:397:parse_blif$1172 in top to grp0.raddr2_0__$_MUX__S.
Rename cell $abc$1045$auto$blifparse.cc:397:parse_blif$1171 in top to grp0.raddr2_0__$_MUX__S_1.
Rename cell $abc$1045$auto$blifparse.cc:397:parse_blif$1169 in top to grp0.raddr2_1__$_MUX__S_1.
Rename cell $abc$1045$auto$blifparse.cc:397:parse_blif$1168 in top to grp0.raddr2_0__$_MUX__S_2.
Rename cell $abc$1045$auto$blifparse.cc:397:parse_blif$1167 in top to grp0.raddr2_0__$_MUX__S_3.
Rename cell $abc$1045$auto$blifparse.cc:397:parse_blif$1164 in top to grp0.raddr2_1__$_MUX__S_2.
Rename cell $abc$1045$auto$blifparse.cc:397:parse_blif$1163 in top to grp0.raddr2_0__$_MUX__S_4.
Rename cell $abc$1045$auto$blifparse.cc:397:parse_blif$1162 in top to grp0.raddr2_0__$_MUX__S_5.
Rename cell $abc$1045$auto$blifparse.cc:397:parse_blif$1160 in top to grp0.raddr2_1__$_MUX__S_3.
Rename cell $abc$1045$auto$blifparse.cc:397:parse_blif$1159 in top to grp0.raddr2_0__$_MUX__S_6.
Rename cell $abc$1045$auto$blifparse.cc:397:parse_blif$1158 in top to grp0.raddr2_0__$_MUX__S_7.
Rename cell $abc$1045$auto$blifparse.cc:397:parse_blif$1154 in top to grp0.raddr2_1__$_MUX__S_4.
Rename cell $abc$1045$auto$blifparse.cc:397:parse_blif$1153 in top to grp0.raddr2_0__$_MUX__S_8.
Rename cell $abc$1045$auto$blifparse.cc:397:parse_blif$1152 in top to grp0.raddr2_0__$_MUX__S_9.
Rename cell $abc$1045$auto$blifparse.cc:397:parse_blif$1150 in top to grp0.raddr2_1__$_MUX__S_5.
Rename cell $abc$1045$auto$blifparse.cc:397:parse_blif$1149 in top to grp0.raddr2_0__$_MUX__S_10.
Rename cell $abc$1045$auto$blifparse.cc:397:parse_blif$1148 in top to grp0.raddr2_0__$_MUX__S_11.
Rename cell $abc$1045$auto$blifparse.cc:397:parse_blif$1145 in top to grp0.raddr2_1__$_MUX__S_6.
Rename cell $abc$1045$auto$blifparse.cc:397:parse_blif$1144 in top to grp0.raddr2_0__$_MUX__S_12.
Rename cell $abc$1045$auto$blifparse.cc:397:parse_blif$1141 in top to grp0.raddr2_0__$_MUX__S_13.
Rename cell $abc$1045$auto$blifparse.cc:397:parse_blif$1137 in top to grp0.raddr2_1__$_MUX__S_7.
Rename cell $abc$1045$auto$blifparse.cc:397:parse_blif$1136 in top to grp0.raddr2_0__$_MUX__S_14.
Rename cell $abc$1045$auto$blifparse.cc:397:parse_blif$1133 in top to grp0.raddr2_0__$_MUX__S_15.
Rename cell $abc$1045$auto$blifparse.cc:397:parse_blif$1130 in top to grp0.raddr2_0__$_NOT__A.
Rename cell $abc$1045$auto$blifparse.cc:397:parse_blif$1129 in top to grp0.raddr2_1__$_NOT__A.
Renamed 112 objects in module top (6 iterations).

17. Executing CLOCK_GATE pass (extract clock gating out of flip flops).
maybe valid icg: ICGNX0P5H7L
\ICGNX0P5H7L is the first of its polarity
maybe valid icg: ICGNX1H7L
ties: 0 ? 0
area: 5.600000 ? 5.600000
maybe valid icg: ICGNX2H7L
ties: 0 ? 0
area: 5.600000 ? 5.880000
maybe valid icg: ICGNX3H7L
ties: 0 ? 0
area: 5.600000 ? 5.880000
maybe valid icg: ICGNX4H7L
ties: 0 ? 0
area: 5.600000 ? 6.160000
maybe valid icg: ICGX0P5H7L
\ICGX0P5H7L is the first of its polarity
maybe valid icg: ICGX1H7L
ties: 0 ? 0
area: 6.160000 ? 6.160000
maybe valid icg: ICGX2H7L
ties: 0 ? 0
area: 6.160000 ? 6.440000
maybe valid icg: ICGX3H7L
ties: 0 ? 0
area: 6.160000 ? 6.720000
maybe valid icg: ICGX4H7L
ties: 0 ? 0
area: 6.160000 ? 6.720000
Selected rising edge ICG \ICGX0P5H7L from Liberty file
Selected falling edge ICG \ICGNX0P5H7L from Liberty file
Fix up FF \bcd1_3__reg_p
Fix up FF \bcd1_2__reg_p
Fix up FF \bcd1_1__reg_p
Fix up FF \bcd1_0__reg_p
Fix up FF \bcd0_3__reg_p
Fix up FF \bcd0_2__reg_p
Fix up FF \bcd0_1__reg_p
Fix up FF \bcd0_0__reg_p
Fix up FF \grp0.gprs[3]_7__reg_p
Fix up FF \grp0.gprs[3]_6__reg_p
Fix up FF \grp0.gprs[3]_5__reg_p
Fix up FF \grp0.gprs[3]_4__reg_p
Fix up FF \grp0.gprs[3]_3__reg_p
Fix up FF \grp0.gprs[3]_2__reg_p
Fix up FF \grp0.gprs[3]_1__reg_p
Fix up FF \grp0.gprs[3]_0__reg_p
Fix up FF \grp0.gprs[0]_7__reg_p
Fix up FF \grp0.gprs[0]_6__reg_p
Fix up FF \grp0.gprs[0]_5__reg_p
Fix up FF \grp0.gprs[0]_4__reg_p
Fix up FF \grp0.gprs[0]_3__reg_p
Fix up FF \grp0.gprs[0]_2__reg_p
Fix up FF \grp0.gprs[0]_1__reg_p
Fix up FF \grp0.gprs[0]_0__reg_p
Fix up FF \grp0.gprs[1]_7__reg_p
Fix up FF \grp0.gprs[1]_6__reg_p
Fix up FF \grp0.gprs[1]_5__reg_p
Fix up FF \grp0.gprs[1]_4__reg_p
Fix up FF \grp0.gprs[1]_3__reg_p
Fix up FF \grp0.gprs[1]_2__reg_p
Fix up FF \grp0.gprs[1]_1__reg_p
Fix up FF \grp0.gprs[1]_0__reg_p
Fix up FF \grp0.gprs[2]_7__reg_p
Fix up FF \grp0.gprs[2]_6__reg_p
Fix up FF \grp0.gprs[2]_5__reg_p
Fix up FF \grp0.gprs[2]_4__reg_p
Fix up FF \grp0.gprs[2]_3__reg_p
Fix up FF \grp0.gprs[2]_2__reg_p
Fix up FF \grp0.gprs[2]_1__reg_p
Fix up FF \grp0.gprs[2]_0__reg_p
Converted 40 FFs.

18. Executing DFFLIBMAP pass (mapping DFF cells to sequential cells from liberty file).
Inference failed on expression '(D * !SE) + (D * SI) + (SE * SI)' in next_state attribute of cell 'SDFFNRX0P5H7L' because it does not contain ff output 'IQ' - skipping.
Inference failed on expression '(D * !SE) + (D * SI) + (SE * SI)' in next_state attribute of cell 'SDFFNRX1H7L' because it does not contain ff output 'IQ' - skipping.
Inference failed on expression '(D * !SE) + (D * SI) + (SE * SI)' in next_state attribute of cell 'SDFFNRX2H7L' because it does not contain ff output 'IQ' - skipping.
Inference failed on expression '(D * !SE) + (D * SI) + (SE * SI)' in next_state attribute of cell 'SDFFNRX3H7L' because it does not contain ff output 'IQ' - skipping.
Inference failed on expression '(D * !SE) + (D * SI) + (SE * SI)' in next_state attribute of cell 'SDFFNSX0P5H7L' because it does not contain ff output 'IQ' - skipping.
Inference failed on expression '(D * !SE) + (D * SI) + (SE * SI)' in next_state attribute of cell 'SDFFNSX1H7L' because it does not contain ff output 'IQ' - skipping.
Inference failed on expression '(D * !SE) + (D * SI) + (SE * SI)' in next_state attribute of cell 'SDFFNSX2H7L' because it does not contain ff output 'IQ' - skipping.
Inference failed on expression '(D * !SE) + (D * SI) + (SE * SI)' in next_state attribute of cell 'SDFFNX0P5H7L' because it does not contain ff output 'IQ' - skipping.
  cell DFFNQX2H7L (noninv, pins=3, area=6.44) is a direct match for cell type $_DFF_N_.
Inference failed on expression '(D * RN)' in next_state attribute of cell 'DFFTRQX0P5H7L' because it does not contain ff output 'IQ' - skipping.
Inference failed on expression '(D * RN)' in next_state attribute of cell 'DFFTRQX1H7L' because it does not contain ff output 'IQ' - skipping.
Inference failed on expression '(D * RN)' in next_state attribute of cell 'DFFTRQX2H7L' because it does not contain ff output 'IQ' - skipping.
Inference failed on expression '(D * E * !SE) + (D * E * SI) + (SE * SI) + ((!E * !SE)) * IQ' in next_state attribute of cell 'ESDFFQX0P5H7L' because it does not evaluate to an enable flop - skipping.
Inference failed on expression '(D * E * !SE) + (D * E * SI) + (SE * SI) + ((!E * !SE)) * IQ' in next_state attribute of cell 'ESDFFQX1H7L' because it does not evaluate to an enable flop - skipping.
Inference failed on expression '(D * E * !SE) + (D * E * SI) + (SE * SI) + ((!E * !SE)) * IQ' in next_state attribute of cell 'ESDFFQX2H7L' because it does not evaluate to an enable flop - skipping.
Inference failed on expression '(D * !SE) + (D * SI) + (SE * SI)' in next_state attribute of cell 'SDFFQX0P5H7L' because it does not contain ff output 'IQ' - skipping.
Inference failed on expression '(D * !SE) + (D * SI) + (SE * SI)' in next_state attribute of cell 'SDFFQX1H7L' because it does not contain ff output 'IQ' - skipping.
Inference failed on expression '(D * !SE) + (D * SI) + (SE * SI)' in next_state attribute of cell 'SDFFQX2H7L' because it does not contain ff output 'IQ' - skipping.
Inference failed on expression '(D * !SE) + (D * SI) + (SE * SI)' in next_state attribute of cell 'SDFFQX3H7L' because it does not contain ff output 'IQ' - skipping.
Inference failed on expression '(D * !SE) + (D * SI) + (SE * SI)' in next_state attribute of cell 'SDFFRQX0P5H7L' because it does not contain ff output 'IQ' - skipping.
Inference failed on expression '(D * !SE) + (D * SI) + (SE * SI)' in next_state attribute of cell 'SDFFRQX1H7L' because it does not contain ff output 'IQ' - skipping.
Inference failed on expression '(D * !SE) + (D * SI) + (SE * SI)' in next_state attribute of cell 'SDFFRQX2H7L' because it does not contain ff output 'IQ' - skipping.
Inference failed on expression '(D * !SE) + (D * SI) + (SE * SI)' in next_state attribute of cell 'SDFFSRQX1H7L' because it does not contain ff output 'IQ' - skipping.
Inference failed on expression '(D * !SE) + (D * SI) + (SE * SI)' in next_state attribute of cell 'SDFFSRQX2H7L' because it does not contain ff output 'IQ' - skipping.
Inference failed on expression '(D * !SE) + (D * SI) + (SE * SI)' in next_state attribute of cell 'SDFFSRX0P5H7L' because it does not contain ff output 'IQ' - skipping.
Inference failed on expression '(D * !SE) + (D * SI) + (SE * SI)' in next_state attribute of cell 'SDFFSRX1H7L' because it does not contain ff output 'IQ' - skipping.
Inference failed on expression '(D * !SE) + (D * SI) + (SE * SI)' in next_state attribute of cell 'SDFFSRX2H7L' because it does not contain ff output 'IQ' - skipping.
Inference failed on expression '(D * !SE) + (D * SI) + (SE * SI)' in next_state attribute of cell 'SDFFSX0P5H7L' because it does not contain ff output 'IQ' - skipping.
Inference failed on expression '(D * !SE) + (D * SI) + (SE * SI)' in next_state attribute of cell 'SDFFSX1H7L' because it does not contain ff output 'IQ' - skipping.
Inference failed on expression '(D * !SE) + (D * SI) + (SE * SI)' in next_state attribute of cell 'SDFFSX2H7L' because it does not contain ff output 'IQ' - skipping.
Inference failed on expression '(D * RN * !SE) + (D * RN * SI) + (SE * SI)' in next_state attribute of cell 'SDFFTRQX0P5H7L' because it does not contain ff output 'IQ' - skipping.
Inference failed on expression '(D * RN * !SE) + (D * RN * SI) + (SE * SI)' in next_state attribute of cell 'SDFFTRQX1H7L' because it does not contain ff output 'IQ' - skipping.
Inference failed on expression '(D * RN * !SE) + (D * RN * SI) + (SE * SI)' in next_state attribute of cell 'SDFFTRQX2H7L' because it does not contain ff output 'IQ' - skipping.
Inference failed on expression '(D * RN * !SE) + (D * RN * SI) + (SE * SI)' in next_state attribute of cell 'SDFFTRQX3H7L' because it does not contain ff output 'IQ' - skipping.
Inference failed on expression '(D * !SE) + (D * SI) + (SE * SI)' in next_state attribute of cell 'SDFFX0P5H7L' because it does not contain ff output 'IQ' - skipping.
Inference failed on expression '(D * !SE) + (D * SI) + (SE * SI)' in next_state attribute of cell 'SDFFX1H7L' because it does not contain ff output 'IQ' - skipping.
Inference failed on expression '(D * !SE) + (D * SI) + (SE * SI)' in next_state attribute of cell 'SDFFX2H7L' because it does not contain ff output 'IQ' - skipping.
Inference failed on expression '(D * !SE) + (D * SI) + (SE * SI)' in next_state attribute of cell 'SDFFX3H7L' because it does not contain ff output 'IQ' - skipping.
  cell DFFQX1H7L (noninv, pins=3, area=6.16) is a direct match for cell type $_DFF_P_.
  cell DFFNRX0P5H7L (noninv, pins=5, area=8.40) is a direct match for cell type $_DFF_NN0_.
  cell DFFNSX2H7L (noninv, pins=5, area=9.24) is a direct match for cell type $_DFF_NN1_.
  cell DFFRQX2H7L (noninv, pins=4, area=7.84) is a direct match for cell type $_DFF_PN0_.
  cell DFFSQX2H7L (noninv, pins=4, area=8.12) is a direct match for cell type $_DFF_PN1_.
  cell DFFNSRX2H7L (noninv, pins=6, area=10.08) is a direct match for cell type $_DFFSR_NNN_.
  cell DFFSRQX1H7L (noninv, pins=5, area=9.24) is a direct match for cell type $_DFFSR_PNN_.
  final dff cell mappings:
    \DFFNQX2H7L _DFF_N_ (.CKN( C), .D( D), .Q( Q));
    \DFFQX1H7L _DFF_P_ (.CK( C), .D( D), .Q( Q));
    \DFFNRX0P5H7L _DFF_NN0_ (.CKN( C), .D( D), .Q( Q), .QN(~Q), .RN( R));
    \DFFNSX2H7L _DFF_NN1_ (.CKN( C), .D( D), .Q( Q), .QN(~Q), .SN( R));
    unmapped dff cell: $_DFF_NP0_
    unmapped dff cell: $_DFF_NP1_
    \DFFRQX2H7L _DFF_PN0_ (.CK( C), .D( D), .Q( Q), .RN( R));
    \DFFSQX2H7L _DFF_PN1_ (.CK( C), .D( D), .Q( Q), .SN( R));
    unmapped dff cell: $_DFF_PP0_
    unmapped dff cell: $_DFF_PP1_
    unmapped dff cell: $_DFFE_NN_
    unmapped dff cell: $_DFFE_NP_
    unmapped dff cell: $_DFFE_PN_
    unmapped dff cell: $_DFFE_PP_
    \DFFNSRX2H7L _DFFSR_NNN_ (.CKN( C), .D( D), .Q( Q), .QN(~Q), .RN( R), .SN( S));
    unmapped dff cell: $_DFFSR_NNP_
    unmapped dff cell: $_DFFSR_NPN_
    unmapped dff cell: $_DFFSR_NPP_
    \DFFSRQX1H7L _DFFSR_PNN_ (.CK( C), .D( D), .Q( Q), .RN( R), .SN( S));
    unmapped dff cell: $_DFFSR_PNP_
    unmapped dff cell: $_DFFSR_PPN_
    unmapped dff cell: $_DFFSR_PPP_

18.1. Executing DFFLEGALIZE pass (convert FFs to types supported by the target).
Mapping DFF cells in module `\top':
  mapped 66 $_DFF_P_ cells to \DFFQX1H7L cells.

19. Executing OPT pass (performing simple optimizations).

19.1. Executing OPT_EXPR pass (perform const folding).
Optimizing module top.

19.2. Executing OPT_MERGE pass (detect identical cells).
Finding identical cells in module `\top'.
Removed a total of 0 cells.

19.3. Executing OPT_MUXTREE pass (detect dead branches in mux trees).
Running muxtree optimizer on module \top..
  Creating internal representation of mux trees.
  No muxes found in this module.
Removed 0 multiplexer ports.

19.4. Executing OPT_REDUCE pass (consolidate $*mux and $reduce_* inputs).
  Optimizing cells in module \top.
Performed a total of 0 changes.

19.5. Executing OPT_MERGE pass (detect identical cells).
Finding identical cells in module `\top'.
Removed a total of 0 cells.

19.6. Executing OPT_DFF pass (perform DFF optimizations).

19.7. Executing OPT_CLEAN pass (remove unused cells and wires).
Finding unused cells or wires in module \top..
  removing unused non-port wire \imm_0_.
  removing unused non-port wire \imm_1_.
  removing unused non-port wire \inst_0_.
  removing unused non-port wire \inst_1_.
  removing unused non-port wire \inst_2_.
  removing unused non-port wire \inst_3_.
  removing unused non-port wire \inst_4_.
  removing unused non-port wire \inst_5_.
Removed 0 unused cells and 8 unused wires.

19.8. Executing OPT_EXPR pass (perform const folding).
Optimizing module top.

19.9. Rerunning OPT passes. (Maybe there is more to do..)

19.10. Executing OPT_MUXTREE pass (detect dead branches in mux trees).
Running muxtree optimizer on module \top..
  Creating internal representation of mux trees.
  No muxes found in this module.
Removed 0 multiplexer ports.

19.11. Executing OPT_REDUCE pass (consolidate $*mux and $reduce_* inputs).
  Optimizing cells in module \top.
Performed a total of 0 changes.

19.12. Executing OPT_MERGE pass (detect identical cells).
Finding identical cells in module `\top'.
Removed a total of 0 cells.

19.13. Executing OPT_DFF pass (perform DFF optimizations).

19.14. Executing OPT_CLEAN pass (remove unused cells and wires).
Finding unused cells or wires in module \top..

19.15. Executing OPT_EXPR pass (perform const folding).
Optimizing module top.

19.16. Finished fast OPT passes. (There is nothing left to do.)
[INFO]: USING STRATEGY DELAY-4

20. Executing ABC pass (technology mapping using ABC).

20.1. Extracting gate netlist of module `\top' to `/tmp/yosys-abc-AmKjZj/input.blif'..

20.1.1. Executed ABC.
Extracted 319 gates and 374 wires to a netlist network with 53 inputs and 71 outputs.
Running ABC script: /tmp/yosys-abc-AmKjZj/abc.script
ABC: UC Berkeley, ABC 1.01 (compiled Dec 23 2025 02:46:19)
ABC: abc 01> empty
ABC: abc 01> source /tmp/yosys-abc-AmKjZj/abc.script
ABC: + read_blif /tmp/yosys-abc-AmKjZj/input.blif 
ABC: + read_lib -X LAT* -w /home/d5/software/yosys-sta/scripts/../pdk/icsprout55/IP/STD_cell/ics55_LLSC_H7C_V1p10C100/ics55_LLSC_H7CL/liberty/ics55_LLSC_H7CL_typ_tt_1p2_25_nldm.lib 
ABC: Parsing finished successfully.  Parsing time =     0.42 sec
ABC: Scl_LibertyReadGenlib() skipped sequential cell "DFFNQX1H7L".
ABC: Scl_LibertyReadGenlib() skipped sequential cell "DFFNQX2H7L".
ABC: Scl_LibertyReadGenlib() skipped sequential cell "DFFNQX3H7L".
ABC: Scl_LibertyReadGenlib() skipped sequential cell "DFFNRX0P5H7L".
ABC: Scl_LibertyReadGenlib() skipped sequential cell "DFFNRX1H7L".
ABC: Scl_LibertyReadGenlib() skipped sequential cell "DFFNRX2H7L".
ABC: Scl_LibertyReadGenlib() skipped sequential cell "DFFNRX4H7L".
ABC: Scl_LibertyReadGenlib() skipped sequential cell "DFFNSRX0P5H7L".
ABC: Scl_LibertyReadGenlib() skipped sequential cell "DFFNSRX1H7L".
ABC: Scl_LibertyReadGenlib() skipped sequential cell "DFFNSRX2H7L".
ABC: Scl_LibertyReadGenlib() skipped sequential cell "DFFNSX0P5H7L".
ABC: Scl_LibertyReadGenlib() skipped sequential cell "DFFNSX1H7L".
ABC: Scl_LibertyReadGenlib() skipped sequential cell "DFFNSX2H7L".
ABC: Scl_LibertyReadGenlib() skipped sequential cell "DFFNX0P5H7L".
ABC: Scl_LibertyReadGenlib() skipped sequential cell "DFFNX1H7L".
ABC: Scl_LibertyReadGenlib() skipped sequential cell "DFFNX2H7L".
ABC: Scl_LibertyReadGenlib() skipped sequential cell "DFFNX3H7L".
ABC: Scl_LibertyReadGenlib() skipped sequential cell "DFFQX0P5H7L".
ABC: Scl_LibertyReadGenlib() skipped sequential cell "DFFQX1H7L".
ABC: Scl_LibertyReadGenlib() skipped sequential cell "DFFQX2H7L".
ABC: Scl_LibertyReadGenlib() skipped sequential cell "DFFQX3H7L".
ABC: Scl_LibertyReadGenlib() skipped sequential cell "DFFRQNX1H7L".
ABC: Scl_LibertyReadGenlib() skipped sequential cell "DFFRQNX2H7L".
ABC: Scl_LibertyReadGenlib() skipped sequential cell "DFFRQX0P5H7L".
ABC: Scl_LibertyReadGenlib() skipped sequential cell "DFFRQX1H7L".
ABC: Scl_LibertyReadGenlib() skipped sequential cell "DFFRQX2H7L".
ABC: Scl_LibertyReadGenlib() skipped sequential cell "DFFRX0P5H7L".
ABC: Scl_LibertyReadGenlib() skipped sequential cell "DFFRX1H7L".
ABC: Scl_LibertyReadGenlib() skipped sequential cell "DFFRX2H7L".
ABC: Scl_LibertyReadGenlib() skipped sequential cell "DFFRX3H7L".
ABC: Scl_LibertyReadGenlib() skipped sequential cell "DFFSQNX1H7L".
ABC: Scl_LibertyReadGenlib() skipped sequential cell "DFFSQNX2H7L".
ABC: Scl_LibertyReadGenlib() skipped sequential cell "DFFSQX1H7L".
ABC: Scl_LibertyReadGenlib() skipped sequential cell "DFFSQX2H7L".
ABC: Scl_LibertyReadGenlib() skipped sequential cell "DFFSRQX1H7L".
ABC: Scl_LibertyReadGenlib() skipped sequential cell "DFFSRQX2H7L".
ABC: Scl_LibertyReadGenlib() skipped sequential cell "DFFSRX0P5H7L".
ABC: Scl_LibertyReadGenlib() skipped sequential cell "DFFSRX1H7L".
ABC: Scl_LibertyReadGenlib() skipped sequential cell "DFFSRX2H7L".
ABC: Scl_LibertyReadGenlib() skipped sequential cell "DFFSX0P5H7L".
ABC: Scl_LibertyReadGenlib() skipped sequential cell "DFFSX1H7L".
ABC: Scl_LibertyReadGenlib() skipped sequential cell "DFFSX2H7L".
ABC: Scl_LibertyReadGenlib() skipped sequential cell "DFFTRQX0P5H7L".
ABC: Scl_LibertyReadGenlib() skipped sequential cell "DFFTRQX1H7L".
ABC: Scl_LibertyReadGenlib() skipped sequential cell "DFFTRQX2H7L".
ABC: Scl_LibertyReadGenlib() skipped sequential cell "DFFX0P5H7L".
ABC: Scl_LibertyReadGenlib() skipped sequential cell "DFFX1H7L".
ABC: Scl_LibertyReadGenlib() skipped sequential cell "DFFX2H7L".
ABC: Scl_LibertyReadGenlib() skipped sequential cell "DFFX3H7L".
ABC: Scl_LibertyReadGenlib() skipped sequential cell "ESDFFQX0P5H7L".
ABC: Scl_LibertyReadGenlib() skipped sequential cell "ESDFFQX1H7L".
ABC: Scl_LibertyReadGenlib() skipped sequential cell "ESDFFQX2H7L".
ABC: Scl_LibertyReadGenlib() skipped cell "FILLCAP16H7L" without logic function.
ABC: Scl_LibertyReadGenlib() skipped cell "FILLCAP32H7L" without logic function.
ABC: Scl_LibertyReadGenlib() skipped cell "FILLCAP4H7L" without logic function.
ABC: Scl_LibertyReadGenlib() skipped cell "FILLCAP8H7L" without logic function.
ABC: Scl_LibertyReadGenlib() skipped cell "ICGNX0P5H7L" without logic function.
ABC: Scl_LibertyReadGenlib() skipped cell "ICGNX1H7L" without logic function.
ABC: Scl_LibertyReadGenlib() skipped cell "ICGNX2H7L" without logic function.
ABC: Scl_LibertyReadGenlib() skipped cell "ICGNX3H7L" without logic function.
ABC: Scl_LibertyReadGenlib() skipped cell "ICGNX4H7L" without logic function.
ABC: Scl_LibertyReadGenlib() skipped cell "ICGX0P5H7L" without logic function.
ABC: Scl_LibertyReadGenlib() skipped cell "ICGX1H7L" without logic function.
ABC: Scl_LibertyReadGenlib() skipped cell "ICGX2H7L" without logic function.
ABC: Scl_LibertyReadGenlib() skipped cell "ICGX3H7L" without logic function.
ABC: Scl_LibertyReadGenlib() skipped cell "ICGX4H7L" without logic function.
ABC: Scl_LibertyReadGenlib() skipped sequential cell "LATHRX0P5H7L".
ABC: Scl_LibertyReadGenlib() skipped sequential cell "LATHRX1H7L".
ABC: Scl_LibertyReadGenlib() skipped sequential cell "LATHRX2H7L".
ABC: Scl_LibertyReadGenlib() skipped sequential cell "LATHSRX0P5H7L".
ABC: Scl_LibertyReadGenlib() skipped sequential cell "LATHSRX1H7L".
ABC: Scl_LibertyReadGenlib() skipped sequential cell "LATHSRX2H7L".
ABC: Scl_LibertyReadGenlib() skipped sequential cell "LATHSX0P5H7L".
ABC: Scl_LibertyReadGenlib() skipped sequential cell "LATHSX1H7L".
ABC: Scl_LibertyReadGenlib() skipped sequential cell "LATHSX2H7L".
ABC: Scl_LibertyReadGenlib() skipped sequential cell "LATHX0P5H7L".
ABC: Scl_LibertyReadGenlib() skipped sequential cell "LATHX1H7L".
ABC: Scl_LibertyReadGenlib() skipped sequential cell "LATHX2H7L".
ABC: Scl_LibertyReadGenlib() skipped sequential cell "LATHX3H7L".
ABC: Scl_LibertyReadGenlib() skipped sequential cell "LATHX4H7L".
ABC: Scl_LibertyReadGenlib() skipped sequential cell "LATLRX0P5H7L".
ABC: Scl_LibertyReadGenlib() skipped sequential cell "LATLRX1H7L".
ABC: Scl_LibertyReadGenlib() skipped sequential cell "LATLRX2H7L".
ABC: Scl_LibertyReadGenlib() skipped sequential cell "LATLSRX0P5H7L".
ABC: Scl_LibertyReadGenlib() skipped sequential cell "LATLSRX1H7L".
ABC: Scl_LibertyReadGenlib() skipped sequential cell "LATLSRX2H7L".
ABC: Scl_LibertyReadGenlib() skipped sequential cell "LATLSX0P5H7L".
ABC: Scl_LibertyReadGenlib() skipped sequential cell "LATLSX1H7L".
ABC: Scl_LibertyReadGenlib() skipped sequential cell "LATLSX2H7L".
ABC: Scl_LibertyReadGenlib() skipped sequential cell "LATLX0P5H7L".
ABC: Scl_LibertyReadGenlib() skipped sequential cell "LATLX1H7L".
ABC: Scl_LibertyReadGenlib() skipped sequential cell "LATLX2H7L".
ABC: Scl_LibertyReadGenlib() skipped sequential cell "LATLX3H7L".
ABC: Scl_LibertyReadGenlib() skipped sequential cell "LATLX4H7L".
ABC: Scl_LibertyReadGenlib() skipped sequential cell "SDFFNRX0P5H7L".
ABC: Scl_LibertyReadGenlib() skipped sequential cell "SDFFNRX1H7L".
ABC: Scl_LibertyReadGenlib() skipped sequential cell "SDFFNRX2H7L".
ABC: Scl_LibertyReadGenlib() skipped sequential cell "SDFFNRX3H7L".
ABC: Scl_LibertyReadGenlib() skipped sequential cell "SDFFNSX0P5H7L".
ABC: Scl_LibertyReadGenlib() skipped sequential cell "SDFFNSX1H7L".
ABC: Scl_LibertyReadGenlib() skipped sequential cell "SDFFNSX2H7L".
ABC: Scl_LibertyReadGenlib() skipped sequential cell "SDFFNX0P5H7L".
ABC: Scl_LibertyReadGenlib() skipped sequential cell "SDFFQX0P5H7L".
ABC: Scl_LibertyReadGenlib() skipped sequential cell "SDFFQX1H7L".
ABC: Scl_LibertyReadGenlib() skipped sequential cell "SDFFQX2H7L".
ABC: Scl_LibertyReadGenlib() skipped sequential cell "SDFFQX3H7L".
ABC: Scl_LibertyReadGenlib() skipped sequential cell "SDFFRQX0P5H7L".
ABC: Scl_LibertyReadGenlib() skipped sequential cell "SDFFRQX1H7L".
ABC: Scl_LibertyReadGenlib() skipped sequential cell "SDFFRQX2H7L".
ABC: Scl_LibertyReadGenlib() skipped sequential cell "SDFFSRQX1H7L".
ABC: Scl_LibertyReadGenlib() skipped sequential cell "SDFFSRQX2H7L".
ABC: Scl_LibertyReadGenlib() skipped sequential cell "SDFFSRX0P5H7L".
ABC: Scl_LibertyReadGenlib() skipped sequential cell "SDFFSRX1H7L".
ABC: Scl_LibertyReadGenlib() skipped sequential cell "SDFFSRX2H7L".
ABC: Scl_LibertyReadGenlib() skipped sequential cell "SDFFSX0P5H7L".
ABC: Scl_LibertyReadGenlib() skipped sequential cell "SDFFSX1H7L".
ABC: Scl_LibertyReadGenlib() skipped sequential cell "SDFFSX2H7L".
ABC: Scl_LibertyReadGenlib() skipped sequential cell "SDFFTRQX0P5H7L".
ABC: Scl_LibertyReadGenlib() skipped sequential cell "SDFFTRQX1H7L".
ABC: Scl_LibertyReadGenlib() skipped sequential cell "SDFFTRQX2H7L".
ABC: Scl_LibertyReadGenlib() skipped sequential cell "SDFFTRQX3H7L".
ABC: Scl_LibertyReadGenlib() skipped sequential cell "SDFFX0P5H7L".
ABC: Scl_LibertyReadGenlib() skipped sequential cell "SDFFX1H7L".
ABC: Scl_LibertyReadGenlib() skipped sequential cell "SDFFX2H7L".
ABC: Scl_LibertyReadGenlib() skipped sequential cell "SDFFX3H7L".
ABC: Scl_LibertyReadGenlib() skipped three-state cell "TBUFX0P5H7L".
ABC: Scl_LibertyReadGenlib() skipped three-state cell "TBUFX0P7H7L".
ABC: Scl_LibertyReadGenlib() skipped three-state cell "TBUFX12H7L".
ABC: Scl_LibertyReadGenlib() skipped three-state cell "TBUFX16H7L".
ABC: Scl_LibertyReadGenlib() skipped three-state cell "TBUFX1H7L".
ABC: Scl_LibertyReadGenlib() skipped three-state cell "TBUFX1P4H7L".
ABC: Scl_LibertyReadGenlib() skipped three-state cell "TBUFX2H7L".
ABC: Scl_LibertyReadGenlib() skipped three-state cell "TBUFX3H7L".
ABC: Scl_LibertyReadGenlib() skipped three-state cell "TBUFX4H7L".
ABC: Scl_LibertyReadGenlib() skipped three-state cell "TBUFX6H7L".
ABC: Scl_LibertyReadGenlib() skipped three-state cell "TBUFX8H7L".
ABC: Scl_LibertyReadGenlib() skipped three-state cell "TINVX0P5H7L".
ABC: Scl_LibertyReadGenlib() skipped three-state cell "TINVX0P7H7L".
ABC: Scl_LibertyReadGenlib() skipped three-state cell "TINVX12H7L".
ABC: Scl_LibertyReadGenlib() skipped three-state cell "TINVX16H7L".
ABC: Scl_LibertyReadGenlib() skipped three-state cell "TINVX1H7L".
ABC: Scl_LibertyReadGenlib() skipped three-state cell "TINVX1P4H7L".
ABC: Scl_LibertyReadGenlib() skipped three-state cell "TINVX2H7L".
ABC: Scl_LibertyReadGenlib() skipped three-state cell "TINVX3H7L".
ABC: Scl_LibertyReadGenlib() skipped three-state cell "TINVX4H7L".
ABC: Scl_LibertyReadGenlib() skipped three-state cell "TINVX6H7L".
ABC: Scl_LibertyReadGenlib() skipped three-state cell "TINVX8H7L".
ABC: Library "ics55_LLSC_H7CL_typ_tt_1p2_25" from "/home/d5/software/yosys-sta/scripts/../pdk/icsprout55/IP/STD_cell/ics55_LLSC_H7C_V1p10C100/ics55_LLSC_H7CL/liberty/ics55_LLSC_H7CL_typ_tt_1p2_25_nldm.lib" has 600 cells (147 skipped: 111 seq; 22 tri-state; 14 no func; 0 dont_use; 0 with 2 outputs; 0 with 3+ outputs).  Time =     0.55 sec
ABC: Memory =  135.92 MB. Time =     0.55 sec
ABC: Warning: Detected 6 multi-output cells (for example, "ADDFX1H7L").
ABC: + read_constr -v /home/d5/course/ysyx-prestudy/e_phase/sCpu/result/top-500MHz/abc.sdc 
ABC: Setting driving cell to be "BUFX0P5H7L".
ABC: Setting output load to be 1.600000.
ABC: + &get -n 
ABC: + &st 
ABC: + &dch 
ABC: + &nf 
ABC: + &put 
ABC: + &get -n 
ABC: + &st 
ABC: + &syn2 
ABC: + &if -g -K 6 
ABC: + &synch2 
ABC: + &nf 
ABC: + &put 
ABC: + &get -n 
ABC: + &st 
ABC: + &syn2 
ABC: + &if -g -K 6 
ABC: + &synch2 
ABC: + &nf 
ABC: + &put 
ABC: + &get -n 
ABC: + &st 
ABC: + &syn2 
ABC: + &if -g -K 6 
ABC: + &synch2 
ABC: + &nf 
ABC: + &put 
ABC: + &get -n 
ABC: + &st 
ABC: + &syn2 
ABC: + &if -g -K 6 
ABC: + &synch2 
ABC: + &nf 
ABC: + &put 
ABC: + &get -n 
ABC: + &st 
ABC: + &syn2 
ABC: + &if -g -K 6 
ABC: + &synch2 
ABC: + &nf 
ABC: + &put 
ABC: + buffer -c -N 24 
ABC: + topo 
ABC: + stime -c 
ABC: WireLoad = "none"  Gates =    289 (  7.6 %)   Cap =  2.3 ff (  3.1 %)   Area =      549.92 ( 94.8 %)   Delay =   805.26 ps  (  6.6 %)               
ABC: + upsize -c 
ABC: + dnsize -c 
ABC: + 
ABC: + stime -p 
ABC: WireLoad = "none"  Gates =    289 (  7.6 %)   Cap =  2.6 ff ( 14.1 %)   Area =      577.92 ( 65.7 %)   Delay =   608.29 ps  ( 27.7 %)               
ABC: Path  0 --      42 : 0    1 pi           A =   0.00  Df =  22.2   -7.2 ps  S =  47.4 ps  Cin =  0.0 ff  Cout =   2.5 ff  Cmax =   0.0 ff  G =    0  
ABC: Path  1 --     139 : 1    9 BUFX10H7L    A =   3.64  Df =  77.4  -11.1 ps  S =  50.3 ps  Cin =  2.5 ff  Cout =  24.2 ff  Cmax = 406.9 ff  G =  974  
ABC: Path  2 --     194 : 6    3 MUX4X1P4H7L  A =   6.44  Df = 201.5   -5.2 ps  S =  49.0 ps  Cin =  1.2 ff  Cout =   2.9 ff  Cmax =  69.5 ff  G =  231  
ABC: Path  3 --     195 : 3    3 OAI21X2H7L   A =   2.24  Df = 240.4   -4.9 ps  S =  83.0 ps  Cin =  1.1 ff  Cout =   3.6 ff  Cmax =  40.6 ff  G =  318  
ABC: Path  4 --     197 : 2    2 NOR2BX1H7L   A =   1.40  Df = 323.9  -27.6 ps  S = 101.8 ps  Cin =  0.9 ff  Cout =   3.9 ff  Cmax =  32.3 ff  G =  409  
ABC: Path  5 --     334 : 4    1 NOR4BX4H7L   A =   5.04  Df = 370.8  -20.5 ps  S =  78.9 ps  Cin =  1.9 ff  Cout =   2.2 ff  Cmax =  40.3 ff  G =  112  
ABC: Path  6 --     336 : 3    1 AOI2XB1X4H7L A =   4.20  Df = 414.4   -8.3 ps  S =  51.5 ps  Cin =  1.8 ff  Cout =   3.3 ff  Cmax =  81.8 ff  G =  180  
ABC: Path  7 --     337 : 1   15 BUFX16H7L    A =   5.04  Df = 462.5   -8.9 ps  S =  35.6 ps  Cin =  3.3 ff  Cout =  25.0 ff  Cmax = 649.5 ff  G =  748  
ABC: Path  8 --     348 : 3    3 MUX2X8H7L    A =   7.84  Df = 521.7  -17.6 ps  S =  24.2 ps  Cin =  2.6 ff  Cout =   2.6 ff  Cmax = 331.6 ff  G =   99  
ABC: Path  9 --     359 : 5    1 AO221X4H7L   A =   3.92  Df = 608.3  -34.9 ps  S =  35.1 ps  Cin =  1.0 ff  Cout =   1.6 ff  Cmax = 164.5 ff  G =  157  
ABC: Start-point = pi41 (\grp0.raddr2_0_).  End-point = po30 ($auto$rtlil.cc:3568:MuxGate$1397).
ABC: + print_stats -m 
ABC: netlist                       : i/o =   53/   71  lat =    0  nd =   289  edge =    764  area =577.92  delay =11.00  lev = 11
ABC: + write_blif /tmp/yosys-abc-AmKjZj/output.blif 
ABC: 

20.1.2. Re-integrating ABC results.
ABC RESULTS:         AND2X1H7L cells:        4
ABC RESULTS:       AND3X1P4H7L cells:        1
ABC RESULTS:      AO211X1P4H7L cells:        1
ABC RESULTS:         AO21X1H7L cells:        7
ABC RESULTS:        AO221X4H7L cells:        1
ABC RESULTS:       AO22X0P7H7L cells:        1
ABC RESULTS:    AOAI211X0P5H7L cells:        5
ABC RESULTS:    AOAI211X0P7H7L cells:        1
ABC RESULTS:    AOAI211X1P4H7L cells:        1
ABC RESULTS:     AOI211X0P5H7L cells:        2
ABC RESULTS:       AOI211X3H7L cells:        1
ABC RESULTS:       AOI21BX4H7L cells:        1
ABC RESULTS:      AOI21X0P5H7L cells:       13
ABC RESULTS:      AOI21X0P7H7L cells:        1
ABC RESULTS:      AOI21X1P4H7L cells:        2
ABC RESULTS:        AOI21X6H7L cells:        1
ABC RESULTS:      AOI2BB2X3H7L cells:        1
ABC RESULTS:      AOI2XB1X4H7L cells:        1
ABC RESULTS:      AOI32X1P4H7L cells:        2
ABC RESULTS:        AOI32X2H7L cells:        1
ABC RESULTS:         BUFX10H7L cells:        1
ABC RESULTS:         BUFX16H7L cells:        2
ABC RESULTS:        BUFX1P4H7L cells:        1
ABC RESULTS:          BUFX3H7L cells:        3
ABC RESULTS:          BUFX5H7L cells:        1
ABC RESULTS:          BUFX7H7L cells:        2
ABC RESULTS:        INVX0P5H7L cells:       11
ABC RESULTS:        INVX1P4H7L cells:        1
ABC RESULTS:       MUX2X0P5H7L cells:        5
ABC RESULTS:         MUX2X1H7L cells:        1
ABC RESULTS:       MUX2X1P4H7L cells:        2
ABC RESULTS:         MUX2X2H7L cells:        1
ABC RESULTS:         MUX2X8H7L cells:        3
ABC RESULTS:       MUX4X1P4H7L cells:        7
ABC RESULTS:         MUX4X3H7L cells:        1
ABC RESULTS:      MUXI2X0P5H7L cells:        4
ABC RESULTS:      MUXI2X1P4H7L cells:        1
ABC RESULTS:        MUXI2X3H7L cells:        1
ABC RESULTS:     NAND2BX0P5H7L cells:       15
ABC RESULTS:     NAND2BX0P7H7L cells:        1
ABC RESULTS:       NAND2BX1H7L cells:        1
ABC RESULTS:       NAND2BX3H7L cells:        1
ABC RESULTS:      NAND2X0P5H7L cells:       29
ABC RESULTS:      NAND2X1P4H7L cells:        1
ABC RESULTS:        NAND2X3H7L cells:        1
ABC RESULTS:        NAND2X6H7L cells:        1
ABC RESULTS:     NAND3BX0P5H7L cells:        2
ABC RESULTS:      NAND3X0P5H7L cells:        7
ABC RESULTS:       NAND4BX2H7L cells:        1
ABC RESULTS:      NOR2BX0P5H7L cells:        1
ABC RESULTS:        NOR2BX1H7L cells:        8
ABC RESULTS:      NOR2BX1P4H7L cells:        3
ABC RESULTS:        NOR2BX3H7L cells:        1
ABC RESULTS:       NOR2X0P5H7L cells:       35
ABC RESULTS:       NOR2X0P7H7L cells:        1
ABC RESULTS:         NOR2X3H7L cells:        2
ABC RESULTS:      NOR3BX0P5H7L cells:        1
ABC RESULTS:      NOR3BX1P4H7L cells:        1
ABC RESULTS:        NOR3BX3H7L cells:        1
ABC RESULTS:       NOR3X0P5H7L cells:        5
ABC RESULTS:        NOR4BX4H7L cells:        1
ABC RESULTS:      OA211X1P4H7L cells:        1
ABC RESULTS:        OA211X3H7L cells:        1
ABC RESULTS:         OA31X1H7L cells:        1
ABC RESULTS:     OAI211X0P7H7L cells:        3
ABC RESULTS:     OAI211X1P4H7L cells:        2
ABC RESULTS:      OAI21X0P5H7L cells:       13
ABC RESULTS:        OAI21X2H7L cells:        1
ABC RESULTS:        OAI21X3H7L cells:        1
ABC RESULTS:      OAI22X0P5H7L cells:        2
ABC RESULTS:        OAI22X4H7L cells:        1
ABC RESULTS:    OAI2BB1X0P5H7L cells:        4
ABC RESULTS:    OAI2BB1X1P4H7L cells:        1
ABC RESULTS:      OAI2BB1X3H7L cells:        1
ABC RESULTS:    OAI2BB2X0P5H7L cells:        3
ABC RESULTS:      OAI2BB2X2H7L cells:        1
ABC RESULTS:      OAI31X0P5H7L cells:        1
ABC RESULTS:        OAI32X2H7L cells:        2
ABC RESULTS:     OAO211X0P5H7L cells:        1
ABC RESULTS:    OAOI211X0P5H7L cells:        3
ABC RESULTS:      OAOI211X1H7L cells:        1
ABC RESULTS:    OAOI211X1P4H7L cells:        1
ABC RESULTS:        OR2X0P5H7L cells:        3
ABC RESULTS:        OR2X1P4H7L cells:        7
ABC RESULTS:          OR3X1H7L cells:        1
ABC RESULTS:      XNOR2X0P5H7L cells:        8
ABC RESULTS:      XNOR2X0P7H7L cells:        2
ABC RESULTS:        XNOR2X1H7L cells:        1
ABC RESULTS:        XNOR2X3H7L cells:        1
ABC RESULTS:        XNOR2X4H7L cells:        1
ABC RESULTS:       XOR2X0P5H7L cells:        3
ABC RESULTS:       XOR2X0P7H7L cells:        1
ABC RESULTS:        internal signals:      250
ABC RESULTS:           input signals:       53
ABC RESULTS:          output signals:       71
Removing temp directory.
Removing global temp directory.

21. Executing HILOMAP pass (mapping to constant drivers).

22. Executing SETUNDEF pass (replace undef values with defined constants).

23. Executing OPT_CLEAN pass (remove unused cells and wires).
Finding unused cells or wires in module \top..
  removing unused non-port wire \pc0.next_pc_3_.
  removing unused non-port wire \pc0.next_pc_2_.
  removing unused non-port wire \pc0.next_pc_1_.
  removing unused non-port wire \pc0.next_pc_0_.
  removing unused non-port wire $auto$rtlil.cc:3568:MuxGate$1413.
  removing unused non-port wire $auto$rtlil.cc:3568:MuxGate$1411.
  removing unused non-port wire $auto$rtlil.cc:3568:MuxGate$1409.
  removing unused non-port wire $auto$rtlil.cc:3568:MuxGate$1407.
  removing unused non-port wire $auto$rtlil.cc:3568:MuxGate$1405.
  removing unused non-port wire $auto$rtlil.cc:3568:MuxGate$1403.
  removing unused non-port wire $auto$rtlil.cc:3568:MuxGate$1401.
  removing unused non-port wire $auto$rtlil.cc:3568:MuxGate$1399.
  removing unused non-port wire $auto$rtlil.cc:3568:MuxGate$1397.
  removing unused non-port wire $auto$rtlil.cc:3568:MuxGate$1395.
  removing unused non-port wire $auto$rtlil.cc:3568:MuxGate$1393.
  removing unused non-port wire $auto$rtlil.cc:3568:MuxGate$1391.
  removing unused non-port wire $auto$rtlil.cc:3568:MuxGate$1389.
  removing unused non-port wire $auto$rtlil.cc:3568:MuxGate$1387.
  removing unused non-port wire $auto$rtlil.cc:3568:MuxGate$1385.
  removing unused non-port wire $auto$rtlil.cc:3568:MuxGate$1383.
  removing unused non-port wire $auto$rtlil.cc:3568:MuxGate$1381.
  removing unused non-port wire $auto$rtlil.cc:3568:MuxGate$1379.
  removing unused non-port wire $auto$rtlil.cc:3568:MuxGate$1377.
  removing unused non-port wire $auto$rtlil.cc:3568:MuxGate$1375.
  removing unused non-port wire $auto$rtlil.cc:3568:MuxGate$1373.
  removing unused non-port wire $auto$rtlil.cc:3568:MuxGate$1371.
  removing unused non-port wire $auto$rtlil.cc:3568:MuxGate$1369.
  removing unused non-port wire $auto$rtlil.cc:3568:MuxGate$1367.
  removing unused non-port wire $auto$rtlil.cc:3568:MuxGate$1365.
  removing unused non-port wire $auto$rtlil.cc:3568:MuxGate$1363.
  removing unused non-port wire $auto$rtlil.cc:3568:MuxGate$1361.
  removing unused non-port wire $auto$rtlil.cc:3568:MuxGate$1359.
  removing unused non-port wire $auto$rtlil.cc:3568:MuxGate$1357.
  removing unused non-port wire $auto$rtlil.cc:3568:MuxGate$1355.
  removing unused non-port wire $auto$rtlil.cc:3568:MuxGate$1353.
  removing unused non-port wire $auto$rtlil.cc:3568:MuxGate$1351.
  removing unused non-port wire $auto$rtlil.cc:3568:MuxGate$1349.
  removing unused non-port wire $auto$rtlil.cc:3568:MuxGate$1347.
  removing unused non-port wire $auto$rtlil.cc:3568:MuxGate$1345.
  removing unused non-port wire $auto$rtlil.cc:3568:MuxGate$1343.
  removing unused non-port wire $auto$rtlil.cc:3559:NotGate$1333.
  removing unused non-port wire $abc$1045$new_n386.
  removing unused non-port wire $abc$1045$new_n381.
  removing unused non-port wire $abc$1045$new_n380.
  removing unused non-port wire $abc$1045$new_n378.
  removing unused non-port wire $abc$1045$new_n377.
  removing unused non-port wire $abc$1045$new_n376.
  removing unused non-port wire $abc$1045$new_n375.
  removing unused non-port wire $abc$1045$new_n374.
  removing unused non-port wire $abc$1045$new_n372.
  removing unused non-port wire $abc$1045$new_n371.
  removing unused non-port wire $abc$1045$new_n369.
  removing unused non-port wire $abc$1045$new_n368.
  removing unused non-port wire $abc$1045$new_n367.
  removing unused non-port wire $abc$1045$new_n365.
  removing unused non-port wire $abc$1045$new_n363.
  removing unused non-port wire $abc$1045$new_n361.
  removing unused non-port wire $abc$1045$new_n360.
  removing unused non-port wire $abc$1045$new_n359.
  removing unused non-port wire $abc$1045$new_n358.
  removing unused non-port wire $abc$1045$new_n356.
  removing unused non-port wire $abc$1045$new_n355.
  removing unused non-port wire $abc$1045$new_n354.
  removing unused non-port wire $abc$1045$new_n352.
  removing unused non-port wire $abc$1045$new_n351.
  removing unused non-port wire $abc$1045$new_n350.
  removing unused non-port wire $abc$1045$new_n349.
  removing unused non-port wire $abc$1045$new_n347.
  removing unused non-port wire $abc$1045$new_n346.
  removing unused non-port wire $abc$1045$new_n345.
  removing unused non-port wire $abc$1045$new_n344.
  removing unused non-port wire $abc$1045$new_n343.
  removing unused non-port wire $abc$1045$new_n342.
  removing unused non-port wire $abc$1045$new_n341.
  removing unused non-port wire $abc$1045$new_n340.
  removing unused non-port wire $abc$1045$new_n339.
  removing unused non-port wire $abc$1045$new_n338.
  removing unused non-port wire $abc$1045$new_n336.
  removing unused non-port wire $abc$1045$new_n335.
  removing unused non-port wire $abc$1045$new_n333.
  removing unused non-port wire $abc$1045$new_n332.
  removing unused non-port wire $abc$1045$new_n331.
  removing unused non-port wire $abc$1045$new_n329.
  removing unused non-port wire $abc$1045$new_n327.
  removing unused non-port wire $abc$1045$new_n325.
  removing unused non-port wire $abc$1045$new_n324.
  removing unused non-port wire $abc$1045$new_n323.
  removing unused non-port wire $abc$1045$new_n322.
  removing unused non-port wire $abc$1045$new_n320.
  removing unused non-port wire $abc$1045$new_n319.
  removing unused non-port wire $abc$1045$new_n318.
  removing unused non-port wire $abc$1045$new_n316.
  removing unused non-port wire $abc$1045$new_n315.
  removing unused non-port wire $abc$1045$new_n314.
  removing unused non-port wire $abc$1045$new_n313.
  removing unused non-port wire $abc$1045$new_n311.
  removing unused non-port wire $abc$1045$new_n310.
  removing unused non-port wire $abc$1045$new_n309.
  removing unused non-port wire $abc$1045$new_n308.
  removing unused non-port wire $abc$1045$new_n307.
  removing unused non-port wire $abc$1045$new_n306.
  removing unused non-port wire $abc$1045$new_n305.
  removing unused non-port wire $abc$1045$new_n304.
  removing unused non-port wire $abc$1045$new_n303.
  removing unused non-port wire $abc$1045$new_n302.
  removing unused non-port wire $abc$1045$new_n298.
  removing unused non-port wire $abc$1045$new_n297.
  removing unused non-port wire $abc$1045$new_n295.
  removing unused non-port wire $abc$1045$new_n293.
  removing unused non-port wire $abc$1045$new_n292.
  removing unused non-port wire $abc$1045$new_n291.
  removing unused non-port wire $abc$1045$new_n290.
  removing unused non-port wire $abc$1045$new_n289.
  removing unused non-port wire $abc$1045$new_n287.
  removing unused non-port wire $abc$1045$new_n286.
  removing unused non-port wire $abc$1045$new_n285.
  removing unused non-port wire $abc$1045$new_n284.
  removing unused non-port wire $abc$1045$new_n283.
  removing unused non-port wire $abc$1045$new_n282.
  removing unused non-port wire $abc$1045$new_n281.
  removing unused non-port wire $abc$1045$new_n280.
  removing unused non-port wire $abc$1045$new_n278.
  removing unused non-port wire $abc$1045$new_n277.
  removing unused non-port wire $abc$1045$new_n276.
  removing unused non-port wire $abc$1045$new_n275.
  removing unused non-port wire $abc$1045$new_n274.
  removing unused non-port wire $abc$1045$new_n272.
  removing unused non-port wire $abc$1045$new_n271.
  removing unused non-port wire $abc$1045$new_n270.
  removing unused non-port wire $abc$1045$new_n269.
  removing unused non-port wire $abc$1045$new_n268.
  removing unused non-port wire $abc$1045$new_n267.
  removing unused non-port wire $abc$1045$new_n266.
  removing unused non-port wire $abc$1045$new_n265.
  removing unused non-port wire $abc$1045$new_n263.
  removing unused non-port wire $abc$1045$new_n262.
  removing unused non-port wire $abc$1045$new_n261.
  removing unused non-port wire $abc$1045$new_n260.
  removing unused non-port wire $abc$1045$new_n259.
  removing unused non-port wire $abc$1045$new_n257.
  removing unused non-port wire $abc$1045$new_n256.
  removing unused non-port wire $abc$1045$new_n255.
  removing unused non-port wire $abc$1045$new_n254.
  removing unused non-port wire $abc$1045$new_n253.
  removing unused non-port wire $abc$1045$new_n251.
  removing unused non-port wire $abc$1045$new_n250.
  removing unused non-port wire $abc$1045$new_n249.
  removing unused non-port wire $abc$1045$new_n247.
  removing unused non-port wire $abc$1045$new_n244.
  removing unused non-port wire $abc$1045$new_n243.
  removing unused non-port wire $abc$1045$new_n242.
  removing unused non-port wire $abc$1045$new_n241.
  removing unused non-port wire $abc$1045$new_n239.
  removing unused non-port wire $abc$1045$new_n238.
  removing unused non-port wire $abc$1045$new_n237.
  removing unused non-port wire $abc$1045$new_n236.
  removing unused non-port wire $abc$1045$new_n235.
  removing unused non-port wire $abc$1045$new_n234.
  removing unused non-port wire $abc$1045$new_n233.
  removing unused non-port wire $abc$1045$new_n232.
  removing unused non-port wire $abc$1045$new_n231.
  removing unused non-port wire $abc$1045$new_n230.
  removing unused non-port wire $abc$1045$new_n229.
  removing unused non-port wire $abc$1045$new_n228.
  removing unused non-port wire $abc$1045$new_n227.
  removing unused non-port wire $abc$1045$new_n226.
  removing unused non-port wire $abc$1045$new_n225.
  removing unused non-port wire $abc$1045$new_n224.
  removing unused non-port wire $abc$1045$new_n223.
  removing unused non-port wire $abc$1045$new_n222.
  removing unused non-port wire $abc$1045$new_n221.
  removing unused non-port wire $abc$1045$new_n220.
  removing unused non-port wire $abc$1045$new_n219.
  removing unused non-port wire $abc$1045$new_n218.
  removing unused non-port wire $abc$1045$new_n217.
  removing unused non-port wire $abc$1045$new_n216.
  removing unused non-port wire $abc$1045$new_n215.
  removing unused non-port wire $abc$1045$new_n214.
  removing unused non-port wire $abc$1045$new_n213.
  removing unused non-port wire $abc$1045$new_n212.
  removing unused non-port wire $abc$1045$new_n211.
  removing unused non-port wire $abc$1045$new_n210.
  removing unused non-port wire $abc$1045$new_n209.
  removing unused non-port wire $abc$1045$new_n208.
  removing unused non-port wire $abc$1045$new_n207.
  removing unused non-port wire $abc$1045$new_n206.
  removing unused non-port wire $abc$1045$new_n205.
  removing unused non-port wire $abc$1045$new_n204.
  removing unused non-port wire $abc$1045$new_n203.
  removing unused non-port wire $abc$1045$new_n202.
  removing unused non-port wire $abc$1045$new_n201.
  removing unused non-port wire $abc$1045$new_n200.
  removing unused non-port wire $abc$1045$new_n199.
  removing unused non-port wire $abc$1045$new_n198.
  removing unused non-port wire $abc$1045$new_n197.
  removing unused non-port wire $abc$1045$new_n196.
  removing unused non-port wire $abc$1045$new_n195.
  removing unused non-port wire $abc$1045$new_n194.
  removing unused non-port wire $abc$1045$new_n193.
  removing unused non-port wire $abc$1045$new_n192.
  removing unused non-port wire $abc$1045$new_n191.
  removing unused non-port wire $abc$1045$new_n190.
  removing unused non-port wire $abc$1045$new_n189.
  removing unused non-port wire $abc$1045$new_n188.
  removing unused non-port wire $abc$1045$new_n187.
  removing unused non-port wire $abc$1045$new_n186.
  removing unused non-port wire $abc$1045$new_n185.
  removing unused non-port wire $abc$1045$new_n184.
  removing unused non-port wire $abc$1045$new_n180.
  removing unused non-port wire $abc$1045$new_n178.
  removing unused non-port wire $abc$1045$new_n177.
  removing unused non-port wire $abc$1045$new_n176.
  removing unused non-port wire $abc$1045$new_n175.
  removing unused non-port wire $abc$1045$new_n174.
  removing unused non-port wire $abc$1045$new_n173.
  removing unused non-port wire $abc$1045$new_n172.
  removing unused non-port wire $abc$1045$new_n170.
  removing unused non-port wire $abc$1045$new_n169.
  removing unused non-port wire $abc$1045$new_n168.
  removing unused non-port wire $abc$1045$new_n167.
  removing unused non-port wire $abc$1045$new_n166.
  removing unused non-port wire $abc$1045$new_n165.
  removing unused non-port wire $abc$1045$new_n164.
  removing unused non-port wire $abc$1045$new_n162.
  removing unused non-port wire $abc$1045$new_n161.
  removing unused non-port wire $abc$1045$new_n160.
  removing unused non-port wire $abc$1045$new_n159.
  removing unused non-port wire $abc$1045$new_n158.
  removing unused non-port wire $abc$1045$new_n157.
  removing unused non-port wire $abc$1045$new_n156.
  removing unused non-port wire $abc$1045$new_n154.
  removing unused non-port wire $abc$1045$new_n153.
  removing unused non-port wire $abc$1045$new_n151.
  removing unused non-port wire $abc$1045$new_n149.
  removing unused non-port wire $abc$1045$new_n147.
  removing unused non-port wire $abc$1045$new_n145.
  removing unused non-port wire $abc$1045$new_n144.
  removing unused non-port wire $abc$1045$new_n143.
  removing unused non-port wire $abc$1045$new_n142.
  removing unused non-port wire $abc$1045$new_n141.
  removing unused non-port wire $abc$1045$new_n140.
  removing unused non-port wire $abc$1045$new_n139.
  removing unused non-port wire $abc$1045$new_n138.
  removing unused non-port wire $abc$1045$new_n136.
  removing unused non-port wire $abc$1045$new_n135.
  removing unused non-port wire $abc$1045$new_n134.
  removing unused non-port wire $abc$1045$new_n133.
  removing unused non-port wire $abc$1045$new_n132.
  removing unused non-port wire $abc$1045$new_n131.
  removing unused non-port wire $abc$1045$new_n130.
  removing unused non-port wire $abc$1045$new_n128.
  removing unused non-port wire $abc$1045$new_n127.
  removing unused non-port wire $abc$1045$new_n126.
  removing unused non-port wire $abc$1045$new_n125.
  removing unused non-port wire $abc$1045$new_n124.
  removing unused non-port wire $abc$1045$new_n123.
  removing unused non-port wire $abc$1045$new_n122.
  removing unused non-port wire $abc$1045$new_n120.
  removing unused non-port wire $abc$1045$new_n119.
  removing unused non-port wire $abc$1045$new_n118.
  removing unused non-port wire $abc$1045$new_n117.
  removing unused non-port wire $abc$1045$new_n116.
  removing unused non-port wire $abc$1045$new_n115.
  removing unused non-port wire $abc$1045$new_n114.
  removing unused non-port wire $abc$1045$new_n112.
  removing unused non-port wire $abc$1045$new_n111.
  removing unused non-port wire $abc$1045$new_n110.
  removing unused non-port wire $abc$1045$new_n109.
  removing unused non-port wire $abc$1045$new_n108.
  removing unused non-port wire $abc$1045$new_n107.
  removing unused non-port wire $abc$1045$new_n106.
  removing unused non-port wire $abc$1045$memory\rom0.rom$rdmux[0][1][0]$b$345[7].
  removing unused non-port wire $abc$1045$memory\rom0.rom$rdmux[0][0][0]$a$341[6].
  removing unused non-port wire $abc$1045$memory\rom0.rom$rdmux[0][0][0]$a$341[5].
  removing unused non-port wire $abc$1045$memory\rom0.rom$rdmux[0][0][0]$a$341[4].
  removing unused non-port wire $abc$1045$memory\rom0.rom$rdmux[0][0][0]$a$341[3].
  removing unused non-port wire $abc$1045$memory\rom0.rom$rdmux[0][0][0]$a$341[2].
  removing unused non-port wire $abc$1045$memory\rom0.rom$rdmux[0][0][0]$a$341[1].
  removing unused non-port wire $abc$1045$memory\rom0.rom$rdmux[0][0][0]$a$341[0].
  removing unused non-port wire $abc$1045$auto$simplemap.cc:277:simplemap_eqne$617.
  removing unused non-port wire $abc$1045$auto$simplemap.cc:271:simplemap_eqne$517[1].
  removing unused non-port wire $abc$1045$auto$simplemap.cc:271:simplemap_eqne$510[1].
  removing unused non-port wire $abc$1045$auto$simplemap.cc:271:simplemap_eqne$503[1].
  removing unused non-port wire $abc$1045$auto$rtlil.cc:3457:Mux$154[3].
  removing unused non-port wire $abc$1045$auto$opt_dff.cc:306:combine_resets$388.
  removing unused non-port wire $abc$1414$grp0.rdata1_7_.
  removing unused non-port wire $abc$1414$grp0.rdata1_3_.
  removing unused non-port wire $abc$1414$grp0.rdata1_6_.
  removing unused non-port wire $abc$1414$grp0.rdata1_5_.
  removing unused non-port wire $abc$1414$grp0.rdata1_4_.
  removing unused non-port wire $abc$1414$grp0.rdata1_2_.
  removing unused non-port wire $abc$1414$grp0.rdata1_1_.
  removing unused non-port wire $abc$1414$grp0.rdata1_0_.
  removing unused non-port wire $abc$1414$$flatten\bcd7seg1.$auto$proc_rom.cc:155:do_switch$55$rdreg[0]$d_6_.
  removing unused non-port wire $abc$1414$$flatten\bcd7seg1.$auto$proc_rom.cc:155:do_switch$55$rdreg[0]$d_5_.
  removing unused non-port wire $abc$1414$$flatten\bcd7seg1.$auto$proc_rom.cc:155:do_switch$55$rdreg[0]$d_4_.
  removing unused non-port wire $abc$1414$$flatten\bcd7seg1.$auto$proc_rom.cc:155:do_switch$55$rdreg[0]$d_3_.
  removing unused non-port wire $abc$1414$$flatten\bcd7seg1.$auto$proc_rom.cc:155:do_switch$55$rdreg[0]$d_2_.
  removing unused non-port wire $abc$1414$$flatten\bcd7seg1.$auto$proc_rom.cc:155:do_switch$55$rdreg[0]$d_1_.
  removing unused non-port wire $abc$1414$$flatten\bcd7seg1.$auto$proc_rom.cc:155:do_switch$55$rdreg[0]$d_0_.
  removing unused non-port wire $abc$1414$$flatten\bcd7seg0.$auto$proc_rom.cc:155:do_switch$55$rdreg[0]$d_6_.
  removing unused non-port wire $abc$1414$$flatten\bcd7seg0.$auto$proc_rom.cc:155:do_switch$55$rdreg[0]$d_5_.
  removing unused non-port wire $abc$1414$$flatten\bcd7seg0.$auto$proc_rom.cc:155:do_switch$55$rdreg[0]$d_4_.
  removing unused non-port wire $abc$1414$$flatten\bcd7seg0.$auto$proc_rom.cc:155:do_switch$55$rdreg[0]$d_3_.
  removing unused non-port wire $abc$1414$$flatten\bcd7seg0.$auto$proc_rom.cc:155:do_switch$55$rdreg[0]$d_2_.
  removing unused non-port wire $abc$1414$$flatten\bcd7seg0.$auto$proc_rom.cc:155:do_switch$55$rdreg[0]$d_1_.
  removing unused non-port wire $abc$1414$$flatten\bcd7seg0.$auto$proc_rom.cc:155:do_switch$55$rdreg[0]$d_0_.
  removing unused non-port wire $abc$1414$abc$1045$auto$rtlil.cc:3457:Mux$162[7].
  removing unused non-port wire $abc$1414$abc$1045$auto$rtlil.cc:3457:Mux$162[6].
  removing unused non-port wire $abc$1414$abc$1045$auto$rtlil.cc:3457:Mux$162[5].
  removing unused non-port wire $abc$1414$abc$1045$auto$rtlil.cc:3457:Mux$162[4].
  removing unused non-port wire $abc$1414$abc$1045$auto$rtlil.cc:3457:Mux$162[3].
  removing unused non-port wire $abc$1414$abc$1045$auto$rtlil.cc:3457:Mux$162[2].
  removing unused non-port wire $abc$1414$abc$1045$auto$rtlil.cc:3457:Mux$162[1].
  removing unused non-port wire $abc$1414$abc$1045$auto$rtlil.cc:3457:Mux$162[0].
  removing unused non-port wire $abc$1414$abc$1045$auto$opt_dff.cc:247:make_patterns_logic$393.
  removing unused non-port wire $abc$1414$abc$1045$auto$opt_dff.cc:247:make_patterns_logic$396.
  removing unused non-port wire $abc$1414$abc$1045$auto$opt_dff.cc:247:make_patterns_logic$399.
  removing unused non-port wire $abc$1414$abc$1045$memory\grp0.gprs$wren[3][1][0]$y$337.
  removing unused non-port wire $abc$1414$npc_3_.
  removing unused non-port wire $abc$1414$npc_2_.
  removing unused non-port wire $abc$1414$npc_1_.
  removing unused non-port wire $abc$1414$npc_0_.
  removing unused non-port wire $abc$1414$inst_7_.
  removing unused non-port wire $abc$1414$inst_6_.
  removing unused non-port wire $abc$1414$imm_3_.
  removing unused non-port wire $abc$1414$imm_2_.
  removing unused non-port wire $abc$1414$grp0.waddr_1_.
  removing unused non-port wire $abc$1414$grp0.waddr_0_.
  removing unused non-port wire $abc$1414$grp0.raddr2_1_.
  removing unused non-port wire $abc$1414$grp0.raddr2_0_.
  removing unused non-port wire $abc$1414$grp0.gprs[3]_7_.
  removing unused non-port wire $abc$1414$grp0.gprs[3]_6_.
  removing unused non-port wire $abc$1414$grp0.gprs[3]_5_.
  removing unused non-port wire $abc$1414$grp0.gprs[3]_4_.
  removing unused non-port wire $abc$1414$grp0.gprs[3]_3_.
  removing unused non-port wire $abc$1414$grp0.gprs[3]_2_.
  removing unused non-port wire $abc$1414$grp0.gprs[3]_1_.
  removing unused non-port wire $abc$1414$grp0.gprs[3]_0_.
  removing unused non-port wire $abc$1414$grp0.gprs[2]_7_.
  removing unused non-port wire $abc$1414$grp0.gprs[2]_6_.
  removing unused non-port wire $abc$1414$grp0.gprs[2]_5_.
  removing unused non-port wire $abc$1414$grp0.gprs[2]_4_.
  removing unused non-port wire $abc$1414$grp0.gprs[2]_3_.
  removing unused non-port wire $abc$1414$grp0.gprs[2]_2_.
  removing unused non-port wire $abc$1414$grp0.gprs[2]_1_.
  removing unused non-port wire $abc$1414$grp0.gprs[2]_0_.
  removing unused non-port wire $abc$1414$grp0.gprs[1]_7_.
  removing unused non-port wire $abc$1414$grp0.gprs[1]_6_.
  removing unused non-port wire $abc$1414$grp0.gprs[1]_5_.
  removing unused non-port wire $abc$1414$grp0.gprs[1]_4_.
  removing unused non-port wire $abc$1414$grp0.gprs[1]_3_.
  removing unused non-port wire $abc$1414$grp0.gprs[1]_2_.
  removing unused non-port wire $abc$1414$grp0.gprs[1]_1_.
  removing unused non-port wire $abc$1414$grp0.gprs[1]_0_.
  removing unused non-port wire $abc$1414$grp0.gprs[0]_7_.
  removing unused non-port wire $abc$1414$grp0.gprs[0]_6_.
  removing unused non-port wire $abc$1414$grp0.gprs[0]_5_.
  removing unused non-port wire $abc$1414$grp0.gprs[0]_4_.
  removing unused non-port wire $abc$1414$grp0.gprs[0]_3_.
  removing unused non-port wire $abc$1414$grp0.gprs[0]_2_.
  removing unused non-port wire $abc$1414$grp0.gprs[0]_1_.
  removing unused non-port wire $abc$1414$grp0.gprs[0]_0_.
  removing unused non-port wire $abc$1414$bcd1_3_.
  removing unused non-port wire $abc$1414$bcd1_2_.
  removing unused non-port wire $abc$1414$bcd1_1_.
  removing unused non-port wire $abc$1414$bcd1_0_.
  removing unused non-port wire $abc$1414$bcd0_3_.
  removing unused non-port wire $abc$1414$bcd0_2_.
  removing unused non-port wire $abc$1414$bcd0_1_.
  removing unused non-port wire $abc$1414$bcd0_0_.
  removing unused non-port wire $abc$1414$rst.
Removed 0 unused cells and 372 unused wires.

24. Executing AUTONAME pass.
Rename cell $abc$1414$auto$blifparse.cc:397:parse_blif$1418 in top to rst_BUFX3H7L_A.
Rename wire $abc$1414$auto$rtlil.cc:3568:MuxGate$1409 in top to npc_1__reg_p_D.
Rename wire $abc$1414$auto$rtlil.cc:3568:MuxGate$1407 in top to npc_0__reg_p_D.
Rename wire $abc$1414$auto$rtlil.cc:3568:MuxGate$1397 in top to imm_3__reg_p_D.
Rename wire $abc$1414$auto$rtlil.cc:3568:MuxGate$1395 in top to imm_2__reg_p_D.
Rename cell $abc$1414$auto$blifparse.cc:397:parse_blif$1703 in top to npc_1__reg_p_D_OAOI211X0P5H7L_Y.
Rename cell $abc$1414$auto$blifparse.cc:397:parse_blif$1700 in top to npc_0__reg_p_D_AOI211X0P5H7L_Y.
Rename cell $abc$1414$auto$blifparse.cc:397:parse_blif$1649 in top to imm_3__reg_p_D_AO221X4H7L_Y.
Rename cell $abc$1414$auto$blifparse.cc:397:parse_blif$1645 in top to imm_2__reg_p_D_AO21X1H7L_Y.
Rename cell $abc$1414$auto$blifparse.cc:397:parse_blif$1590 in top to bcd1_0__MUX2X1P4H7L_A.
Rename cell $abc$1414$auto$blifparse.cc:397:parse_blif$1589 in top to grp0.rdata1_4__AND2X1H7L_Y.
Rename cell $abc$1414$auto$blifparse.cc:397:parse_blif$1587 in top to bcd1_1__NOR2BX1H7L_AN.
Rename cell $abc$1414$auto$blifparse.cc:397:parse_blif$1585 in top to bcd1_2__MUX2X0P5H7L_A.
Rename cell $abc$1414$auto$blifparse.cc:397:parse_blif$1583 in top to bcd1_3__NOR2BX1H7L_AN.
Rename cell $abc$1414$auto$blifparse.cc:397:parse_blif$1550 in top to bcd0_0__NOR2BX1H7L_AN.
Rename cell $abc$1414$auto$blifparse.cc:397:parse_blif$1548 in top to bcd0_3__NOR2BX1H7L_AN.
Rename cell $abc$1414$auto$blifparse.cc:397:parse_blif$1547 in top to bcd0_2__MUX2X1P4H7L_A.
Rename cell $abc$1414$auto$blifparse.cc:397:parse_blif$1545 in top to bcd0_1__NOR2BX1H7L_AN.
Rename cell $abc$1414$auto$blifparse.cc:397:parse_blif$1434 in top to imm_3__BUFX16H7L_A.
Rename cell $abc$1414$auto$blifparse.cc:397:parse_blif$1433 in top to imm_2__BUFX7H7L_A.
Rename cell $abc$1414$auto$blifparse.cc:397:parse_blif$1431 in top to grp0.raddr2_1__BUFX3H7L_A.
Rename cell $abc$1414$auto$blifparse.cc:397:parse_blif$1430 in top to inst_7__BUFX7H7L_A.
Rename cell $abc$1414$auto$blifparse.cc:397:parse_blif$1429 in top to grp0.raddr2_0__BUFX10H7L_A.
Rename cell $abc$1414$auto$blifparse.cc:397:parse_blif$1415 in top to inst_6__BUFX5H7L_A.
Rename cell $abc$1414$auto$blifparse.cc:397:parse_blif$1416 in top to grp0.waddr_0__BUFX1P4H7L_A.
Rename wire $$flatten\bcd7seg1.$auto$proc_rom.cc:155:do_switch$55$rdreg[0]$d_6_ in top to seg1[6]_reg_p_D.
Rename wire $$flatten\bcd7seg1.$auto$proc_rom.cc:155:do_switch$55$rdreg[0]$d_5_ in top to seg1[5]_reg_p_D.
Rename wire $$flatten\bcd7seg1.$auto$proc_rom.cc:155:do_switch$55$rdreg[0]$d_4_ in top to seg1[4]_reg_p_D.
Rename wire $$flatten\bcd7seg1.$auto$proc_rom.cc:155:do_switch$55$rdreg[0]$d_3_ in top to seg1[3]_reg_p_D.
Rename wire $$flatten\bcd7seg1.$auto$proc_rom.cc:155:do_switch$55$rdreg[0]$d_2_ in top to seg1[2]_reg_p_D.
Rename wire $$flatten\bcd7seg1.$auto$proc_rom.cc:155:do_switch$55$rdreg[0]$d_1_ in top to seg1[1]_reg_p_D.
Rename wire $$flatten\bcd7seg1.$auto$proc_rom.cc:155:do_switch$55$rdreg[0]$d_0_ in top to seg1[0]_reg_p_D.
Rename wire $$flatten\bcd7seg0.$auto$proc_rom.cc:155:do_switch$55$rdreg[0]$d_6_ in top to seg0[6]_reg_p_D.
Rename wire $$flatten\bcd7seg0.$auto$proc_rom.cc:155:do_switch$55$rdreg[0]$d_5_ in top to seg0[5]_reg_p_D.
Rename wire $$flatten\bcd7seg0.$auto$proc_rom.cc:155:do_switch$55$rdreg[0]$d_4_ in top to seg0[4]_reg_p_D.
Rename wire $$flatten\bcd7seg0.$auto$proc_rom.cc:155:do_switch$55$rdreg[0]$d_3_ in top to seg0[3]_reg_p_D.
Rename wire $$flatten\bcd7seg0.$auto$proc_rom.cc:155:do_switch$55$rdreg[0]$d_2_ in top to seg0[2]_reg_p_D.
Rename wire $$flatten\bcd7seg0.$auto$proc_rom.cc:155:do_switch$55$rdreg[0]$d_1_ in top to seg0[1]_reg_p_D.
Rename wire $$flatten\bcd7seg0.$auto$proc_rom.cc:155:do_switch$55$rdreg[0]$d_0_ in top to seg0[0]_reg_p_D.
Rename wire $abc$1414$auto$rtlil.cc:3568:MuxGate$1411 in top to npc_2__reg_p_D.
Rename wire $abc$1414$auto$rtlil.cc:3568:MuxGate$1405 in top to inst_7__reg_p_D.
Rename wire $abc$1414$auto$rtlil.cc:3568:MuxGate$1403 in top to inst_6__reg_p_D.
Rename wire $abc$1414$auto$rtlil.cc:3568:MuxGate$1401 in top to grp0.waddr_1__reg_p_D.
Rename wire $abc$1414$auto$rtlil.cc:3568:MuxGate$1399 in top to grp0.waddr_0__reg_p_D.
Rename wire $abc$1414$auto$rtlil.cc:3568:MuxGate$1393 in top to grp0.raddr2_1__reg_p_D.
Rename wire $abc$1414$auto$rtlil.cc:3568:MuxGate$1391 in top to grp0.raddr2_0__reg_p_D.
Rename wire $abc$1045$auto$rtlil.cc:3457:Mux$162[7] in top to grp0.gprs[3]_7__reg_p_D.
Rename wire $abc$1045$auto$rtlil.cc:3457:Mux$162[6] in top to grp0.gprs[3]_6__reg_p_D.
Rename wire $abc$1045$auto$rtlil.cc:3457:Mux$162[5] in top to grp0.gprs[3]_5__reg_p_D.
Rename wire $abc$1045$auto$rtlil.cc:3457:Mux$162[4] in top to grp0.gprs[3]_4__reg_p_D.
Rename wire $abc$1045$auto$rtlil.cc:3457:Mux$162[3] in top to grp0.gprs[3]_3__reg_p_D.
Rename wire $abc$1045$auto$rtlil.cc:3457:Mux$162[2] in top to grp0.gprs[3]_2__reg_p_D.
Rename wire $abc$1045$auto$rtlil.cc:3457:Mux$162[1] in top to grp0.gprs[3]_1__reg_p_D.
Rename wire $abc$1045$auto$rtlil.cc:3457:Mux$162[0] in top to grp0.gprs[3]_0__reg_p_D.
Rename wire $abc$1414$auto$rtlil.cc:3568:MuxGate$1357 in top to grp0.gprs[2]_7__reg_p_D.
Rename wire $abc$1414$auto$rtlil.cc:3568:MuxGate$1355 in top to grp0.gprs[2]_6__reg_p_D.
Rename wire $abc$1414$auto$rtlil.cc:3568:MuxGate$1353 in top to grp0.gprs[2]_5__reg_p_D.
Rename wire $abc$1414$auto$rtlil.cc:3568:MuxGate$1351 in top to grp0.gprs[2]_4__reg_p_D.
Rename wire $abc$1414$auto$rtlil.cc:3568:MuxGate$1349 in top to grp0.gprs[2]_3__reg_p_D.
Rename wire $abc$1414$auto$rtlil.cc:3568:MuxGate$1347 in top to grp0.gprs[2]_2__reg_p_D.
Rename wire $abc$1414$auto$rtlil.cc:3568:MuxGate$1345 in top to grp0.gprs[2]_1__reg_p_D.
Rename wire $abc$1414$auto$rtlil.cc:3568:MuxGate$1343 in top to grp0.gprs[2]_0__reg_p_D.
Rename wire $abc$1414$auto$rtlil.cc:3568:MuxGate$1373 in top to grp0.gprs[1]_7__reg_p_D.
Rename wire $abc$1414$auto$rtlil.cc:3568:MuxGate$1371 in top to grp0.gprs[1]_6__reg_p_D.
Rename wire $abc$1414$auto$rtlil.cc:3568:MuxGate$1369 in top to grp0.gprs[1]_5__reg_p_D.
Rename wire $abc$1414$auto$rtlil.cc:3568:MuxGate$1367 in top to grp0.gprs[1]_4__reg_p_D.
Rename wire $abc$1414$auto$rtlil.cc:3568:MuxGate$1365 in top to grp0.gprs[1]_3__reg_p_D.
Rename wire $abc$1414$auto$rtlil.cc:3568:MuxGate$1363 in top to grp0.gprs[1]_2__reg_p_D.
Rename wire $abc$1414$auto$rtlil.cc:3568:MuxGate$1361 in top to grp0.gprs[1]_1__reg_p_D.
Rename wire $abc$1414$auto$rtlil.cc:3568:MuxGate$1359 in top to grp0.gprs[1]_0__reg_p_D.
Rename wire $abc$1414$auto$rtlil.cc:3568:MuxGate$1389 in top to grp0.gprs[0]_7__reg_p_D.
Rename wire $abc$1414$auto$rtlil.cc:3568:MuxGate$1387 in top to grp0.gprs[0]_6__reg_p_D.
Rename wire $abc$1414$auto$rtlil.cc:3568:MuxGate$1385 in top to grp0.gprs[0]_5__reg_p_D.
Rename wire $abc$1414$auto$rtlil.cc:3568:MuxGate$1383 in top to grp0.gprs[0]_4__reg_p_D.
Rename wire $abc$1414$auto$rtlil.cc:3568:MuxGate$1381 in top to grp0.gprs[0]_3__reg_p_D.
Rename wire $abc$1414$auto$rtlil.cc:3568:MuxGate$1379 in top to grp0.gprs[0]_2__reg_p_D.
Rename wire $abc$1414$auto$rtlil.cc:3568:MuxGate$1377 in top to grp0.gprs[0]_1__reg_p_D.
Rename wire $abc$1414$auto$rtlil.cc:3568:MuxGate$1375 in top to grp0.gprs[0]_0__reg_p_D.
Rename cell $abc$1414$auto$blifparse.cc:397:parse_blif$1698 in top to grp0.gprs[0]_7__reg_p_D_NOR3X0P5H7L_Y.
Rename cell $abc$1414$auto$blifparse.cc:397:parse_blif$1697 in top to grp0.gprs[0]_6__reg_p_D_NOR2X0P5H7L_Y.
Rename cell $abc$1414$auto$blifparse.cc:397:parse_blif$1696 in top to grp0.gprs[0]_5__reg_p_D_NOR2X0P5H7L_Y.
Rename cell $abc$1414$auto$blifparse.cc:397:parse_blif$1695 in top to grp0.gprs[0]_4__reg_p_D_NOR2X0P5H7L_Y.
Rename cell $abc$1414$auto$blifparse.cc:397:parse_blif$1693 in top to grp0.gprs[0]_3__reg_p_D_NOR2X0P5H7L_Y.
Rename cell $abc$1414$auto$blifparse.cc:397:parse_blif$1692 in top to grp0.gprs[0]_2__reg_p_D_NOR2X0P5H7L_Y.
Rename cell $abc$1414$auto$blifparse.cc:397:parse_blif$1691 in top to grp0.gprs[0]_1__reg_p_D_NOR2X0P5H7L_Y.
Rename cell $abc$1414$auto$blifparse.cc:397:parse_blif$1690 in top to grp0.gprs[0]_0__reg_p_D_NOR2X0P5H7L_Y.
Rename cell $abc$1414$auto$blifparse.cc:397:parse_blif$1689 in top to grp0.gprs[1]_7__reg_p_D_NOR3X0P5H7L_Y.
Rename cell $abc$1414$auto$blifparse.cc:397:parse_blif$1688 in top to grp0.gprs[1]_6__reg_p_D_NOR2X0P5H7L_Y.
Rename cell $abc$1414$auto$blifparse.cc:397:parse_blif$1687 in top to grp0.gprs[1]_5__reg_p_D_NOR2X0P5H7L_Y.
Rename cell $abc$1414$auto$blifparse.cc:397:parse_blif$1686 in top to grp0.gprs[1]_4__reg_p_D_NOR2X0P5H7L_Y.
Rename cell $abc$1414$auto$blifparse.cc:397:parse_blif$1684 in top to grp0.gprs[1]_3__reg_p_D_NOR2X0P5H7L_Y.
Rename cell $abc$1414$auto$blifparse.cc:397:parse_blif$1683 in top to grp0.gprs[1]_2__reg_p_D_NOR2X0P5H7L_Y.
Rename cell $abc$1414$auto$blifparse.cc:397:parse_blif$1682 in top to grp0.gprs[1]_1__reg_p_D_NOR2X0P5H7L_Y.
Rename cell $abc$1414$auto$blifparse.cc:397:parse_blif$1681 in top to grp0.gprs[1]_0__reg_p_D_NOR2X0P5H7L_Y.
Rename cell $abc$1414$auto$blifparse.cc:397:parse_blif$1680 in top to grp0.gprs[2]_7__reg_p_D_NOR3X0P5H7L_Y.
Rename cell $abc$1414$auto$blifparse.cc:397:parse_blif$1679 in top to grp0.gprs[2]_6__reg_p_D_NOR2X0P5H7L_Y.
Rename cell $abc$1414$auto$blifparse.cc:397:parse_blif$1678 in top to grp0.gprs[2]_5__reg_p_D_NOR2X0P5H7L_Y.
Rename cell $abc$1414$auto$blifparse.cc:397:parse_blif$1677 in top to grp0.gprs[2]_4__reg_p_D_NOR2X0P5H7L_Y.
Rename cell $abc$1414$auto$blifparse.cc:397:parse_blif$1675 in top to grp0.gprs[2]_3__reg_p_D_NOR2X0P5H7L_Y.
Rename cell $abc$1414$auto$blifparse.cc:397:parse_blif$1674 in top to grp0.gprs[2]_2__reg_p_D_NOR2X0P5H7L_Y.
Rename cell $abc$1414$auto$blifparse.cc:397:parse_blif$1673 in top to grp0.gprs[2]_1__reg_p_D_NOR2X0P5H7L_Y.
Rename cell $abc$1414$auto$blifparse.cc:397:parse_blif$1672 in top to grp0.gprs[2]_0__reg_p_D_NOR2X0P5H7L_Y.
Rename cell $abc$1414$auto$blifparse.cc:397:parse_blif$1671 in top to inst_7__reg_p_D_AO211X1P4H7L_Y.
Rename cell $abc$1414$auto$blifparse.cc:397:parse_blif$1668 in top to inst_6__reg_p_D_NOR2X0P5H7L_Y.
Rename cell $abc$1414$auto$blifparse.cc:397:parse_blif$1666 in top to grp0.waddr_1__reg_p_D_OAOI211X0P5H7L_Y.
Rename cell $abc$1414$auto$blifparse.cc:397:parse_blif$1657 in top to grp0.waddr_0__reg_p_D_AOI211X0P5H7L_Y.
Rename cell $abc$1414$auto$blifparse.cc:397:parse_blif$1644 in top to npc_2__reg_p_D_INVX1P4H7L_Y.
Rename cell $abc$1414$auto$blifparse.cc:397:parse_blif$1639 in top to grp0.raddr2_1__reg_p_D_OR2X1P4H7L_Y.
Rename cell $abc$1414$auto$blifparse.cc:397:parse_blif$1634 in top to grp0.raddr2_0__reg_p_D_AO21X1H7L_Y.
Rename cell $abc$1414$auto$blifparse.cc:397:parse_blif$1620 in top to seg1[6]_reg_p_D_OAI2BB2X0P5H7L_Y.
Rename cell $abc$1414$auto$blifparse.cc:397:parse_blif$1617 in top to seg1[5]_reg_p_D_OAI2BB2X0P5H7L_Y.
Rename cell $abc$1414$auto$blifparse.cc:397:parse_blif$1613 in top to seg1[4]_reg_p_D_AOAI211X0P5H7L_Y.
Rename cell $abc$1414$auto$blifparse.cc:397:parse_blif$1610 in top to seg1[3]_reg_p_D_AOI21X0P5H7L_Y.
Rename cell $abc$1414$auto$blifparse.cc:397:parse_blif$1604 in top to seg1[2]_reg_p_D_AO22X0P7H7L_Y.
Rename cell $abc$1414$auto$blifparse.cc:397:parse_blif$1602 in top to seg1[1]_reg_p_D_OAI2BB2X0P5H7L_Y.
Rename cell $abc$1414$auto$blifparse.cc:397:parse_blif$1597 in top to seg1[0]_reg_p_D_OAI21X0P5H7L_Y.
Rename cell $abc$1414$auto$blifparse.cc:397:parse_blif$1582 in top to seg0[6]_reg_p_D_OAI31X0P5H7L_Y.
Rename cell $abc$1414$auto$blifparse.cc:397:parse_blif$1579 in top to seg0[5]_reg_p_D_AO21X1H7L_Y.
Rename cell $abc$1414$auto$blifparse.cc:397:parse_blif$1576 in top to seg0[4]_reg_p_D_OAI21X0P5H7L_Y.
Rename cell $abc$1414$auto$blifparse.cc:397:parse_blif$1572 in top to seg0[3]_reg_p_D_OA31X1H7L_Y.
Rename cell $abc$1414$auto$blifparse.cc:397:parse_blif$1567 in top to seg0[2]_reg_p_D_AO21X1H7L_Y.
Rename cell $abc$1414$auto$blifparse.cc:397:parse_blif$1565 in top to seg0[1]_reg_p_D_AOAI211X0P5H7L_Y.
Rename cell $abc$1414$auto$blifparse.cc:397:parse_blif$1557 in top to seg0[0]_reg_p_D_OAI21X0P5H7L_Y.
Rename cell $abc$1414$auto$blifparse.cc:397:parse_blif$1542 in top to grp0.gprs[3]_7__reg_p_D_NOR3X0P5H7L_Y.
Rename cell $abc$1414$auto$blifparse.cc:397:parse_blif$1532 in top to grp0.gprs[3]_6__reg_p_D_NOR2X0P5H7L_Y.
Rename cell $abc$1414$auto$blifparse.cc:397:parse_blif$1520 in top to grp0.gprs[3]_5__reg_p_D_INVX0P5H7L_Y.
Rename cell $abc$1414$auto$blifparse.cc:397:parse_blif$1508 in top to grp0.gprs[3]_4__reg_p_D_NOR2X0P5H7L_Y.
Rename cell $abc$1414$auto$blifparse.cc:397:parse_blif$1493 in top to grp0.gprs[3]_3__reg_p_D_INVX0P5H7L_Y.
Rename cell $abc$1414$auto$blifparse.cc:397:parse_blif$1477 in top to grp0.gprs[3]_2__reg_p_D_INVX0P5H7L_Y.
Rename cell $abc$1414$auto$blifparse.cc:397:parse_blif$1460 in top to grp0.gprs[3]_1__reg_p_D_INVX0P5H7L_Y.
Rename cell $abc$1414$auto$blifparse.cc:397:parse_blif$1446 in top to grp0.gprs[3]_0__reg_p_D_INVX0P5H7L_Y.
Rename wire $abc$1414$new_n412 in top to npc_1__reg_p_D_OAOI211X0P5H7L_Y_B0.
Rename wire $abc$1414$new_n411 in top to npc_1__reg_p_D_OAOI211X0P5H7L_Y_A1.
Rename wire $abc$1414$new_n409 in top to npc_0__reg_p_D_AOI211X0P5H7L_Y_B0.
Rename wire $abc$1414$new_n358 in top to imm_3__reg_p_D_AO221X4H7L_Y_B0.
Rename wire $abc$1414$new_n297 in top to bcd1_1__NOR2BX1H7L_AN_Z.
Rename wire $abc$1414$new_n293 in top to bcd1_3__NOR2BX1H7L_AN_Z.
Rename wire $abc$1414$new_n260 in top to bcd0_0__NOR2BX1H7L_AN_Z.
Rename wire $abc$1414$new_n258 in top to bcd0_3__NOR2BX1H7L_AN_Z.
Rename wire $abc$1414$new_n255 in top to bcd0_1__NOR2BX1H7L_AN_Z.
Rename cell $abc$1414$auto$blifparse.cc:397:parse_blif$1702 in top to npc_1__reg_p_D_OAOI211X0P5H7L_Y_B0_NAND2X0P5H7L_Y.
Rename cell $abc$1414$auto$blifparse.cc:397:parse_blif$1701 in top to npc_1__reg_p_D_OAOI211X0P5H7L_Y_A1_XNOR2X0P5H7L_Y.
Rename cell $abc$1414$auto$blifparse.cc:397:parse_blif$1699 in top to npc_0__reg_p_D_AOI211X0P5H7L_Y_B0_NOR2BX1P4H7L_Z.
Rename cell $abc$1414$auto$blifparse.cc:397:parse_blif$1648 in top to imm_3__reg_p_D_AO221X4H7L_Y_B0_MUXI2X0P5H7L_Y.
Rename cell $abc$1414$auto$blifparse.cc:397:parse_blif$1588 in top to bcd1_1__NOR2BX1H7L_AN_Z_AOI21X1P4H7L_B0.
Rename cell $abc$1414$auto$blifparse.cc:397:parse_blif$1584 in top to bcd1_3__NOR2BX1H7L_AN_Z_AOI21X0P7H7L_B0.
Rename cell $abc$1414$auto$blifparse.cc:397:parse_blif$1562 in top to bcd0_3__NOR2BX1H7L_AN_Z_AOI21X0P5H7L_B0.
Rename cell $abc$1414$auto$blifparse.cc:397:parse_blif$1551 in top to bcd0_0__NOR2BX1H7L_AN_Z_AOI21X0P5H7L_B0.
Rename cell $abc$1414$auto$blifparse.cc:397:parse_blif$1549 in top to bcd0_3__NOR2BX1H7L_AN_Z_AO21X1H7L_B0.
Rename cell $abc$1414$auto$blifparse.cc:397:parse_blif$1546 in top to bcd0_1__NOR2BX1H7L_AN_Z_AOI21X1P4H7L_B0.
Rename cell $abc$1414$auto$blifparse.cc:397:parse_blif$1539 in top to grp0.rdata1_7__XOR2X0P7H7L_A.
Rename cell $abc$1414$auto$blifparse.cc:397:parse_blif$1538 in top to grp0.gprs[0]_7__MUX4X1P4H7L_A.
Rename cell $abc$1414$auto$blifparse.cc:397:parse_blif$1535 in top to grp0.gprs[2]_7__MUX2X2H7L_A.
Rename cell $abc$1414$auto$blifparse.cc:397:parse_blif$1523 in top to grp0.gprs[1]_6__AOI32X2H7L_A0.
Rename cell $abc$1414$auto$blifparse.cc:397:parse_blif$1522 in top to grp0.gprs[2]_6__MUX2X0P5H7L_A.
Rename cell $abc$1414$auto$blifparse.cc:397:parse_blif$1521 in top to grp0.gprs[0]_6__MUX4X1P4H7L_A.
Rename cell $abc$1414$auto$blifparse.cc:397:parse_blif$1515 in top to grp0.gprs[0]_5__NOR2X3H7L_A.
Rename cell $abc$1414$auto$blifparse.cc:397:parse_blif$1514 in top to grp0.gprs[2]_5__OAI22X4H7L_A0.
Rename cell $abc$1414$auto$blifparse.cc:397:parse_blif$1513 in top to grp0.gprs[1]_5__MUX2X8H7L_A.
Rename cell $abc$1414$auto$blifparse.cc:397:parse_blif$1512 in top to grp0.gprs[0]_5__MUX4X1P4H7L_A.
Rename cell $abc$1414$auto$blifparse.cc:397:parse_blif$1503 in top to grp0.gprs[0]_4__MUX4X1P4H7L_A.
Rename cell $abc$1414$auto$blifparse.cc:397:parse_blif$1500 in top to grp0.gprs[1]_4__NOR3BX1P4H7L_C.
Rename cell $abc$1414$auto$blifparse.cc:397:parse_blif$1499 in top to grp0.gprs[2]_4__MUXI2X1P4H7L_A.
Rename cell $abc$1414$auto$blifparse.cc:397:parse_blif$1484 in top to grp0.gprs[0]_3__MUX4X1P4H7L_A.
Rename cell $abc$1414$auto$blifparse.cc:397:parse_blif$1481 in top to grp0.gprs[2]_3__MUXI2X0P5H7L_A.
Rename cell $abc$1414$auto$blifparse.cc:397:parse_blif$1479 in top to grp0.gprs[1]_3__INVX0P5H7L_A.
Rename cell $abc$1414$auto$blifparse.cc:397:parse_blif$1478 in top to grp0.gprs[0]_3__NOR2BX1H7L_AN.
Rename cell $abc$1414$auto$blifparse.cc:397:parse_blif$1470 in top to grp0.gprs[0]_2__MUX4X3H7L_A.
Rename cell $abc$1414$auto$blifparse.cc:397:parse_blif$1466 in top to grp0.gprs[2]_2__MUX2X0P5H7L_A.
Rename cell $abc$1414$auto$blifparse.cc:397:parse_blif$1464 in top to grp0.gprs[0]_2__NAND2X0P5H7L_A.
Rename cell $abc$1414$auto$blifparse.cc:397:parse_blif$1456 in top to grp0.rdata1_1__XNOR2X3H7L_B.
Rename cell $abc$1414$auto$blifparse.cc:397:parse_blif$1455 in top to grp0.rdata1_1__AND2X1H7L_Y.
Rename cell $abc$1414$auto$blifparse.cc:397:parse_blif$1452 in top to grp0.gprs[2]_1__NOR3BX0P5H7L_C.
Rename cell $abc$1414$auto$blifparse.cc:397:parse_blif$1451 in top to grp0.gprs[1]_1__MUXI2X0P5H7L_A.
Rename cell $abc$1414$auto$blifparse.cc:397:parse_blif$1448 in top to grp0.gprs[0]_1__MUX4X1P4H7L_A.
Rename cell $abc$1414$auto$blifparse.cc:397:parse_blif$1443 in top to grp0.rdata1_0__XNOR2X0P7H7L_B.
Rename cell $abc$1414$auto$blifparse.cc:397:parse_blif$1442 in top to grp0.rdata1_0__NOR2X3H7L_Y.
Rename cell $abc$1414$auto$blifparse.cc:397:parse_blif$1441 in top to grp0.gprs[2]_0__OAI32X2H7L_A0.
Rename cell $abc$1414$auto$blifparse.cc:397:parse_blif$1440 in top to grp0.gprs[1]_0__MUX2X1H7L_A.
Rename cell $abc$1414$auto$blifparse.cc:397:parse_blif$1436 in top to grp0.gprs[0]_0__NOR2X0P7H7L_A.
Rename cell $abc$1414$auto$blifparse.cc:397:parse_blif$1432 in top to grp0.gprs[0]_0__MUX4X1P4H7L_A.
Rename wire $abc$1414$new_n380 in top to inst_7__reg_p_D_AO211X1P4H7L_Y_A1.
Rename wire $abc$1414$new_n377 in top to inst_6__reg_p_D_NOR2X0P5H7L_Y_B.
Rename wire $abc$1414$new_n375 in top to grp0.waddr_1__reg_p_D_OAOI211X0P5H7L_Y_B0.
Rename wire $abc$1414$new_n372 in top to grp0.waddr_1__reg_p_D_OAOI211X0P5H7L_Y_A1.
Rename wire $abc$1414$new_n366 in top to grp0.waddr_0__reg_p_D_AOI211X0P5H7L_Y_B0.
Rename wire $abc$1414$new_n361 in top to grp0.waddr_0__reg_p_D_AOI211X0P5H7L_Y_A1.
Rename wire $abc$1414$new_n353 in top to npc_2__reg_p_D_INVX1P4H7L_Y_A.
Rename wire $abc$1414$new_n338 in top to grp0.raddr2_0__reg_p_D_AO21X1H7L_Y_A1.
Rename wire $abc$1414$new_n329 in top to seg1[6]_reg_p_D_OAI2BB2X0P5H7L_Y_A1N.
Rename wire $abc$1414$new_n326 in top to seg1[5]_reg_p_D_OAI2BB2X0P5H7L_Y_B0.
Rename wire $abc$1414$new_n325 in top to seg1[5]_reg_p_D_OAI2BB2X0P5H7L_Y_A1N.
Rename wire $abc$1414$new_n322 in top to seg1[4]_reg_p_D_AOAI211X0P5H7L_Y_C0.
Rename wire $abc$1414$new_n321 in top to seg1[4]_reg_p_D_AOAI211X0P5H7L_Y_A1.
Rename wire $abc$1414$new_n319 in top to seg1[3]_reg_p_D_AOI21X0P5H7L_Y_B0.
Rename wire $abc$1414$new_n316 in top to seg1[3]_reg_p_D_AOI21X0P5H7L_Y_A1.
Rename wire $abc$1414$new_n313 in top to seg1[2]_reg_p_D_AO22X0P7H7L_Y_B0.
Rename wire $abc$1414$new_n311 in top to seg1[1]_reg_p_D_OAI2BB2X0P5H7L_Y_B0.
Rename wire $abc$1414$new_n310 in top to seg1[1]_reg_p_D_OAI2BB2X0P5H7L_Y_A1N.
Rename wire $abc$1414$new_n348 in top to imm_2__reg_p_D_AO21X1H7L_Y_A0.
Rename wire $abc$1414$new_n212 in top to grp0.rdata1_4__AND2X1H7L_Y_B.
Rename wire $abc$1414$new_n211 in top to grp0.rdata1_4__AND2X1H7L_Y_A.
Rename wire $abc$1414$new_n306 in top to seg1[0]_reg_p_D_OAI21X0P5H7L_Y_B0.
Rename wire $abc$1414$new_n301 in top to seg1[0]_reg_p_D_OAI21X0P5H7L_Y_A1.
Rename wire $abc$1414$new_n291 in top to seg0[6]_reg_p_D_OAI31X0P5H7L_Y_B0.
Rename wire $abc$1414$new_n288 in top to seg0[5]_reg_p_D_AO21X1H7L_Y_B0.
Rename wire $abc$1414$new_n287 in top to seg0[5]_reg_p_D_AO21X1H7L_Y_A1.
Rename wire $abc$1414$new_n264 in top to seg0[4]_reg_p_D_OAI21X0P5H7L_Y_B0.
Rename wire $abc$1414$new_n285 in top to seg0[4]_reg_p_D_OAI21X0P5H7L_Y_A1.
Rename wire $abc$1414$new_n281 in top to seg0[3]_reg_p_D_OA31X1H7L_Y_B0.
Rename wire $abc$1414$new_n280 in top to seg0[3]_reg_p_D_OA31X1H7L_Y_A2.
Rename wire $abc$1414$new_n278 in top to seg0[3]_reg_p_D_OA31X1H7L_Y_A1.
Rename wire $abc$1414$new_n276 in top to seg0[2]_reg_p_D_AO21X1H7L_Y_A1.
Rename wire $abc$1414$new_n274 in top to seg0[1]_reg_p_D_AOAI211X0P5H7L_Y_C0.
Rename wire $abc$1414$new_n270 in top to seg0[1]_reg_p_D_AOAI211X0P5H7L_Y_A1.
Rename wire $abc$1414$new_n266 in top to seg0[0]_reg_p_D_OAI21X0P5H7L_Y_B0.
Rename wire $abc$1414$new_n263 in top to seg0[0]_reg_p_D_OAI21X0P5H7L_Y_A1.
Rename cell $abc$1414$auto$blifparse.cc:397:parse_blif$1670 in top to inst_7__reg_p_D_AO211X1P4H7L_Y_A1_MUXI2X0P5H7L_Y.
Rename cell $abc$1414$auto$blifparse.cc:397:parse_blif$1667 in top to inst_6__reg_p_D_NOR2X0P5H7L_Y_B_MUX2X0P5H7L_Y.
Rename cell $abc$1414$auto$blifparse.cc:397:parse_blif$1665 in top to grp0.waddr_1__reg_p_D_OAOI211X0P5H7L_Y_B0_NAND3X0P5H7L_Y.
Rename cell $abc$1414$auto$blifparse.cc:397:parse_blif$1662 in top to grp0.waddr_1__reg_p_D_OAOI211X0P5H7L_Y_A1_OAI211X0P7H7L_Y.
Rename cell $abc$1414$auto$blifparse.cc:397:parse_blif$1656 in top to grp0.waddr_0__reg_p_D_AOI211X0P5H7L_Y_B0_OAOI211X0P5H7L_Y.
Rename cell $abc$1414$auto$blifparse.cc:397:parse_blif$1651 in top to grp0.waddr_0__reg_p_D_AOI211X0P5H7L_Y_A1_AOI21X0P5H7L_Y.
Rename cell $abc$1414$auto$blifparse.cc:397:parse_blif$1628 in top to grp0.raddr2_0__reg_p_D_AO21X1H7L_Y_A1_MUX2X0P5H7L_Y.
Rename cell $abc$1414$auto$blifparse.cc:397:parse_blif$1619 in top to seg1[6]_reg_p_D_OAI2BB2X0P5H7L_Y_A1N_OAI21X0P5H7L_Y.
Rename cell $abc$1414$auto$blifparse.cc:397:parse_blif$1616 in top to seg1[5]_reg_p_D_OAI2BB2X0P5H7L_Y_B0_AOI21X0P5H7L_Y.
Rename cell $abc$1414$auto$blifparse.cc:397:parse_blif$1615 in top to seg1[5]_reg_p_D_OAI2BB2X0P5H7L_Y_A1N_OAI21X0P5H7L_Y.
Rename cell $abc$1414$auto$blifparse.cc:397:parse_blif$1612 in top to seg1[4]_reg_p_D_AOAI211X0P5H7L_Y_C0_OR2X1P4H7L_Y.
Rename cell $abc$1414$auto$blifparse.cc:397:parse_blif$1611 in top to seg1[4]_reg_p_D_AOAI211X0P5H7L_Y_A1_NAND2BX0P5H7L_Y.
Rename cell $abc$1414$auto$blifparse.cc:397:parse_blif$1609 in top to seg1[3]_reg_p_D_AOI21X0P5H7L_Y_B0_AOI21X0P5H7L_Y.
Rename cell $abc$1414$auto$blifparse.cc:397:parse_blif$1606 in top to seg1[3]_reg_p_D_AOI21X0P5H7L_Y_A1_OAI21X0P5H7L_Y.
Rename cell $abc$1414$auto$blifparse.cc:397:parse_blif$1603 in top to seg1[2]_reg_p_D_AO22X0P7H7L_Y_B0_NAND2X0P5H7L_Y.
Rename cell $abc$1414$auto$blifparse.cc:397:parse_blif$1601 in top to seg1[1]_reg_p_D_OAI2BB2X0P5H7L_Y_B0_NAND2X0P5H7L_Y.
Rename cell $abc$1414$auto$blifparse.cc:397:parse_blif$1600 in top to seg1[1]_reg_p_D_OAI2BB2X0P5H7L_Y_A1N_OAI21X0P5H7L_Y.
Rename cell $abc$1414$auto$blifparse.cc:397:parse_blif$1596 in top to seg1[0]_reg_p_D_OAI21X0P5H7L_Y_B0_OAI21X0P5H7L_Y.
Rename cell $abc$1414$auto$blifparse.cc:397:parse_blif$1591 in top to seg1[0]_reg_p_D_OAI21X0P5H7L_Y_A1_NAND2BX0P5H7L_Y.
Rename cell $abc$1414$auto$blifparse.cc:397:parse_blif$1581 in top to seg0[6]_reg_p_D_OAI31X0P5H7L_Y_B0_OAI211X0P7H7L_Y.
Rename cell $abc$1414$auto$blifparse.cc:397:parse_blif$1578 in top to seg0[5]_reg_p_D_AO21X1H7L_Y_B0_AOI21X0P5H7L_Y.
Rename cell $abc$1414$auto$blifparse.cc:397:parse_blif$1577 in top to seg0[5]_reg_p_D_AO21X1H7L_Y_A1_OAI2BB1X0P5H7L_Y.
Rename cell $abc$1414$auto$blifparse.cc:397:parse_blif$1575 in top to seg0[4]_reg_p_D_OAI21X0P5H7L_Y_A1_AOI21X0P5H7L_Y.
Rename cell $abc$1414$auto$blifparse.cc:397:parse_blif$1571 in top to seg0[3]_reg_p_D_OA31X1H7L_Y_B0_AOAI211X0P5H7L_Y.
Rename cell $abc$1414$auto$blifparse.cc:397:parse_blif$1570 in top to seg0[3]_reg_p_D_OA31X1H7L_Y_A2_NOR2X0P5H7L_Y.
Rename cell $abc$1414$auto$blifparse.cc:397:parse_blif$1568 in top to seg0[3]_reg_p_D_OA31X1H7L_Y_A1_NOR2BX1H7L_Z.
Rename cell $abc$1414$auto$blifparse.cc:397:parse_blif$1566 in top to seg0[2]_reg_p_D_AO21X1H7L_Y_A1_OAI2BB1X0P5H7L_Y.
Rename cell $abc$1414$auto$blifparse.cc:397:parse_blif$1564 in top to seg0[1]_reg_p_D_AOAI211X0P5H7L_Y_C0_OR2X0P5H7L_Y.
Rename cell $abc$1414$auto$blifparse.cc:397:parse_blif$1560 in top to seg0[1]_reg_p_D_AOAI211X0P5H7L_Y_A1_NAND2BX0P5H7L_Y.
Rename cell $abc$1414$auto$blifparse.cc:397:parse_blif$1556 in top to seg0[0]_reg_p_D_OAI21X0P5H7L_Y_B0_NAND2X0P5H7L_Y.
Rename cell $abc$1414$auto$blifparse.cc:397:parse_blif$1555 in top to seg0[4]_reg_p_D_OAI21X0P5H7L_Y_B0_OAI21X0P5H7L_B0.
Rename cell $abc$1414$auto$blifparse.cc:397:parse_blif$1554 in top to seg0[4]_reg_p_D_OAI21X0P5H7L_Y_B0_NAND3X0P5H7L_Y.
Rename cell $abc$1414$auto$blifparse.cc:397:parse_blif$1553 in top to seg0[0]_reg_p_D_OAI21X0P5H7L_Y_A1_NAND2X0P5H7L_Y.
Rename wire $abc$1414$new_n356 in top to imm_3__reg_p_D_AO221X4H7L_Y_B0_MUXI2X0P5H7L_Y_A.
Rename wire $abc$1414$new_n248 in top to grp0.rdata1_7__XOR2X0P7H7L_A_B.
Rename wire $abc$1414$new_n245 in top to grp0.gprs[2]_7__MUX2X2H7L_A_Y.
Rename wire $abc$1414$new_n233 in top to grp0.gprs[1]_6__AOI32X2H7L_A0_Y.
Rename wire $abc$1414$new_n232 in top to grp0.gprs[2]_6__MUX2X0P5H7L_A_Y.
Rename wire $abc$1414$new_n225 in top to grp0.gprs[0]_5__NOR2X3H7L_A_Y.
Rename wire $abc$1414$new_n224 in top to grp0.gprs[2]_5__OAI22X4H7L_A0_Y.
Rename wire $abc$1414$new_n223 in top to grp0.gprs[1]_5__MUX2X8H7L_A_Y.
Rename wire $abc$1414$new_n213 in top to grp0.gprs[0]_4__MUX4X1P4H7L_A_Y.
Rename wire $abc$1414$new_n210 in top to grp0.gprs[1]_4__NOR3BX1P4H7L_C_Y.
Rename wire $abc$1414$new_n209 in top to grp0.gprs[2]_4__MUXI2X1P4H7L_A_Y.
Rename wire $abc$1414$new_n191 in top to grp0.gprs[2]_3__MUXI2X0P5H7L_A_Y.
Rename wire $abc$1414$new_n189 in top to grp0.gprs[1]_3__INVX0P5H7L_A_Y.
Rename wire $abc$1414$new_n180 in top to grp0.gprs[0]_2__MUX4X3H7L_A_Y.
Rename wire $abc$1414$new_n176 in top to grp0.gprs[2]_2__MUX2X0P5H7L_A_Y.
Rename wire $abc$1414$new_n174 in top to grp0.gprs[0]_2__NAND2X0P5H7L_A_Y.
Rename wire $abc$1414$new_n166 in top to grp0.rdata1_1__XNOR2X3H7L_B_Y.
Rename wire $abc$1414$new_n164 in top to grp0.rdata1_1__AND2X1H7L_Y_B.
Rename wire $abc$1414$new_n160 in top to grp0.rdata1_1__AND2X1H7L_Y_A.
Rename wire $abc$1414$new_n162 in top to grp0.gprs[2]_1__NOR3BX0P5H7L_C_Y.
Rename wire $abc$1414$new_n161 in top to grp0.gprs[1]_1__MUXI2X0P5H7L_A_Y.
Rename wire $abc$1414$new_n158 in top to grp0.rdata1_1__XNOR2X3H7L_B_A.
Rename wire $abc$1414$new_n153 in top to grp0.rdata1_0__XNOR2X0P7H7L_B_Y.
Rename wire $abc$1414$new_n151 in top to grp0.rdata1_0__NOR2X3H7L_Y_B.
Rename wire $abc$1414$new_n149 in top to grp0.gprs[2]_0__OAI32X2H7L_A0_B0.
Rename wire $abc$1414$new_n147 in top to grp0.gprs[2]_0__OAI32X2H7L_A0_A1.
Rename wire $abc$1414$new_n150 in top to grp0.gprs[1]_0__MUX2X1H7L_A_Y.
Rename wire $abc$1414$new_n146 in top to grp0.rdata1_0__NOR2X3H7L_Y_A.
Rename wire $abc$1414$new_n145 in top to grp0.gprs[0]_5__NOR2X3H7L_A_B.
Rename wire $abc$1414$new_n142 in top to grp0.gprs[0]_0__MUX4X1P4H7L_A_Y.
Rename cell $abc$1414$auto$blifparse.cc:397:parse_blif$1646 in top to imm_3__reg_p_D_AO221X4H7L_Y_B0_MUXI2X0P5H7L_Y_A_NAND2BX0P5H7L_Y.
Rename cell $abc$1414$auto$blifparse.cc:397:parse_blif$1643 in top to npc_2__reg_p_D_INVX1P4H7L_Y_A_MUX2X8H7L_Y.
Rename cell $abc$1414$auto$blifparse.cc:397:parse_blif$1638 in top to imm_2__reg_p_D_AO21X1H7L_Y_A0_MUX2X8H7L_Y.
Rename cell $abc$1414$auto$blifparse.cc:397:parse_blif$1625 in top to grp0.rdata1_1__XNOR2X3H7L_B_Y_NAND4BX2H7L_C.
Rename cell $abc$1414$auto$blifparse.cc:397:parse_blif$1537 in top to grp0.rdata1_7__OAI2BB1X1P4H7L_Y.
Rename cell $abc$1414$auto$blifparse.cc:397:parse_blif$1536 in top to grp0.gprs[2]_7__MUX2X2H7L_A_Y_AOI32X1P4H7L_B0.
Rename cell $abc$1414$auto$blifparse.cc:397:parse_blif$1524 in top to grp0.gprs[1]_6__AOI32X2H7L_A0_Y_OAI2BB1X3H7L_B0.
Rename cell $abc$1414$auto$blifparse.cc:397:parse_blif$1516 in top to grp0.gprs[0]_5__NOR2X3H7L_A_Y_AOI21X6H7L_B0.
Rename cell $abc$1414$auto$blifparse.cc:397:parse_blif$1505 in top to grp0.gprs[0]_4__MUX4X1P4H7L_A_Y_AOI21X0P5H7L_B0.
Rename cell $abc$1414$auto$blifparse.cc:397:parse_blif$1504 in top to grp0.gprs[0]_4__MUX4X1P4H7L_A_Y_NAND3X0P5H7L_C.
Rename cell $abc$1414$auto$blifparse.cc:397:parse_blif$1502 in top to grp0.gprs[0]_4__NAND2BX0P7H7L_AN.
Rename cell $abc$1414$auto$blifparse.cc:397:parse_blif$1501 in top to grp0.gprs[2]_4__MUXI2X1P4H7L_A_Y_AOAI211X0P7H7L_A1.
Rename cell $abc$1414$auto$blifparse.cc:397:parse_blif$1497 in top to grp0.gprs[0]_2__MUX4X3H7L_A_Y_OAI22X0P5H7L_A1.
Rename cell $abc$1414$auto$blifparse.cc:397:parse_blif$1488 in top to grp0.gprs[0]_2__NAND2X0P5H7L_A_Y_AOI21X0P5H7L_A0.
Rename cell $abc$1414$auto$blifparse.cc:397:parse_blif$1483 in top to grp0.gprs[1]_3__INVX0P5H7L_A_Y_OAI32X2H7L_A0.
Rename cell $abc$1414$auto$blifparse.cc:397:parse_blif$1471 in top to grp0.gprs[0]_2__MUX4X3H7L_A_Y_INVX0P5H7L_A.
Rename cell $abc$1414$auto$blifparse.cc:397:parse_blif$1469 in top to grp0.gprs[0]_2__NAND2X0P5H7L_A_Y_NAND2X3H7L_A.
Rename cell $abc$1414$auto$blifparse.cc:397:parse_blif$1468 in top to grp0.gprs[2]_2__MUX2X0P5H7L_A_Y_AOI32X1P4H7L_B0.
Rename cell $abc$1414$auto$blifparse.cc:397:parse_blif$1462 in top to grp0.rdata1_1__AND2X1H7L_Y_A_AND3X1P4H7L_B.
Rename cell $abc$1414$auto$blifparse.cc:397:parse_blif$1461 in top to grp0.rdata1_1__AND2X1H7L_Y_A_AO21X1H7L_A0.
Rename cell $abc$1414$auto$blifparse.cc:397:parse_blif$1457 in top to grp0.rdata1_1__XNOR2X3H7L_B_Y_XOR2X0P5H7L_B.
Rename cell $abc$1414$auto$blifparse.cc:397:parse_blif$1454 in top to grp0.gprs[1]_1__MUXI2X0P5H7L_A_Y_AOAI211X1P4H7L_A1.
Rename cell $abc$1414$auto$blifparse.cc:397:parse_blif$1450 in top to grp0.gprs[0]_1__NAND2BX0P5H7L_AN.
Rename cell $abc$1414$auto$blifparse.cc:397:parse_blif$1447 in top to grp0.rdata1_0__NOR2X3H7L_Y_A_NOR3BX3H7L_B.
Rename cell $abc$1414$auto$blifparse.cc:397:parse_blif$1444 in top to grp0.rdata1_0__XNOR2X0P7H7L_B_Y_NOR2X0P5H7L_B.
Rename cell $abc$1414$auto$blifparse.cc:397:parse_blif$1439 in top to grp0.gprs[2]_0__OAI32X2H7L_A0_B0_OAI2BB1X0P5H7L_Y.
Rename cell $abc$1414$auto$blifparse.cc:397:parse_blif$1437 in top to grp0.gprs[2]_0__OAI32X2H7L_A0_A1_AND2X1H7L_Y.
Rename wire $abc$1414$new_n404 in top to grp0.gprs[0]_4__reg_p_D_NOR2X0P5H7L_Y_B.
Rename wire $abc$1414$new_n395 in top to grp0.gprs[1]_4__reg_p_D_NOR2X0P5H7L_Y_B.
Rename wire $abc$1414$new_n386 in top to grp0.gprs[2]_4__reg_p_D_NOR2X0P5H7L_Y_B.
Rename wire $abc$1414$new_n379 in top to inst_7__reg_p_D_AO211X1P4H7L_Y_A1_MUXI2X0P5H7L_Y_A.
Rename wire $abc$1414$new_n374 in top to grp0.waddr_1__reg_p_D_OAOI211X0P5H7L_Y_B0_NAND3X0P5H7L_Y_C.
Rename wire $abc$1414$new_n373 in top to inst_6__reg_p_D_NOR2X0P5H7L_Y_B_MUX2X0P5H7L_Y_B.
Rename wire $abc$1414$new_n371 in top to inst_6__reg_p_D_NOR2X0P5H7L_Y_B_MUX2X0P5H7L_Y_A.
Rename wire $abc$1414$new_n368 in top to grp0.waddr_1__reg_p_D_OAOI211X0P5H7L_Y_A1_OAI211X0P7H7L_Y_A1.
Rename wire $abc$1414$new_n365 in top to grp0.waddr_0__reg_p_D_AOI211X0P5H7L_Y_B0_OAOI211X0P5H7L_Y_B0.
Rename wire $abc$1414$new_n360 in top to grp0.waddr_0__reg_p_D_AOI211X0P5H7L_Y_A1_AOI21X0P5H7L_Y_A1.
Rename wire $abc$1414$new_n333 in top to grp0.raddr2_0__reg_p_D_AO21X1H7L_Y_A1_MUX2X0P5H7L_Y_B.
Rename wire $abc$1414$new_n331 in top to grp0.raddr2_0__reg_p_D_AO21X1H7L_Y_A1_MUX2X0P5H7L_Y_A.
Rename wire $abc$1414$new_n317 in top to seg1[6]_reg_p_D_OAI2BB2X0P5H7L_Y_B0.
Rename wire $abc$1414$new_n328 in top to seg1[6]_reg_p_D_OAI2BB2X0P5H7L_Y_A1N_OAI21X0P5H7L_Y_B0.
Rename wire $abc$1414$new_n304 in top to seg1[5]_reg_p_D_OAI2BB2X0P5H7L_Y_B0_AOI21X0P5H7L_Y_A0.
Rename wire $abc$1414$new_n324 in top to seg1[5]_reg_p_D_OAI2BB2X0P5H7L_Y_A1N_OAI21X0P5H7L_Y_B0.
Rename wire $abc$1414$new_n318 in top to seg1[3]_reg_p_D_AOI21X0P5H7L_Y_B0_AOI21X0P5H7L_Y_A1.
Rename wire $abc$1414$new_n315 in top to seg1[3]_reg_p_D_AOI21X0P5H7L_Y_A1_OAI21X0P5H7L_Y_A0.
Rename wire $abc$1414$new_n305 in top to seg1[0]_reg_p_D_OAI21X0P5H7L_Y_B0_OAI21X0P5H7L_Y_A1.
Rename wire $abc$1414$new_n303 in top to seg1[0]_reg_p_D_OAI21X0P5H7L_Y_B0_OAI21X0P5H7L_Y_A0.
Rename wire $abc$1414$new_n290 in top to seg0[6]_reg_p_D_OAI31X0P5H7L_Y_B0_OAI211X0P7H7L_Y_B0.
Rename wire $abc$1414$new_n284 in top to seg0[4]_reg_p_D_OAI21X0P5H7L_Y_A1_AOI21X0P5H7L_Y_B0.
Rename wire $abc$1414$new_n279 in top to seg0[3]_reg_p_D_OA31X1H7L_Y_A2_NOR2X0P5H7L_Y_B.
Rename wire $abc$1414$new_n271 in top to seg0[1]_reg_p_D_AOAI211X0P5H7L_Y_C0_OR2X0P5H7L_Y_A.
Rename wire $abc$1414$new_n268 in top to seg0[1]_reg_p_D_AOAI211X0P5H7L_Y_A0.
Rename wire $abc$1414$new_n265 in top to seg0[0]_reg_p_D_OAI21X0P5H7L_Y_B0_NAND2X0P5H7L_Y_B.
Rename wire $abc$1414$new_n272 in top to bcd0_3__NOR2BX1H7L_AN_Z_AOI21X0P5H7L_B0_Y.
Rename wire $abc$1414$new_n249 in top to grp0.rdata1_7__XOR2X0P7H7L_A_Y.
Rename wire $abc$1414$new_n177 in top to grp0.gprs[1]_6__AOI32X2H7L_A0_B1.
Rename wire $abc$1414$new_n175 in top to grp0.gprs[1]_6__AOI32X2H7L_A0_A2.
Rename wire $abc$1414$new_n231 in top to grp0.gprs[0]_6__MUX4X1P4H7L_A_Y.
Rename wire $abc$1414$new_n184 in top to grp0.gprs[2]_5__OAI22X4H7L_A0_B1.
Rename wire $abc$1414$new_n222 in top to grp0.gprs[0]_5__MUX4X1P4H7L_A_Y.
Rename wire $abc$1414$new_n204 in top to grp0.gprs[3]_4__reg_p_D_NOR2X0P5H7L_Y_A.
Rename wire $abc$1414$new_n194 in top to grp0.gprs[0]_3__MUX4X1P4H7L_A_Y.
Rename wire $abc$1414$new_n188 in top to grp0.gprs[0]_3__NOR2BX1H7L_AN_Z.
Rename wire $abc$1414$new_n148 in top to grp0.gprs[2]_0__OAI32X2H7L_A0_A2.
Rename cell $abc$1414$auto$blifparse.cc:397:parse_blif$1669 in top to inst_7__reg_p_D_AO211X1P4H7L_Y_A1_MUXI2X0P5H7L_Y_A_NAND2BX0P5H7L_Y.
Rename cell $abc$1414$auto$blifparse.cc:397:parse_blif$1664 in top to grp0.waddr_1__reg_p_D_OAOI211X0P5H7L_Y_B0_NAND3X0P5H7L_Y_C_NAND2BX0P5H7L_Y.
Rename cell $abc$1414$auto$blifparse.cc:397:parse_blif$1663 in top to inst_6__reg_p_D_NOR2X0P5H7L_Y_B_MUX2X0P5H7L_Y_B_AOI21X0P5H7L_Y.
Rename cell $abc$1414$auto$blifparse.cc:397:parse_blif$1661 in top to inst_6__reg_p_D_NOR2X0P5H7L_Y_B_MUX2X0P5H7L_Y_A_OAI22X0P5H7L_Y.
Rename cell $abc$1414$auto$blifparse.cc:397:parse_blif$1659 in top to grp0.waddr_1__reg_p_D_OAOI211X0P5H7L_Y_A1_OAI211X0P7H7L_Y_A1_NAND2X0P5H7L_B.
Rename cell $abc$1414$auto$blifparse.cc:397:parse_blif$1658 in top to grp0.waddr_1__reg_p_D_OAOI211X0P5H7L_Y_A1_OAI211X0P7H7L_Y_A1_OR2X0P5H7L_Y.
Rename cell $abc$1414$auto$blifparse.cc:397:parse_blif$1655 in top to grp0.waddr_0__reg_p_D_AOI211X0P5H7L_Y_B0_OAOI211X0P5H7L_Y_B0_OAI211X0P7H7L_Y.
Rename cell $abc$1414$auto$blifparse.cc:397:parse_blif$1650 in top to grp0.waddr_0__reg_p_D_AOI211X0P5H7L_Y_A1_AOI21X0P5H7L_Y_A1_OR2X0P5H7L_Y.
Rename cell $abc$1414$auto$blifparse.cc:397:parse_blif$1623 in top to grp0.raddr2_0__reg_p_D_AO21X1H7L_Y_A1_MUX2X0P5H7L_Y_B_XNOR2X0P5H7L_Y.
Rename cell $abc$1414$auto$blifparse.cc:397:parse_blif$1621 in top to grp0.raddr2_0__reg_p_D_AO21X1H7L_Y_A1_MUX2X0P5H7L_Y_A_XOR2X0P5H7L_Y.
Rename cell $abc$1414$auto$blifparse.cc:397:parse_blif$1618 in top to seg1[6]_reg_p_D_OAI2BB2X0P5H7L_Y_A1N_OAI21X0P5H7L_Y_B0_NAND3X0P5H7L_Y.
Rename cell $abc$1414$auto$blifparse.cc:397:parse_blif$1614 in top to seg1[5]_reg_p_D_OAI2BB2X0P5H7L_Y_A1N_OAI21X0P5H7L_Y_B0_NAND3X0P5H7L_Y.
Rename cell $abc$1414$auto$blifparse.cc:397:parse_blif$1608 in top to seg1[3]_reg_p_D_AOI21X0P5H7L_Y_B0_AOI21X0P5H7L_Y_A1_NAND2BX0P5H7L_Y.
Rename cell $abc$1414$auto$blifparse.cc:397:parse_blif$1605 in top to seg1[3]_reg_p_D_AOI21X0P5H7L_Y_A1_OAI21X0P5H7L_Y_A0_INVX0P5H7L_Y.
Rename cell $abc$1414$auto$blifparse.cc:397:parse_blif$1595 in top to seg1[0]_reg_p_D_OAI21X0P5H7L_Y_B0_OAI21X0P5H7L_Y_A1_NOR2X0P5H7L_Y.
Rename cell $abc$1414$auto$blifparse.cc:397:parse_blif$1594 in top to seg1[5]_reg_p_D_OAI2BB2X0P5H7L_Y_B0_AOI21X0P5H7L_Y_A0_INVX0P5H7L_Y.
Rename cell $abc$1414$auto$blifparse.cc:397:parse_blif$1593 in top to seg1[0]_reg_p_D_OAI21X0P5H7L_Y_B0_OAI21X0P5H7L_Y_A0_NOR2X0P5H7L_Y.
Rename cell $abc$1414$auto$blifparse.cc:397:parse_blif$1580 in top to seg0[6]_reg_p_D_OAI31X0P5H7L_Y_B0_OAI211X0P7H7L_Y_B0_NAND3X0P5H7L_Y.
Rename cell $abc$1414$auto$blifparse.cc:397:parse_blif$1574 in top to seg0[4]_reg_p_D_OAI21X0P5H7L_Y_A1_AOI21X0P5H7L_Y_B0_NOR2X0P5H7L_Y.
Rename cell $abc$1414$auto$blifparse.cc:397:parse_blif$1569 in top to seg0[3]_reg_p_D_OA31X1H7L_Y_A2_NOR2X0P5H7L_Y_B_NAND2X0P5H7L_Y.
Rename cell $abc$1414$auto$blifparse.cc:397:parse_blif$1561 in top to seg0[1]_reg_p_D_AOAI211X0P5H7L_Y_C0_OR2X0P5H7L_Y_A_NAND2X0P5H7L_Y.
Rename wire $abc$1414$new_n352 in top to npc_2__reg_p_D_INVX1P4H7L_Y_A_MUX2X8H7L_Y_B.
Rename wire $abc$1414$new_n351 in top to npc_2__reg_p_D_INVX1P4H7L_Y_A_MUX2X8H7L_Y_A.
Rename wire $abc$1414$new_n347 in top to imm_2__reg_p_D_AO21X1H7L_Y_A0_MUX2X8H7L_Y_B.
Rename wire $abc$1414$new_n346 in top to imm_2__reg_p_D_AO21X1H7L_Y_A0_MUX2X8H7L_Y_A.
Rename wire $abc$1414$new_n335 in top to grp0.rdata1_1__XNOR2X3H7L_B_Y_NAND4BX2H7L_C_Y.
Rename wire $abc$1414$new_n235 in top to grp0.rdata1_1__XNOR2X3H7L_B_Y_NAND4BX2H7L_C_B.
Rename wire $abc$1414$new_n246 in top to grp0.rdata1_7__OAI2BB1X1P4H7L_Y_B0.
Rename wire $abc$1414$new_n207 in top to grp0.gprs[0]_2__MUX4X3H7L_A_Y_OAI22X0P5H7L_A1_Y.
Rename wire $abc$1414$new_n198 in top to grp0.gprs[0]_2__NAND2X0P5H7L_A_Y_AOI21X0P5H7L_A0_Y.
Rename wire $abc$1414$new_n192 in top to grp0.gprs[1]_3__INVX0P5H7L_A_Y_OAI32X2H7L_A0_B1.
Rename wire $abc$1414$new_n190 in top to grp0.gprs[1]_3__INVX0P5H7L_A_Y_OAI32X2H7L_A0_A2.
Rename wire $abc$1414$new_n181 in top to grp0.gprs[0]_2__MUX4X3H7L_A_Y_INVX0P5H7L_A_Y.
Rename wire $abc$1414$new_n178 in top to grp0.gprs[0]_2__NAND2X0P5H7L_A_Y_NAND2X3H7L_A_B.
Rename wire $abc$1414$new_n172 in top to grp0.rdata1_1__AND2X1H7L_Y_A_AND3X1P4H7L_B_Y.
Rename wire $abc$1414$new_n171 in top to grp0.rdata1_1__AND2X1H7L_Y_A_AO21X1H7L_A0_Y.
Rename wire $abc$1414$new_n167 in top to grp0.rdata1_1__XNOR2X3H7L_B_Y_XOR2X0P5H7L_B_Y.
Rename wire $abc$1414$new_n154 in top to grp0.rdata1_0__XNOR2X0P7H7L_B_Y_NOR2X0P5H7L_B_Y.
Rename cell $abc$1414$auto$blifparse.cc:397:parse_blif$1694 in top to grp0.gprs[0]_4__reg_p_D_NOR2X0P5H7L_Y_B_NAND2BX0P5H7L_Y.
Rename cell $abc$1414$auto$blifparse.cc:397:parse_blif$1685 in top to grp0.gprs[1]_4__reg_p_D_NOR2X0P5H7L_Y_B_NAND2BX0P5H7L_Y.
Rename cell $abc$1414$auto$blifparse.cc:397:parse_blif$1676 in top to grp0.gprs[2]_4__reg_p_D_NOR2X0P5H7L_Y_B_NAND2BX0P5H7L_Y.
Rename cell $abc$1414$auto$blifparse.cc:397:parse_blif$1642 in top to npc_2__reg_p_D_INVX1P4H7L_Y_A_MUX2X8H7L_Y_B_NAND2X0P5H7L_Y.
Rename cell $abc$1414$auto$blifparse.cc:397:parse_blif$1641 in top to npc_2__reg_p_D_INVX1P4H7L_Y_A_MUX2X8H7L_Y_A_NAND2X0P5H7L_Y.
Rename cell $abc$1414$auto$blifparse.cc:397:parse_blif$1637 in top to imm_2__reg_p_D_AO21X1H7L_Y_A0_MUX2X8H7L_Y_B_OAI21X0P5H7L_Y.
Rename cell $abc$1414$auto$blifparse.cc:397:parse_blif$1636 in top to imm_2__reg_p_D_AO21X1H7L_Y_A0_MUX2X8H7L_Y_A_NAND2X0P5H7L_Y.
Rename cell $abc$1414$auto$blifparse.cc:397:parse_blif$1626 in top to grp0.rdata1_1__XNOR2X3H7L_B_Y_NAND4BX2H7L_C_Y_AOI2XB1X4H7L_A1N.
Rename cell $abc$1414$auto$blifparse.cc:397:parse_blif$1607 in top to seg1[6]_reg_p_D_OAI2BB2X0P5H7L_Y_B0_OR2X1P4H7L_Y.
Rename cell $abc$1414$auto$blifparse.cc:397:parse_blif$1573 in top to bcd0_3__NOR2BX1H7L_AN_Z_AOI21X0P5H7L_B0_Y_NAND2X0P5H7L_A.
Rename cell $abc$1414$auto$blifparse.cc:397:parse_blif$1563 in top to bcd0_3__NOR2BX1H7L_AN_Z_AOI21X0P5H7L_B0_Y_OR2X1P4H7L_A.
Rename cell $abc$1414$auto$blifparse.cc:397:parse_blif$1558 in top to seg0[1]_reg_p_D_AOAI211X0P5H7L_Y_A0_OR2X1P4H7L_Y.
Rename cell $abc$1414$auto$blifparse.cc:397:parse_blif$1541 in top to grp0.rdata1_7__XOR2X0P7H7L_A_Y_OA211X3H7L_C0.
Rename cell $abc$1414$auto$blifparse.cc:397:parse_blif$1540 in top to grp0.rdata1_7__XOR2X0P7H7L_A_Y_OAOI211X1H7L_C0.
Rename cell $abc$1414$auto$blifparse.cc:397:parse_blif$1534 in top to grp0.gprs[0]_6__MUX4X1P4H7L_A_Y_OAO211X0P5H7L_C0.
Rename cell $abc$1414$auto$blifparse.cc:397:parse_blif$1533 in top to grp0.gprs[0]_6__MUX4X1P4H7L_A_Y_OA211X1P4H7L_C0.
Rename cell $abc$1414$auto$blifparse.cc:397:parse_blif$1531 in top to grp0.rdata1_1__XNOR2X3H7L_B_Y_NAND4BX2H7L_C_B_XNOR2X0P5H7L_A.
Rename cell $abc$1414$auto$blifparse.cc:397:parse_blif$1528 in top to grp0.gprs[0]_5__MUX4X1P4H7L_A_Y_NOR2X0P5H7L_A.
Rename cell $abc$1414$auto$blifparse.cc:397:parse_blif$1526 in top to grp0.gprs[0]_5__MUX4X1P4H7L_A_Y_NAND2X0P5H7L_A.
Rename cell $abc$1414$auto$blifparse.cc:397:parse_blif$1525 in top to grp0.rdata1_1__XNOR2X3H7L_B_Y_NAND4BX2H7L_C_B_XNOR2X1H7L_Y.
Rename cell $abc$1414$auto$blifparse.cc:397:parse_blif$1517 in top to grp0.gprs[0]_5__MUX4X1P4H7L_A_Y_XNOR2X4H7L_A.
Rename cell $abc$1414$auto$blifparse.cc:397:parse_blif$1511 in top to grp0.gprs[0]_2__MUX4X3H7L_A_Y_OAI22X0P5H7L_A1_Y_OAOI211X1P4H7L_A1.
Rename cell $abc$1414$auto$blifparse.cc:397:parse_blif$1498 in top to grp0.gprs[0]_2__MUX4X3H7L_A_Y_OAI22X0P5H7L_A1_Y_OAI21X3H7L_A1.
Rename cell $abc$1414$auto$blifparse.cc:397:parse_blif$1496 in top to grp0.gprs[0]_3__NOR2BX1H7L_AN_Z_OR2X1P4H7L_A.
Rename cell $abc$1414$auto$blifparse.cc:397:parse_blif$1495 in top to grp0.rdata1_1__AND2X1H7L_Y_A_AO21X1H7L_A0_Y_AOI211X3H7L_A1.
Rename cell $abc$1414$auto$blifparse.cc:397:parse_blif$1494 in top to grp0.gprs[3]_4__reg_p_D_NOR2X0P5H7L_Y_A_OR2X1P4H7L_Y.
Rename cell $abc$1414$auto$blifparse.cc:397:parse_blif$1489 in top to grp0.gprs[0]_2__NAND2X0P5H7L_A_Y_AOI21X0P5H7L_A0_Y_AOI21X0P5H7L_B0.
Rename cell $abc$1414$auto$blifparse.cc:397:parse_blif$1486 in top to grp0.gprs[0]_3__NOR2BX1H7L_AN_Z_NOR3X0P5H7L_A.
Rename cell $abc$1414$auto$blifparse.cc:397:parse_blif$1485 in top to grp0.gprs[0]_3__NOR2BX1H7L_AN_Z_OAI21X2H7L_A0.
Rename cell $abc$1414$auto$blifparse.cc:397:parse_blif$1482 in top to grp0.gprs[1]_3__INVX0P5H7L_A_Y_OAI32X2H7L_A0_B1_OAI2BB1X0P5H7L_Y.
Rename cell $abc$1414$auto$blifparse.cc:397:parse_blif$1480 in top to grp0.gprs[1]_3__INVX0P5H7L_A_Y_OAI32X2H7L_A0_A2_NAND2BX1H7L_Y.
Rename cell $abc$1414$auto$blifparse.cc:397:parse_blif$1475 in top to grp0.gprs[2]_5__OAI22X4H7L_A0_B1_NAND2X0P5H7L_A.
Rename cell $abc$1414$auto$blifparse.cc:397:parse_blif$1474 in top to grp0.gprs[2]_5__OAI22X4H7L_A0_B1_INVX0P5H7L_Y.
Rename cell $abc$1414$auto$blifparse.cc:397:parse_blif$1472 in top to grp0.gprs[0]_2__MUX4X3H7L_A_Y_INVX0P5H7L_A_Y_XNOR2X0P7H7L_B.
Rename cell $abc$1414$auto$blifparse.cc:397:parse_blif$1467 in top to grp0.gprs[1]_6__AOI32X2H7L_A0_B1_AOI21BX4H7L_Y.
Rename cell $abc$1414$auto$blifparse.cc:397:parse_blif$1465 in top to grp0.gprs[1]_6__AOI32X2H7L_A0_A2_NOR2BX3H7L_Z.
Rename cell $abc$1414$auto$blifparse.cc:397:parse_blif$1463 in top to grp0.rdata1_1__AND2X1H7L_Y_A_AO21X1H7L_A0_Y_AO21X1H7L_A1.
Rename cell $abc$1414$auto$blifparse.cc:397:parse_blif$1458 in top to grp0.rdata1_1__XNOR2X3H7L_B_Y_XOR2X0P5H7L_B_Y_NOR2X0P5H7L_B.
Rename cell $abc$1414$auto$blifparse.cc:397:parse_blif$1445 in top to grp0.rdata1_0__XNOR2X0P7H7L_B_Y_NOR2X0P5H7L_B_Y_AOAI211X0P5H7L_B0.
Rename cell $abc$1414$auto$blifparse.cc:397:parse_blif$1438 in top to grp0.gprs[2]_0__OAI32X2H7L_A0_A2_NAND2BX3H7L_Y.
Rename cell $abc$1414$auto$blifparse.cc:397:parse_blif$1435 in top to grp0.gprs[0]_5__NOR2X3H7L_A_B_AOI2BB2X3H7L_Y.
Rename wire $abc$1414$new_n370 in top to inst_6__reg_p_D_NOR2X0P5H7L_Y_B_MUX2X0P5H7L_Y_A_OAI22X0P5H7L_Y_B0.
Rename wire $abc$1414$new_n363 in top to inst_6__reg_p_D_NOR2X0P5H7L_Y_B_MUX2X0P5H7L_Y_A_OAI22X0P5H7L_Y_A1.
Rename wire $abc$1414$new_n369 in top to grp0.waddr_1__reg_p_D_OAOI211X0P5H7L_Y_A1_OAI211X0P7H7L_Y_A1_NAND2X0P5H7L_B_Y.
Rename wire $abc$1414$new_n364 in top to grp0.waddr_0__reg_p_D_AOI211X0P5H7L_Y_B0_OAOI211X0P5H7L_Y_B0_OAI211X0P7H7L_Y_B0.
Rename wire $abc$1414$new_n362 in top to grp0.waddr_0__reg_p_D_AOI211X0P5H7L_Y_B0_OAOI211X0P5H7L_Y_B0_OAI211X0P7H7L_Y_A1.
Rename wire $abc$1414$new_n332 in top to grp0.raddr2_0__reg_p_D_AO21X1H7L_Y_A1_MUX2X0P5H7L_Y_B_XNOR2X0P5H7L_Y_B.
Rename wire $abc$1414$new_n308 in top to seg1[3]_reg_p_D_AOI21X0P5H7L_Y_A1_OAI21X0P5H7L_Y_A1.
Rename wire $abc$1414$new_n357 in top to imm_3__reg_p_D_AO221X4H7L_Y_B0_MUXI2X0P5H7L_Y_B.
Rename wire $abc$1414$new_n283 in top to seg0[4]_reg_p_D_OAI21X0P5H7L_Y_A1_AOI21X0P5H7L_Y_B0_NOR2X0P5H7L_Y_B.
Rename wire $abc$1414$new_n269 in top to seg0[5]_reg_p_D_AO21X1H7L_Y_B0_AOI21X0P5H7L_Y_A1.
Rename wire $abc$1414$new_n215 in top to grp0.gprs[0]_4__MUX4X1P4H7L_A_Y_AOI21X0P5H7L_B0_Y.
Rename wire $abc$1414$new_n214 in top to grp0.gprs[0]_4__MUX4X1P4H7L_A_Y_NAND3X0P5H7L_C_Y.
Rename wire $abc$1414$new_n193 in top to grp0.gprs[1]_3__INVX0P5H7L_A_Y_OAI32X2H7L_A0_Y.
Rename wire $abc$1414$new_n157 in top to grp0.rdata1_0__NOR2X3H7L_Y_A_NOR3BX3H7L_B_Y.
Rename cell $abc$1414$auto$blifparse.cc:397:parse_blif$1660 in top to inst_6__reg_p_D_NOR2X0P5H7L_Y_B_MUX2X0P5H7L_Y_A_OAI22X0P5H7L_Y_B0_AOI21X0P5H7L_Y.
Rename cell $abc$1414$auto$blifparse.cc:397:parse_blif$1654 in top to grp0.waddr_0__reg_p_D_AOI211X0P5H7L_Y_B0_OAOI211X0P5H7L_Y_B0_OAI211X0P7H7L_Y_B0_NAND2X0P5H7L_Y.
Rename cell $abc$1414$auto$blifparse.cc:397:parse_blif$1653 in top to inst_6__reg_p_D_NOR2X0P5H7L_Y_B_MUX2X0P5H7L_Y_A_OAI22X0P5H7L_Y_A1_NAND2X0P5H7L_Y.
Rename cell $abc$1414$auto$blifparse.cc:397:parse_blif$1652 in top to grp0.waddr_0__reg_p_D_AOI211X0P5H7L_Y_B0_OAOI211X0P5H7L_Y_B0_OAI211X0P7H7L_Y_A1_NOR2X0P5H7L_Y.
Rename cell $abc$1414$auto$blifparse.cc:397:parse_blif$1622 in top to grp0.raddr2_0__reg_p_D_AO21X1H7L_Y_A1_MUX2X0P5H7L_Y_B_XNOR2X0P5H7L_Y_B_NAND2X0P5H7L_Y.
Rename wire $abc$1414$new_n350 in top to npc_2__reg_p_D_INVX1P4H7L_Y_A_MUX2X8H7L_Y_A_NAND2X0P5H7L_Y_B.
Rename wire $abc$1414$new_n336 in top to grp0.rdata1_1__XNOR2X3H7L_B_Y_NAND4BX2H7L_C_Y_AOI2XB1X4H7L_A1N_Y.
Rename wire $abc$1414$new_n334 in top to grp0.rdata1_1__XNOR2X3H7L_B_Y_NAND4BX2H7L_C_Y_AOI2XB1X4H7L_A1N_A0.
Rename wire $abc$1414$new_n244 in top to grp0.rdata1_7__XOR2X0P7H7L_A_Y_OA211X3H7L_C0_B0.
Rename wire $abc$1414$new_n243 in top to grp0.rdata1_7__XOR2X0P7H7L_A_Y_OA211X3H7L_C0_A1.
Rename wire $abc$1414$new_n240 in top to grp0.rdata1_1__XNOR2X3H7L_B_Y_NAND4BX2H7L_C_B_XNOR2X0P5H7L_A_B.
Rename wire $abc$1414$new_n238 in top to grp0.gprs[0]_5__MUX4X1P4H7L_A_Y_NOR2X0P5H7L_A_Y.
Rename wire $abc$1414$new_n236 in top to grp0.gprs[0]_5__MUX4X1P4H7L_A_Y_NAND2X0P5H7L_A_Y.
Rename wire $abc$1414$new_n227 in top to grp0.gprs[0]_5__MUX4X1P4H7L_A_Y_XNOR2X4H7L_A_Y.
Rename wire $abc$1414$new_n221 in top to grp0.gprs[0]_2__MUX4X3H7L_A_Y_OAI22X0P5H7L_A1_Y_OAOI211X1P4H7L_A1_Y.
Rename wire $abc$1414$new_n220 in top to grp0.gprs[0]_2__MUX4X3H7L_A_Y_OAI22X0P5H7L_A1_Y_OAOI211X1P4H7L_A1_B0.
Rename wire $abc$1414$new_n205 in top to grp0.rdata1_1__AND2X1H7L_Y_A_AO21X1H7L_A0_Y_AOI211X3H7L_A1_Y.
Rename wire $abc$1414$new_n199 in top to grp0.gprs[0]_2__NAND2X0P5H7L_A_Y_AOI21X0P5H7L_A0_Y_AOI21X0P5H7L_B0_Y.
Rename wire $abc$1414$new_n196 in top to grp0.gprs[0]_3__NOR2BX1H7L_AN_Z_NOR3X0P5H7L_A_Y.
Rename wire $abc$1414$new_n195 in top to grp0.gprs[0]_3__NOR2BX1H7L_AN_Z_OAI21X2H7L_A0_Y.
Rename wire $abc$1414$new_n185 in top to grp0.gprs[2]_5__OAI22X4H7L_A0_B1_NAND2X0P5H7L_A_Y.
Rename wire $abc$1414$new_n173 in top to grp0.rdata1_1__AND2X1H7L_Y_A_AO21X1H7L_A0_Y_AO21X1H7L_A1_Y.
Rename wire $abc$1414$new_n168 in top to grp0.rdata1_1__XNOR2X3H7L_B_Y_XOR2X0P5H7L_B_Y_NOR2X0P5H7L_B_Y.
Rename cell $abc$1414$auto$blifparse.cc:397:parse_blif$1640 in top to npc_2__reg_p_D_INVX1P4H7L_Y_A_MUX2X8H7L_Y_A_NAND2X0P5H7L_Y_B_XNOR2X0P5H7L_Y.
Rename cell $abc$1414$auto$blifparse.cc:397:parse_blif$1627 in top to grp0.rdata1_1__XNOR2X3H7L_B_Y_NAND4BX2H7L_C_Y_AOI2XB1X4H7L_A1N_Y_BUFX16H7L_A.
Rename cell $abc$1414$auto$blifparse.cc:397:parse_blif$1624 in top to grp0.rdata1_1__XNOR2X3H7L_B_Y_NAND4BX2H7L_C_Y_AOI2XB1X4H7L_A1N_A0_NOR4BX4H7L_Y.
Rename cell $abc$1414$auto$blifparse.cc:397:parse_blif$1530 in top to grp0.rdata1_1__XNOR2X3H7L_B_Y_NAND4BX2H7L_C_B_XNOR2X0P5H7L_A_B_OAI21X0P5H7L_Y.
Rename cell $abc$1414$auto$blifparse.cc:397:parse_blif$1529 in top to grp0.gprs[0]_5__MUX4X1P4H7L_A_Y_NOR2X0P5H7L_A_Y_OAI21X0P5H7L_A1.
Rename cell $abc$1414$auto$blifparse.cc:397:parse_blif$1527 in top to grp0.gprs[0]_5__MUX4X1P4H7L_A_Y_NAND2X0P5H7L_A_Y_NAND2X0P5H7L_B.
Rename cell $abc$1414$auto$blifparse.cc:397:parse_blif$1518 in top to grp0.gprs[0]_2__MUX4X3H7L_A_Y_OAI22X0P5H7L_A1_Y_OAOI211X1P4H7L_A1_Y_XNOR2X0P5H7L_A.
Rename cell $abc$1414$auto$blifparse.cc:397:parse_blif$1510 in top to grp0.gprs[0]_2__MUX4X3H7L_A_Y_OAI22X0P5H7L_A1_Y_OAOI211X1P4H7L_A1_B0_AND2X1H7L_Y.
Rename cell $abc$1414$auto$blifparse.cc:397:parse_blif$1490 in top to grp0.gprs[0]_2__NAND2X0P5H7L_A_Y_AOI21X0P5H7L_A0_Y_AOI21X0P5H7L_B0_Y_XNOR2X0P5H7L_B.
Rename cell $abc$1414$auto$blifparse.cc:397:parse_blif$1487 in top to grp0.gprs[0]_3__NOR2BX1H7L_AN_Z_NOR3X0P5H7L_A_Y_NOR2BX1H7L_B.
Rename cell $abc$1414$auto$blifparse.cc:397:parse_blif$1476 in top to grp0.gprs[2]_5__OAI22X4H7L_A0_B1_NAND2X0P5H7L_A_Y_OAI211X1P4H7L_B0.
Rename cell $abc$1414$auto$blifparse.cc:397:parse_blif$1473 in top to grp0.rdata1_1__AND2X1H7L_Y_A_AO21X1H7L_A0_Y_AO21X1H7L_A1_Y_XOR2X0P5H7L_A.
Rename cell $abc$1414$auto$blifparse.cc:397:parse_blif$1459 in top to grp0.rdata1_1__XNOR2X3H7L_B_Y_XOR2X0P5H7L_B_Y_NOR2X0P5H7L_B_Y_AOAI211X0P5H7L_B0.
Rename wire $abc$1414$new_n239 in top to grp0.gprs[0]_6__MUX4X1P4H7L_A_Y_OA211X1P4H7L_C0_B0.
Rename wire $abc$1414$new_n237 in top to grp0.gprs[0]_6__MUX4X1P4H7L_A_Y_OA211X1P4H7L_C0_A1.
Rename wire $abc$1414$new_n130 in top to grp0.gprs[3]_4__reg_p_D_NOR2X0P5H7L_Y_A_OR2X1P4H7L_Y_B.
Rename cell $abc$1414$auto$blifparse.cc:397:parse_blif$1647 in top to imm_3__reg_p_D_AO221X4H7L_Y_B0_MUXI2X0P5H7L_Y_B_NAND2X0P5H7L_Y.
Rename cell $abc$1414$auto$blifparse.cc:397:parse_blif$1598 in top to seg1[3]_reg_p_D_AOI21X0P5H7L_Y_A1_OAI21X0P5H7L_Y_A1_NOR2BX1P4H7L_Z.
Rename cell $abc$1414$auto$blifparse.cc:397:parse_blif$1559 in top to seg0[5]_reg_p_D_AO21X1H7L_Y_B0_AOI21X0P5H7L_Y_A1_NAND2X0P5H7L_Y.
Rename cell $abc$1414$auto$blifparse.cc:397:parse_blif$1509 in top to grp0.gprs[3]_4__reg_p_D_NOR2X0P5H7L_Y_A_OR2X1P4H7L_Y_B_NOR2X0P5H7L_B.
Rename cell $abc$1414$auto$blifparse.cc:397:parse_blif$1506 in top to grp0.gprs[0]_4__MUX4X1P4H7L_A_Y_NAND3X0P5H7L_C_Y_NOR2BX0P5H7L_AN.
Rename cell $abc$1414$auto$blifparse.cc:397:parse_blif$1421 in top to grp0.gprs[3]_4__reg_p_D_NOR2X0P5H7L_Y_A_OR2X1P4H7L_Y_B_OR3X1H7L_C.
Rename wire $abc$1414$new_n216 in top to grp0.rdata1_1__XNOR2X3H7L_B_Y_NAND4BX2H7L_C_Y_AOI2XB1X4H7L_A1N_A0_NOR4BX4H7L_Y_D.
Rename wire $abc$1414$new_n228 in top to grp0.gprs[0]_2__MUX4X3H7L_A_Y_OAI22X0P5H7L_A1_Y_OAOI211X1P4H7L_A1_Y_XNOR2X0P5H7L_A_Y.
Rename wire $abc$1414$new_n200 in top to grp0.gprs[0]_2__NAND2X0P5H7L_A_Y_AOI21X0P5H7L_A0_Y_AOI21X0P5H7L_B0_Y_XNOR2X0P5H7L_B_Y.
Rename wire $abc$1414$new_n197 in top to grp0.gprs[0]_3__NOR2BX1H7L_AN_Z_NOR3X0P5H7L_A_Y_NOR2BX1H7L_B_Z.
Rename wire $abc$1414$new_n183 in top to grp0.gprs[2]_5__OAI22X4H7L_A0_B1_NAND2X0P5H7L_A_Y_OAI211X1P4H7L_B0_A1.
Rename wire $abc$1414$new_n182 in top to grp0.gprs[0]_2__MUX4X3H7L_A_Y_INVX0P5H7L_A_Y_XNOR2X0P7H7L_B_Y.
Rename cell $abc$1414$auto$blifparse.cc:397:parse_blif$1519 in top to grp0.gprs[0]_2__MUX4X3H7L_A_Y_OAI22X0P5H7L_A1_Y_OAOI211X1P4H7L_A1_Y_XNOR2X0P5H7L_A_Y_NAND2X1P4H7L_B.
Rename cell $abc$1414$auto$blifparse.cc:397:parse_blif$1507 in top to grp0.rdata1_1__XNOR2X3H7L_B_Y_NAND4BX2H7L_C_Y_AOI2XB1X4H7L_A1N_A0_NOR4BX4H7L_Y_D_XNOR2X0P5H7L_B.
Rename cell $abc$1414$auto$blifparse.cc:397:parse_blif$1492 in top to grp0.gprs[0]_2__NAND2X0P5H7L_A_Y_AOI21X0P5H7L_A0_Y_AOI21X0P5H7L_B0_Y_XNOR2X0P5H7L_B_Y_OAI211X1P4H7L_A1.
Rename cell $abc$1414$auto$blifparse.cc:397:parse_blif$1420 in top to grp0.gprs[3]_4__reg_p_D_NOR2X0P5H7L_Y_A_OR2X1P4H7L_Y_B_NAND2BX0P5H7L_Y.
Rename wire $abc$1414$new_n201 in top to grp0.gprs[0]_2__NAND2X0P5H7L_A_Y_AOI21X0P5H7L_A0_Y_AOI21X0P5H7L_B0_Y_XNOR2X0P5H7L_B_Y_OAI211X1P4H7L_A1_B0.
Rename cell $abc$1414$auto$blifparse.cc:397:parse_blif$1491 in top to grp0.gprs[0]_2__NAND2X0P5H7L_A_Y_AOI21X0P5H7L_A0_Y_AOI21X0P5H7L_B0_Y_XNOR2X0P5H7L_B_Y_OAI211X1P4H7L_A1_B0_NAND2BX0P5H7L_Y.
Rename cell $abc$1414$auto$blifparse.cc:397:parse_blif$1635 in top to npc_0__NAND2X0P5H7L_A.
Rename cell $abc$1414$auto$blifparse.cc:397:parse_blif$1632 in top to grp0.waddr_1__NAND2X0P5H7L_B.
Rename cell $abc$1414$auto$blifparse.cc:397:parse_blif$1630 in top to npc_3__XNOR2X0P5H7L_A.
Rename cell $abc$1414$auto$blifparse.cc:397:parse_blif$1629 in top to npc_0__NAND3X0P5H7L_A.
Rename cell $abc$1414$auto$blifparse.cc:397:parse_blif$1427 in top to grp0.waddr_1__NAND3BX0P5H7L_B.
Rename cell $abc$1414$auto$blifparse.cc:397:parse_blif$1425 in top to grp0.waddr_1__NAND3BX0P5H7L_AN.
Rename cell $abc$1414$auto$blifparse.cc:397:parse_blif$1417 in top to grp0.waddr_1__NAND2X0P5H7L_B_1.
Rename wire $auto$clockgate.cc:375:execute$1335 in top to grp0.gprs[3]_0__reg_p_CK.
Rename wire $auto$clockgate.cc:375:execute$1341 in top to grp0.gprs[2]_0__reg_p_CK.
Rename wire $auto$clockgate.cc:375:execute$1339 in top to grp0.gprs[1]_0__reg_p_CK.
Rename wire $auto$hilomap.cc:39:hilomap_worker$1704 in top to grp0.gprs[0]_2__$print_ARGS_EN.
Rename wire $auto$clockgate.cc:375:execute$1337 in top to grp0.gprs[0]_0__reg_p_CK.
Rename wire $auto$clockgate.cc:375:execute$1331 in top to bcd0_0__reg_p_CK.
Rename wire $abc$1414$new_n135 in top to grp0.gprs[1]_0__reg_p_D_NOR2X0P5H7L_Y_A.
Rename wire $abc$1414$new_n133 in top to inst_6__reg_p_D_NOR2X0P5H7L_Y_A.
Rename wire $abc$1414$new_n137 in top to grp0.gprs[2]_0__reg_p_D_NOR2X0P5H7L_Y_A.
Rename wire $abc$1414$new_n345 in top to imm_2__reg_p_D_AO21X1H7L_Y_A0_MUX2X8H7L_Y_A_NAND2X0P5H7L_Y_B.
Rename wire $abc$1414$new_n309 in top to seg1[2]_reg_p_D_AO22X0P7H7L_Y_B0_NAND2X0P5H7L_Y_B.
Rename wire $abc$1414$auto$rtlil.cc:3568:MuxGate$1413 in top to npc_3__reg_p_D.
Rename wire $abc$1414$new_n296 in top to seg1[0]_reg_p_D_OAI21X0P5H7L_Y_A0.
Rename wire $abc$1414$new_n302 in top to seg1[1]_reg_p_D_OAI2BB2X0P5H7L_Y_B1.
Rename wire $abc$1414$new_n262 in top to seg0[2]_reg_p_D_AO21X1H7L_Y_B0.
Rename wire $abc$1414$new_n295 in top to bcd1_2__MUX2X0P5H7L_A_Y.
Rename wire $abc$1414$new_n273 in top to seg0[6]_reg_p_D_OAI31X0P5H7L_Y_A2.
Rename wire $abc$1414$new_n259 in top to seg0[1]_reg_p_D_AOAI211X0P5H7L_Y_B0.
Rename wire $abc$1414$new_n251 in top to grp0.gprs[3]_7__reg_p_D_NOR3X0P5H7L_Y_C.
Rename wire $abc$1414$new_n250 in top to grp0.gprs[3]_7__reg_p_D_NOR3X0P5H7L_Y_B.
Rename wire $abc$1414$new_n241 in top to grp0.gprs[3]_6__reg_p_D_NOR2X0P5H7L_Y_B.
Rename wire $abc$1414$new_n131 in top to grp0.gprs[0]_0__reg_p_D_NOR2X0P5H7L_Y_A.
Rename wire $abc$1414$new_n126 in top to grp0.waddr_0__BUFX1P4H7L_A_Y.
Rename wire $abc$1414$new_n261 in top to bcd0_0__NOR2BX1H7L_AN_Z_AOI21X0P5H7L_B0_Y.
Rename wire $abc$1414$new_n229 in top to grp0.gprs[3]_5__reg_p_D_INVX0P5H7L_Y_A.
Rename wire $abc$1414$new_n219 in top to grp0.gprs[2]_4__reg_p_D_NOR2X0P5H7L_Y_B_NAND2BX0P5H7L_Y_B.
Rename wire $abc$1414$new_n217 in top to grp0.gprs[3]_4__reg_p_D_NOR2X0P5H7L_Y_B.
Rename wire $abc$1414$new_n208 in top to grp0.gprs[0]_6__MUX4X1P4H7L_A_Y_OA211X1P4H7L_C0_A0.
Rename wire $abc$1414$new_n186 in top to grp0.gprs[3]_2__reg_p_D_INVX0P5H7L_Y_A.
Rename wire $abc$1414$new_n163 in top to grp0.gprs[1]_6__AOI32X2H7L_A0_A1.
Rename wire $abc$1414$new_n159 in top to grp0.gprs[0]_2__NAND2X0P5H7L_A_B.
Rename wire $abc$1414$new_n169 in top to grp0.gprs[3]_1__reg_p_D_INVX0P5H7L_Y_A.
Rename wire $abc$1414$new_n155 in top to grp0.gprs[3]_0__reg_p_D_INVX0P5H7L_Y_A.
Rename wire $abc$1414$new_n141 in top to grp0.raddr2_1__BUFX3H7L_A_Y.
Rename wire $abc$1414$new_n202 in top to grp0.gprs[3]_3__reg_p_D_INVX0P5H7L_Y_A.
Rename wire $abc$1414$new_n134 in top to grp0.rdata1_0__XNOR2X0P7H7L_B_Y_NOR2X0P5H7L_B_Y_AOAI211X0P5H7L_B0_C0.
Rename wire $abc$1414$new_n139 in top to grp0.raddr2_0__BUFX10H7L_A_Y.
Rename wire $abc$1414$new_n342 in top to grp0.waddr_1__NAND2X0P5H7L_B_Y.
Rename wire $abc$1414$new_n340 in top to npc_3__XNOR2X0P5H7L_A_Y.
Rename wire $abc$1414$new_n339 in top to npc_0__NAND3X0P5H7L_A_Y.
Rename wire $abc$1414$new_n127 in top to grp0.waddr_1__NAND2X0P5H7L_B_1_Y.
Rename cell $abc$1414$auto$blifparse.cc:397:parse_blif$1633 in top to grp0.waddr_1__NAND2X0P5H7L_B_Y_MUXI2X3H7L_B.
Rename cell $abc$1414$auto$blifparse.cc:397:parse_blif$1631 in top to npc_3__XNOR2X0P5H7L_A_Y_NAND2X0P5H7L_B.
Rename cell $abc$1414$auto$blifparse.cc:397:parse_blif$1419 in top to grp0.waddr_1__NAND2X0P5H7L_B_1_Y_OAI21X0P5H7L_A1.
Rename wire $abc$1414$new_n341 in top to npc_3__XNOR2X0P5H7L_A_Y_NAND2X0P5H7L_B_Y.
Rename wire $abc$1045$memory\grp0.gprs$wren[3][1][0]$y$337 in top to grp0.waddr_1__NAND2X0P5H7L_B_1_Y_OAI21X0P5H7L_A1_Y.
Rename cell $auto$clockgate.cc:372:execute$1334 in top to grp0.waddr_1__NAND2X0P5H7L_B_1_Y_OAI21X0P5H7L_A1_Y_ICGX0P5H7L_E.
Rename cell $auto$hilomap.cc:40:hilomap_worker$1705 in top to grp0.gprs[0]_2__$print_ARGS_EN_TIEHIH7L_Z.
Rename cell $auto$clockgate.cc:372:execute$1340 in top to grp0.gprs[2]_0__reg_p_CK_ICGX0P5H7L_ECK.
Rename cell $auto$clockgate.cc:372:execute$1338 in top to grp0.gprs[1]_0__reg_p_CK_ICGX0P5H7L_ECK.
Rename cell $auto$clockgate.cc:372:execute$1336 in top to grp0.gprs[0]_0__reg_p_CK_ICGX0P5H7L_ECK.
Rename cell $auto$clockgate.cc:372:execute$1330 in top to bcd0_0__reg_p_CK_ICGX0P5H7L_ECK.
Rename cell $abc$1414$auto$blifparse.cc:397:parse_blif$1599 in top to seg1[2]_reg_p_D_AO22X0P7H7L_Y_B0_NAND2X0P5H7L_Y_B_NAND2BX0P5H7L_Y.
Rename cell $abc$1414$auto$blifparse.cc:397:parse_blif$1592 in top to seg1[1]_reg_p_D_OAI2BB2X0P5H7L_Y_B1_NAND2BX0P5H7L_Y.
Rename cell $abc$1414$auto$blifparse.cc:397:parse_blif$1586 in top to seg1[0]_reg_p_D_OAI21X0P5H7L_Y_A0_NAND2X0P5H7L_Y.
Rename cell $abc$1414$auto$blifparse.cc:397:parse_blif$1552 in top to seg0[2]_reg_p_D_AO21X1H7L_Y_B0_NOR2X0P5H7L_Y.
Rename cell $abc$1414$auto$blifparse.cc:397:parse_blif$1453 in top to grp0.gprs[1]_6__AOI32X2H7L_A0_A1_NAND2X6H7L_Y.
Rename cell $abc$1414$auto$blifparse.cc:397:parse_blif$1449 in top to grp0.gprs[0]_2__NAND2X0P5H7L_A_B_OAI2BB2X2H7L_Y.
Rename cell $abc$1414$auto$blifparse.cc:397:parse_blif$1428 in top to grp0.gprs[2]_0__reg_p_D_NOR2X0P5H7L_Y_A_NAND2X0P5H7L_B.
Rename cell $abc$1414$auto$blifparse.cc:397:parse_blif$1426 in top to grp0.gprs[1]_0__reg_p_D_NOR2X0P5H7L_Y_A_NAND2X0P5H7L_B.
Rename cell $abc$1414$auto$blifparse.cc:397:parse_blif$1424 in top to grp0.rdata1_0__XNOR2X0P7H7L_B_Y_NOR2X0P5H7L_B_Y_AOAI211X0P5H7L_B0_C0_NOR2X0P5H7L_Y.
Rename cell $abc$1414$auto$blifparse.cc:397:parse_blif$1423 in top to inst_6__reg_p_D_NOR2X0P5H7L_Y_A_INVX0P5H7L_Y.
Rename cell $abc$1414$auto$blifparse.cc:397:parse_blif$1422 in top to grp0.gprs[0]_0__reg_p_D_NOR2X0P5H7L_Y_A_NAND2X0P5H7L_B.
Rename wire $abc$1414$new_n294 in top to seg1[2]_reg_p_D_AO22X0P7H7L_Y_A0.
Rename wire $abc$1045$auto$opt_dff.cc:247:make_patterns_logic$393 in top to grp0.gprs[2]_0__reg_p_CK_ICGX0P5H7L_ECK_E.
Rename wire $abc$1045$auto$opt_dff.cc:247:make_patterns_logic$396 in top to grp0.gprs[1]_0__reg_p_CK_ICGX0P5H7L_ECK_E.
Rename wire $abc$1045$auto$opt_dff.cc:247:make_patterns_logic$399 in top to grp0.gprs[0]_0__reg_p_CK_ICGX0P5H7L_ECK_E.
Rename wire $abc$1414$new_n337 in top to npc_0__reg_p_D_AOI211X0P5H7L_Y_A1.
Rename wire $abc$1414$new_n298 in top to seg1[2]_reg_p_D_AO22X0P7H7L_Y_B1.
Rename wire $abc$1414$new_n300 in top to bcd1_0__MUX2X1P4H7L_A_Y.
Rename wire $abc$1414$new_n256 in top to seg0[2]_reg_p_D_AO21X1H7L_Y_A0.
Rename wire $abc$1414$new_n257 in top to bcd0_2__MUX2X1P4H7L_A_Y.
Rename wire $abc$1414$auto$rtlil.cc:3559:NotGate$1333 in top to bcd0_1__NOR2BX1H7L_AN_B.
Rename wire $abc$1414$new_n144 in top to imm_3__BUFX16H7L_A_Y.
Rename wire $abc$1414$new_n143 in top to imm_2__BUFX7H7L_A_Y.
Rename wire $abc$1414$new_n140 in top to inst_7__BUFX7H7L_A_Y.
Rename wire $abc$1414$new_n125 in top to inst_6__BUFX5H7L_A_Y.
Rename wire $abc$1414$new_n128 in top to rst_BUFX3H7L_A_Y.
Rename cell $abc$1414$auto$blifparse.cc:397:parse_blif$1544 in top to bcd0_1__NOR2BX1H7L_AN_B_BUFX3H7L_Y.
Rename cell $abc$1414$auto$blifparse.cc:397:parse_blif$1543 in top to inst_6__BUFX5H7L_A_Y_NOR2BX1P4H7L_AN.
Rename wire $abc$1414$new_n253 in top to bcd0_1__NOR2BX1H7L_AN_B_BUFX3H7L_Y_A.
Renamed 582 objects in module top (25 iterations).

25. Executing Verilog backend.
Dumping module `\top'.

26. Executing SPLITNETS pass (splitting up multi-bit signals).

27. Executing OPT_CLEAN pass (remove unused cells and wires).
Finding unused cells or wires in module \top..

28. Executing Liberty frontend: /home/d5/software/yosys-sta/scripts/../pdk/icsprout55/IP/STD_cell/ics55_LLSC_H7C_V1p10C100/ics55_LLSC_H7CL/liberty/ics55_LLSC_H7CL_typ_tt_1p2_25_nldm.lib
Imported 747 cell types from liberty file.

29. Executing CHECK pass (checking for obvious problems).
Checking module top...
Warning: Cell top.grp0.gprs[0]_2__$print_ARGS is an unmapped internal cell of type $print.
Warning: Cell top.grp0.gprs[1]_2__$print_ARGS is an unmapped internal cell of type $print.
Warning: Cell top.grp0.gprs[2]_2__$print_ARGS is an unmapped internal cell of type $print.
Warning: Cell top.grp0.gprs[3]_2__$print_ARGS is an unmapped internal cell of type $print.
Found and reported 4 problems.

30. Printing statistics.

=== top ===

        +----------Local Count, excluding submodules.
        |        +-Local Area, excluding submodules.
        |        | 
      363        - wires
      363        - wire bits
      363        - public wires
      363        - public wire bits
       16        - ports
       16        - port bits
      365   1016.4 cells
        4        -   $print
        4     6.72   AND2X1H7L
        1     1.96   AND3X1P4H7L
        1     2.52   AO211X1P4H7L
        7    15.68   AO21X1H7L
        1     3.92   AO221X4H7L
        1     2.52   AO22X0P7H7L
        5      9.8   AOAI211X0P5H7L
        1     1.96   AOAI211X0P7H7L
        1     1.96   AOAI211X1P4H7L
        2     3.92   AOI211X0P5H7L
        1     3.36   AOI211X3H7L
        1     3.08   AOI21BX4H7L
       13     18.2   AOI21X0P5H7L
        1      1.4   AOI21X0P7H7L
        2      2.8   AOI21X1P4H7L
        1     4.48   AOI21X6H7L
        1     3.64   AOI2BB2X3H7L
        1      4.2   AOI2XB1X4H7L
        2     4.48   AOI32X1P4H7L
        1      2.8   AOI32X2H7L
        1     3.64   BUFX10H7L
        2    10.08   BUFX16H7L
        1     1.12   BUFX1P4H7L
        3      4.2   BUFX3H7L
        1     1.96   BUFX5H7L
        2     5.04   BUFX7H7L
       66   406.56   DFFQX1H7L
        5     30.8   ICGX0P5H7L
       11     9.24   INVX0P5H7L
        1     0.84   INVX1P4H7L
        5       14   MUX2X0P5H7L
        1      2.8   MUX2X1H7L
        2      5.6   MUX2X1P4H7L
        1     3.64   MUX2X2H7L
        3    23.52   MUX2X8H7L
        7    45.08   MUX4X1P4H7L
        1        7   MUX4X3H7L
        4    12.32   MUXI2X0P5H7L
        1     3.08   MUXI2X1P4H7L
        1     4.48   MUXI2X3H7L
       15       21   NAND2BX0P5H7L
        1      1.4   NAND2BX0P7H7L
        1      1.4   NAND2BX1H7L
        1     2.24   NAND2BX3H7L
       29    32.48   NAND2X0P5H7L
        1     1.12   NAND2X1P4H7L
        1     1.96   NAND2X3H7L
        1     3.08   NAND2X6H7L
        2     3.92   NAND3BX0P5H7L
        7      9.8   NAND3X0P5H7L
        1     2.52   NAND4BX2H7L
        1     1.68   NOR2BX0P5H7L
        8     11.2   NOR2BX1H7L
        3      4.2   NOR2BX1P4H7L
        1     2.52   NOR2BX3H7L
       35     39.2   NOR2X0P5H7L
        1     1.12   NOR2X0P7H7L
        2     3.92   NOR2X3H7L
        1     1.96   NOR3BX0P5H7L
        1     1.96   NOR3BX1P4H7L
        1     3.36   NOR3BX3H7L
        5        7   NOR3X0P5H7L
        1     5.04   NOR4BX4H7L
        1     2.52   OA211X1P4H7L
        1      2.8   OA211X3H7L
        1     2.24   OA31X1H7L
        3     5.04   OAI211X0P7H7L
        2     3.36   OAI211X1P4H7L
       13     18.2   OAI21X0P5H7L
        1     2.24   OAI21X2H7L
        1      2.8   OAI21X3H7L
        2     3.92   OAI22X0P5H7L
        1      4.2   OAI22X4H7L
        4     7.84   OAI2BB1X0P5H7L
        1     1.96   OAI2BB1X1P4H7L
        1      2.8   OAI2BB1X3H7L
        3     7.56   OAI2BB2X0P5H7L
        1      2.8   OAI2BB2X2H7L
        1     1.96   OAI31X0P5H7L
        2      5.6   OAI32X2H7L
        1      2.8   OAO211X0P5H7L
        3     6.72   OAOI211X0P5H7L
        1     2.24   OAOI211X1H7L
        1     2.24   OAOI211X1P4H7L
        3      4.2   OR2X0P5H7L
        7      9.8   OR2X1P4H7L
        1     1.96   OR3X1H7L
        1     1.12   TIEHIH7L
        8     22.4   XNOR2X0P5H7L
        2      5.6   XNOR2X0P7H7L
        1      2.8   XNOR2X1H7L
        1     3.36   XNOR2X3H7L
        1     3.64   XNOR2X4H7L
        3      8.4   XOR2X0P5H7L
        1      2.8   XOR2X0P7H7L

   Area for cell type $print is unknown!

   Chip area for module '\top': 1016.400000
     of which used for sequential elements: 406.560000 (40.00%)

31. Executing Verilog backend.
Dumping module `\top'.

Warnings: 4 unique messages, 4 total
End of script. Logfile hash: 958f22cdb7, CPU: user 1.26s system 0.35s, MEM: 211.00 MB peak
Yosys 0.60+59 (git sha1 31f355c59, clang++ 18.1.8 -fPIC -O3)
Time spent: 38% 2x abc (1 sec), 16% 1x clockgate (0 sec), ...
